学校,ICPC网络赛1,CCPC南昌邀请赛,ICPC网络赛2,CCPC网络赛,ICPC西安,CCPC高职赛,CCPC女生赛,ICPC成都,ICPC武汉,CCPC哈尔滨,ICPC南京,CCPC济南,ICPC沈阳,CCPC郑州,ICPC上海,CCPC重庆,ICPC香港,ICPC ECFinal,ICPC深圳邀请赛,CCPC总决赛,ICPC西安邀请赛
北京大学,1684.0,1684.0,1892.0,2055.0,2122.0,2122.0,2125.0,2181.0,2303.0,2408.0,2444.0,2536.0,2612.0,2686.0,2751.0,2817.0,2873.0,2782.0,2782.0,2851.0,2851
清华大学,1617.0,1617.0,1810.0,1958.0,2072.0,2072.0,2101.0,2229.0,2295.0,2282.0,2399.0,2370.0,2370.0,2436.0,2436.0,2338.0,2255.0,2432.0,2539.0,2594.0,2594
浙江大学,1650.0,1650.0,1773.0,1911.0,1957.0,1957.0,1957.0,2003.0,2055.0,2095.0,2079.0,2145.0,2256.0,2256.0,2304.0,2368.0,2368.0,2387.0,2449.0,2493.0,2493
中山大学,1578.0,1578.0,1739.0,1872.0,1972.0,1972.0,1980.0,1997.0,2099.0,2076.0,2086.0,2086.0,2041.0,2128.0,2195.0,2266.0,2197.0,2237.0,2237.0,2313.0,2313
复旦大学,1631.0,1631.0,1800.0,1800.0,1871.0,1871.0,1871.0,1980.0,2031.0,1999.0,2115.0,2186.0,2166.0,2208.0,2316.0,2316.0,2402.0,2429.0,2274.0,2271.0,2271
武汉大学,1538.0,1626.0,1730.0,1776.0,1780.0,1780.0,1779.0,1862.0,1862.0,1812.0,1929.0,1941.0,2081.0,2033.0,2074.0,2077.0,1998.0,2014.0,1962.0,2082.0,2223
东北大学,1528.0,1528.0,1696.0,1744.0,1704.0,1704.0,1693.0,1823.0,1879.0,1802.0,1801.0,1721.0,1721.0,1938.0,1919.0,2035.0,2035.0,2079.0,2079.0,2090.0,2185
哈尔滨工业大学,1598.0,1598.0,1730.0,1812.0,1812.0,1812.0,1953.0,1906.0,2017.0,2017.0,1989.0,2112.0,2174.0,2158.0,2008.0,2043.0,2144.0,2180.0,2076.0,2178.0,2178
南京大学,1560.0,1560.0,1737.0,1809.0,1859.0,1859.0,1859.0,1895.0,1918.0,1920.0,1935.0,1973.0,2030.0,2074.0,2134.0,2033.0,2036.0,2050.0,2173.0,2170.0,2170
上海交通大学,1524.0,1524.0,1663.0,1752.0,1960.0,1960.0,1960.0,2083.0,2100.0,2149.0,2127.0,2130.0,2159.0,2176.0,2264.0,2193.0,2275.0,2388.0,2339.0,2251.0,2149
杭州电子科技大学,1573.0,1573.0,1633.0,1786.0,1898.0,1898.0,1940.0,1885.0,1917.0,2029.0,1989.0,1945.0,1921.0,1908.0,1912.0,2108.0,2109.0,2069.0,2069.0,2128.0,2128
中国科学技术大学,1564.0,1564.0,1682.0,1798.0,1897.0,1897.0,1797.0,1904.0,1918.0,1987.0,2075.0,1996.0,2078.0,2170.0,2169.0,2143.0,2143.0,2187.0,2182.0,2123.0,2123
电子科技大学,1607.0,1607.0,1607.0,1686.0,1709.0,1709.0,1709.0,1709.0,1823.0,1823.0,1928.0,2095.0,2086.0,2011.0,2047.0,2016.0,1993.0,2062.0,2026.0,2074.0,2096
西安交通大学,1552.0,1552.0,1630.0,1686.0,1683.0,1683.0,1683.0,1729.0,1794.0,1866.0,1873.0,1838.0,1990.0,1949.0,1968.0,1932.0,1995.0,2015.0,2073.0,2061.0,2078
香港科技大学广州,1584.0,1584.0,1651.0,1675.0,1648.0,1648.0,1579.0,1551.0,1564.0,1719.0,1840.0,1883.0,1894.0,1933.0,1935.0,2017.0,2049.0,1981.0,2084.0,2076.0,2076
香港中文大学,,,1535.0,1535.0,1535.0,1535.0,1535.0,1673.0,1829.0,1829.0,1741.0,1741.0,1871.0,1871.0,1971.0,1971.0,1942.0,2062.0,2062.0,2062.0,2062
中国人民大学,1520.0,1520.0,1619.0,1715.0,1749.0,1749.0,1749.0,1792.0,1876.0,1789.0,1867.0,1907.0,1976.0,2022.0,1893.0,1869.0,1897.0,1957.0,1957.0,2057.0,2057
北京航空航天大学,1535.0,1535.0,1646.0,1737.0,1790.0,1790.0,1790.0,1876.0,1870.0,2014.0,1966.0,1938.0,1963.0,2019.0,2034.0,1964.0,1997.0,1977.0,1977.0,2021.0,2029
北京交通大学,1506.0,1506.0,1565.0,1731.0,1749.0,1749.0,1749.0,1712.0,1745.0,1952.0,1879.0,1979.0,1996.0,2064.0,1946.0,1946.0,1946.0,1894.0,1894.0,2023.0,2023
厦门大学,1511.0,1511.0,1605.0,1652.0,1702.0,1702.0,1631.0,1705.0,1713.0,1740.0,1795.0,1729.0,1705.0,1808.0,1704.0,1814.0,1814.0,1804.0,1804.0,1835.0,1976
香港中文大学（深圳）,1568.0,1568.0,1638.0,1696.0,1621.0,1621.0,1861.0,1861.0,1836.0,1751.0,1831.0,1893.0,1832.0,1723.0,1654.0,1627.0,1840.0,1927.0,1927.0,1975.0,1975
北京理工大学,1493.0,1493.0,1591.0,1660.0,1785.0,1785.0,1729.0,1755.0,1755.0,1722.0,1795.0,1795.0,1820.0,1771.0,1835.0,1988.0,1988.0,2028.0,1959.0,1958.0,1958
华中科技大学,1503.0,1503.0,1586.0,1676.0,1757.0,1757.0,1693.0,1772.0,1847.0,1851.0,1895.0,1955.0,1957.0,2002.0,2018.0,1981.0,1839.0,1856.0,1863.0,1952.0,1954
西北工业大学,1533.0,1533.0,1626.0,1644.0,1592.0,1592.0,1592.0,1688.0,1730.0,1671.0,1763.0,1709.0,1824.0,1789.0,1906.0,1963.0,1864.0,1829.0,1836.0,1905.0,1950
同济大学,1486.0,1486.0,1616.0,1707.0,1671.0,1671.0,1830.0,1780.0,1857.0,1872.0,1849.0,1803.0,1931.0,1906.0,1868.0,1977.0,1960.0,1901.0,1913.0,1947.0,1939
广东工业大学,1543.0,1569.0,1704.0,1789.0,1754.0,1754.0,1747.0,1879.0,1857.0,1766.0,1906.0,1907.0,1800.0,1791.0,1797.0,1937.0,1815.0,1915.0,2052.0,1966.0,1925
南方科技大学,1590.0,1590.0,1674.0,1776.0,1798.0,1798.0,1798.0,1860.0,1736.0,1750.0,1750.0,1864.0,1815.0,1808.0,1873.0,1916.0,1992.0,1998.0,1998.0,1917.0,1917
福州大学,1510.0,1510.0,1635.0,1647.0,1591.0,1591.0,1633.0,1675.0,1747.0,1752.0,1922.0,1955.0,1919.0,1796.0,1827.0,1879.0,1852.0,1863.0,1971.0,1908.0,1908
兰州大学,1462.0,1462.0,1520.0,1565.0,1537.0,1537.0,1459.0,1488.0,1536.0,1536.0,1562.0,1562.0,1713.0,1735.0,1626.0,1682.0,1682.0,1720.0,1807.0,1751.0,1884
北京邮电大学,1502.0,1502.0,1589.0,1640.0,1728.0,1728.0,1728.0,1740.0,1723.0,1841.0,1874.0,1959.0,1938.0,1923.0,1978.0,1896.0,1908.0,1912.0,1925.0,1879.0,1869
吉林大学,1540.0,1540.0,1679.0,1790.0,1810.0,1810.0,1868.0,1808.0,1934.0,1861.0,1824.0,1868.0,1847.0,1967.0,1963.0,1942.0,2019.0,2074.0,1990.0,1880.0,1863
北京师范大学,1443.0,1443.0,1569.0,1666.0,1656.0,1656.0,1662.0,1581.0,1533.0,1466.0,1654.0,1737.0,1679.0,1646.0,1843.0,1827.0,1827.0,1842.0,1842.0,1848.0,1848
香港大学,1352.0,1352.0,1535.0,1535.0,1535.0,1535.0,1535.0,1535.0,1535.0,1535.0,1581.0,1581.0,1581.0,1581.0,1584.0,1584.0,1785.0,1841.0,1841.0,1841.0,1841
南京邮电大学,1471.0,1471.0,1540.0,1597.0,1655.0,1655.0,1586.0,1658.0,1624.0,1610.0,1612.0,1653.0,1639.0,1659.0,1598.0,1519.0,1619.0,1670.0,1739.0,1743.0,1840
南京航空航天大学,1516.0,1516.0,1621.0,1657.0,1683.0,1683.0,1683.0,1754.0,1657.0,1613.0,1613.0,1646.0,1542.0,1674.0,1717.0,1673.0,1753.0,1740.0,1812.0,1809.0,1820
四川大学,1515.0,1515.0,1645.0,1722.0,1810.0,1810.0,1808.0,1815.0,1863.0,1865.0,1937.0,2012.0,1960.0,1952.0,1904.0,1831.0,1768.0,1861.0,1798.0,1920.0,1811
湖南师范大学,1468.0,1468.0,1534.0,1647.0,1715.0,1715.0,1715.0,1715.0,1683.0,1778.0,1660.0,1637.0,1611.0,1535.0,1678.0,1699.0,1699.0,1666.0,1793.0,1806.0,1806
浙江师范大学,1482.0,1482.0,1545.0,1639.0,1594.0,1594.0,1696.0,1725.0,1751.0,1743.0,1727.0,1722.0,1685.0,1758.0,1767.0,1814.0,1699.0,1674.0,1674.0,1770.0,1805
浙江工业大学,1546.0,1546.0,1646.0,1687.0,1776.0,1776.0,1776.0,1702.0,1716.0,1716.0,1845.0,1851.0,1732.0,1798.0,1724.0,1790.0,1790.0,1835.0,1909.0,1909.0,1801
济南大学,1518.0,1518.0,1465.0,1520.0,1634.0,1634.0,1634.0,1634.0,1695.0,1695.0,1695.0,1788.0,1680.0,1758.0,1729.0,1729.0,1729.0,1758.0,1758.0,1796.0,1796
华南理工大学,1487.0,1487.0,1565.0,1612.0,1693.0,1693.0,1693.0,1706.0,1701.0,1766.0,1776.0,1755.0,1817.0,1827.0,1833.0,1816.0,1788.0,1790.0,1853.0,1793.0,1793
南开大学,1499.0,1499.0,1578.0,1627.0,1716.0,1716.0,1687.0,1712.0,1738.0,1722.0,1785.0,1778.0,1814.0,1820.0,1814.0,1779.0,1848.0,1796.0,1796.0,1778.0,1778
南京理工大学,1479.0,1479.0,1605.0,1611.0,1590.0,1590.0,1590.0,1628.0,1673.0,1643.0,1646.0,1728.0,1728.0,1647.0,1737.0,1810.0,1810.0,1843.0,1843.0,1776.0,1776
成都信息工程大学,1459.0,1459.0,1499.0,1531.0,1574.0,1574.0,1613.0,1632.0,1634.0,1694.0,1607.0,1622.0,1557.0,1551.0,1440.0,1421.0,1511.0,1477.0,1569.0,1562.0,1767
武汉理工大学,1448.0,1448.0,1533.0,1632.0,1655.0,1655.0,1655.0,1617.0,1688.0,1677.0,1589.0,1696.0,1607.0,1619.0,1680.0,1688.0,1642.0,1669.0,1632.0,1729.0,1765
大连理工大学,1475.0,1475.0,1550.0,1597.0,1628.0,1628.0,1628.0,1652.0,1725.0,1728.0,1763.0,1726.0,1757.0,1745.0,1713.0,1747.0,1717.0,1683.0,1686.0,1594.0,1762
东南大学,1522.0,1522.0,1614.0,1756.0,1859.0,1859.0,1842.0,1753.0,1783.0,1766.0,1695.0,1690.0,1729.0,1829.0,1770.0,1793.0,1869.0,1912.0,1912.0,1882.0,1761
重庆邮电大学,1494.0,1494.0,1555.0,1585.0,1641.0,1641.0,1601.0,1506.0,1563.0,1639.0,1718.0,1668.0,1610.0,1610.0,1644.0,1797.0,1681.0,1699.0,1629.0,1759.0,1759
华东师范大学,1475.0,1475.0,1547.0,1587.0,1626.0,1626.0,1702.0,1750.0,1790.0,1837.0,1786.0,1739.0,1831.0,1851.0,1814.0,1836.0,1836.0,1785.0,1795.0,1754.0,1754
哈尔滨工业大学（深圳）,1549.0,1549.0,1612.0,1707.0,1782.0,1782.0,1782.0,1832.0,1817.0,1888.0,1869.0,1885.0,1849.0,1885.0,1830.0,1826.0,1815.0,1831.0,1960.0,1853.0,1749
西安电子科技大学,1497.0,1497.0,1552.0,1627.0,1682.0,1682.0,1682.0,1712.0,1700.0,1708.0,1730.0,1650.0,1752.0,1796.0,1777.0,1765.0,1618.0,1656.0,1767.0,1754.0,1737
山东大学,1501.0,1457.0,1529.0,1605.0,1622.0,1622.0,1674.0,1782.0,1821.0,1867.0,1861.0,1861.0,1937.0,1878.0,1936.0,1996.0,1844.0,1898.0,1818.0,1833.0,1736
上海大学,1484.0,1484.0,1519.0,1560.0,1524.0,1524.0,1473.0,1476.0,1544.0,1572.0,1631.0,1653.0,1669.0,1731.0,1731.0,1714.0,1587.0,1582.0,1720.0,1639.0,1730
湘潭大学,1492.0,1492.0,1569.0,1560.0,1506.0,1506.0,1506.0,1477.0,1527.0,1617.0,1650.0,1691.0,1768.0,1728.0,1834.0,1782.0,1809.0,1809.0,1809.0,1860.0,1726
上海理工大学,1480.0,1480.0,1559.0,1642.0,1642.0,1642.0,1642.0,1676.0,1624.0,1614.0,1623.0,1623.0,1650.0,1650.0,1574.0,1576.0,1576.0,1648.0,1736.0,1736.0,1725
北京建筑大学,1526.0,1526.0,1428.0,1524.0,1524.0,1524.0,1524.0,1524.0,1425.0,1517.0,1517.0,1517.0,1533.0,1533.0,1630.0,1701.0,1701.0,1674.0,1674.0,1715.0,1715
杭州师范大学,1399.0,1399.0,1494.0,1543.0,1604.0,1604.0,1677.0,1654.0,1678.0,1678.0,1623.0,1676.0,1598.0,1512.0,1548.0,1675.0,1675.0,1703.0,1703.0,1714.0,1714
深圳大学,1477.0,1477.0,1515.0,1559.0,1536.0,1536.0,1509.0,1509.0,1530.0,1477.0,1499.0,1494.0,1573.0,1560.0,1684.0,1605.0,1485.0,1598.0,1627.0,1627.0,1694
哈尔滨工业大学（威海）,1498.0,1498.0,1616.0,1740.0,1695.0,1695.0,1695.0,1766.0,1770.0,1673.0,1739.0,1728.0,1609.0,1723.0,1677.0,1711.0,1598.0,1707.0,1707.0,1693.0,1693
重庆大学,1490.0,1542.0,1596.0,1626.0,1644.0,1644.0,1626.0,1533.0,1535.0,1562.0,1569.0,1558.0,1589.0,1714.0,1623.0,1623.0,1623.0,1641.0,1638.0,1675.0,1692
上海纽约大学,1489.0,1489.0,1569.0,1635.0,1704.0,1704.0,1704.0,1644.0,1609.0,1732.0,1606.0,1498.0,1443.0,1443.0,1690.0,1690.0,1590.0,1621.0,1621.0,1687.0,1687
西湖大学,1508.0,1508.0,1594.0,1646.0,1709.0,1709.0,1686.0,1741.0,1834.0,1803.0,1825.0,1899.0,1894.0,1937.0,1853.0,1729.0,1729.0,1805.0,1805.0,1686.0,1686
天津大学,1435.0,1435.0,1495.0,1553.0,1545.0,1545.0,1669.0,1624.0,1645.0,1624.0,1600.0,1594.0,1635.0,1662.0,1633.0,1591.0,1578.0,1603.0,1603.0,1558.0,1677
上海科技大学,1465.0,1465.0,1547.0,1592.0,1664.0,1664.0,1666.0,1663.0,1656.0,1668.0,1598.0,1671.0,1666.0,1643.0,1612.0,1600.0,1562.0,1584.0,1584.0,1655.0,1655
湖南大学,1530.0,1533.0,1558.0,1629.0,1572.0,1572.0,1565.0,1583.0,1666.0,1569.0,1511.0,1524.0,1505.0,1497.0,1610.0,1647.0,1647.0,1737.0,1725.0,1740.0,1653
暨南大学,1458.0,1458.0,1472.0,1495.0,1468.0,1468.0,1652.0,1652.0,1754.0,1754.0,1652.0,1579.0,1566.0,1672.0,1702.0,1683.0,1726.0,1670.0,1656.0,1615.0,1650
中国科学院大学,1444.0,1444.0,1510.0,1535.0,1493.0,1493.0,1400.0,1505.0,1569.0,1599.0,1622.0,1705.0,1717.0,1717.0,1600.0,1600.0,1600.0,1659.0,1659.0,1648.0,1648
绍兴理工学院,1464.0,1464.0,1555.0,1636.0,1636.0,1636.0,1636.0,1636.0,1582.0,1582.0,1582.0,1582.0,1576.0,1632.0,1632.0,1632.0,1632.0,1607.0,1642.0,1642.0,1642
惠州学院,1401.0,1401.0,1399.0,1470.0,1470.0,1470.0,1436.0,1436.0,1436.0,1443.0,1443.0,1508.0,1538.0,1538.0,1495.0,1495.0,1583.0,1583.0,1659.0,1641.0,1641
天津工业大学,1407.0,1407.0,1397.0,1427.0,1369.0,1369.0,1369.0,1399.0,1437.0,1458.0,1484.0,1484.0,1460.0,1460.0,1460.0,1460.0,1419.0,1419.0,1488.0,1488.0,1640
长沙理工大学,1478.0,1478.0,1503.0,1553.0,1458.0,1458.0,1458.0,1577.0,1506.0,1506.0,1509.0,1506.0,1508.0,1440.0,1584.0,1577.0,1577.0,1526.0,1629.0,1629.0,1629
华东理工大学,1488.0,1488.0,1547.0,1581.0,1513.0,1513.0,1513.0,1506.0,1546.0,1491.0,1499.0,1444.0,1565.0,1565.0,1529.0,1581.0,1581.0,1494.0,1494.0,1627.0,1627
广州大学,1451.0,1451.0,1510.0,1583.0,1649.0,1649.0,1649.0,1577.0,1578.0,1578.0,1584.0,1584.0,1535.0,1558.0,1488.0,1505.0,1563.0,1627.0,1627.0,1627.0,1627
东北大学秦皇岛分校,1513.0,1513.0,1595.0,1611.0,1606.0,1606.0,1536.0,1647.0,1730.0,1838.0,1744.0,1783.0,1735.0,1709.0,1761.0,1742.0,1679.0,1630.0,1593.0,1641.0,1626
华南农业大学,1472.0,1472.0,1498.0,1502.0,1477.0,1477.0,1475.0,1442.0,1433.0,1462.0,1511.0,1469.0,1463.0,1463.0,1548.0,1548.0,1505.0,1508.0,1612.0,1612.0,1612
成都大学,1383.0,1383.0,1416.0,1435.0,1435.0,1435.0,1435.0,1469.0,1449.0,1449.0,1449.0,1449.0,1366.0,1437.0,1437.0,1444.0,1489.0,1489.0,1489.0,1489.0,1610
河南大学,1505.0,1512.0,1543.0,1533.0,1507.0,1507.0,1507.0,1509.0,1540.0,1666.0,1679.0,1645.0,1727.0,1727.0,1629.0,1629.0,1629.0,1600.0,1504.0,1619.0,1607
北京化工大学,1461.0,1583.0,1554.0,1536.0,1446.0,1446.0,1446.0,1388.0,1459.0,1459.0,1574.0,1593.0,1556.0,1609.0,1561.0,1561.0,1561.0,1515.0,1515.0,1548.0,1606
中国传媒大学,1433.0,1427.0,1516.0,1581.0,1539.0,1539.0,1562.0,1600.0,1655.0,1720.0,1655.0,1604.0,1645.0,1576.0,1691.0,1756.0,1756.0,1727.0,1647.0,1589.0,1604
杭州电子科技大学信息工程学院,1348.0,1348.0,1469.0,1417.0,1417.0,1417.0,1417.0,1417.0,1348.0,1348.0,1529.0,1459.0,1459.0,1459.0,1547.0,1547.0,1547.0,1600.0,1600.0,1600.0,1600
香港科技大学,,,1495.0,1495.0,1495.0,1495.0,1495.0,1495.0,1495.0,1495.0,1606.0,1606.0,1539.0,1539.0,1631.0,1631.0,1627.0,1691.0,1594.0,1594.0,1594
浙大城市学院,1453.0,1539.0,1560.0,1607.0,1588.0,1588.0,1654.0,1642.0,1553.0,1501.0,1566.0,1627.0,1507.0,1500.0,1460.0,1498.0,1498.0,1504.0,1523.0,1465.0,1582
南京信息工程大学,1449.0,1449.0,1501.0,1561.0,1601.0,1601.0,1601.0,1603.0,1683.0,1716.0,1710.0,1713.0,1660.0,1599.0,1564.0,1598.0,1598.0,1612.0,1674.0,1573.0,1573
河海大学,1424.0,1424.0,1499.0,1589.0,1596.0,1596.0,1511.0,1472.0,1571.0,1560.0,1637.0,1704.0,1737.0,1720.0,1667.0,1733.0,1697.0,1660.0,1660.0,1596.0,1572
重庆理工大学,,,1480.0,1480.0,1480.0,1480.0,1480.0,1539.0,1539.0,1539.0,1494.0,1494.0,1494.0,1494.0,1494.0,1516.0,1516.0,1563.0,1571.0,1571.0,1571
西南科技大学,1415.0,1415.0,1431.0,1490.0,1427.0,1427.0,1508.0,1484.0,1396.0,1396.0,1396.0,1396.0,1427.0,1434.0,1371.0,1384.0,1512.0,1512.0,1518.0,1518.0,1569
南京大学苏州校区,,,,1459.0,1459.0,1459.0,1488.0,1488.0,1488.0,1488.0,1488.0,1548.0,1548.0,1622.0,1622.0,1622.0,1622.0,1622.0,1622.0,1567.0,1567
宁波大学,1430.0,1430.0,1494.0,1537.0,1554.0,1554.0,1554.0,1505.0,1554.0,1554.0,1570.0,1644.0,1637.0,1577.0,1500.0,1501.0,1501.0,1501.0,1468.0,1572.0,1560
北京城市学院,1447.0,1447.0,1458.0,1448.0,1448.0,1448.0,1448.0,1417.0,1417.0,1415.0,1415.0,1415.0,1422.0,1422.0,1422.0,1579.0,1579.0,1579.0,1579.0,1558.0,1558
香港中文大學,1556.0,1556.0,1556.0,1556.0,1556.0,1556.0,1556.0,1556.0,1556.0,1556.0,1556.0,1556.0,1556.0,1556.0,1556.0,1556.0,1556.0,1556.0,1556.0,1556.0,1556
哈尔滨工程大学,1470.0,1470.0,1514.0,1536.0,1510.0,1510.0,1420.0,1398.0,1465.0,1520.0,1528.0,1494.0,1503.0,1564.0,1521.0,1477.0,1497.0,1497.0,1497.0,1555.0,1555
河北师范大学,1445.0,1377.0,1436.0,1486.0,1536.0,1536.0,1470.0,1417.0,1381.0,1506.0,1419.0,1419.0,1454.0,1365.0,1409.0,1458.0,1458.0,1458.0,1482.0,1470.0,1555
新疆大学,1386.0,1452.0,1466.0,1482.0,1409.0,1409.0,1409.0,1362.0,1416.0,1421.0,1479.0,1479.0,1478.0,1478.0,1553.0,1470.0,1470.0,1423.0,1365.0,1365.0,1551
江苏大学,1476.0,1476.0,1522.0,1522.0,1529.0,1529.0,1529.0,1474.0,1535.0,1535.0,1552.0,1629.0,1629.0,1553.0,1646.0,1646.0,1646.0,1622.0,1622.0,1550.0,1550
山东理工大学,1430.0,1504.0,1509.0,1530.0,1577.0,1577.0,1482.0,1522.0,1461.0,1471.0,1505.0,1511.0,1556.0,1464.0,1483.0,1465.0,1454.0,1467.0,1568.0,1568.0,1548
武汉科技大学,1398.0,1398.0,1461.0,1577.0,1592.0,1592.0,1592.0,1492.0,1570.0,1570.0,1548.0,1454.0,1570.0,1472.0,1573.0,1515.0,1515.0,1539.0,1544.0,1544.0,1544
江西师范大学,1432.0,1487.0,1465.0,1416.0,1451.0,1451.0,1451.0,1375.0,1487.0,1487.0,1413.0,1413.0,1322.0,1322.0,1445.0,1445.0,1445.0,1371.0,1485.0,1485.0,1543
湖南城市学院,1454.0,1454.0,1493.0,1537.0,1537.0,1537.0,1537.0,1537.0,1487.0,1487.0,1566.0,1566.0,1550.0,1547.0,1547.0,1542.0,1542.0,1542.0,1542.0,1542.0,1542
中南大学,1495.0,1495.0,1547.0,1614.0,1514.0,1514.0,1514.0,1602.0,1636.0,1675.0,1695.0,1642.0,1674.0,1677.0,1607.0,1651.0,1651.0,1641.0,1538.0,1537.0,1537
华中师范大学,1436.0,1436.0,1499.0,1537.0,1514.0,1514.0,1540.0,1467.0,1524.0,1501.0,1521.0,1450.0,1511.0,1571.0,1487.0,1521.0,1522.0,1522.0,1486.0,1536.0,1536
温州大学,1372.0,1372.0,1466.0,1438.0,1385.0,1385.0,1385.0,1385.0,1543.0,1504.0,1404.0,1553.0,1482.0,1482.0,1541.0,1541.0,1541.0,1508.0,1508.0,1536.0,1536
华南师范大学,1462.0,1462.0,1524.0,1548.0,1564.0,1564.0,1669.0,1615.0,1637.0,1637.0,1659.0,1646.0,1679.0,1668.0,1705.0,1672.0,1593.0,1610.0,1490.0,1490.0,1533
江南大学,1439.0,1439.0,1484.0,1564.0,1498.0,1498.0,1498.0,1499.0,1426.0,1426.0,1520.0,1565.0,1483.0,1575.0,1520.0,1520.0,1519.0,1545.0,1667.0,1645.0,1532
浙江农林大学,1466.0,1466.0,1497.0,1527.0,1487.0,1487.0,1470.0,1543.0,1512.0,1512.0,1477.0,1477.0,1627.0,1583.0,1594.0,1647.0,1647.0,1606.0,1606.0,1606.0,1531
蒙古国立大学,,,,,,,,,1406.0,1406.0,1428.0,1428.0,1428.0,1428.0,1407.0,1407.0,1531.0,1531.0,1531.0,1531.0,1531
国防科技大学,,1476.0,1507.0,1527.0,1546.0,1546.0,1546.0,1578.0,1564.0,1564.0,1609.0,1565.0,1674.0,1721.0,1646.0,1608.0,1608.0,1557.0,1557.0,1588.0,1530
中国石油大学（华东）,1481.0,1481.0,1494.0,1494.0,1529.0,1529.0,1529.0,1578.0,1508.0,1508.0,1517.0,1517.0,1534.0,1534.0,1586.0,1586.0,1586.0,1529.0,1529.0,1529.0,1529
浙江工商大学,1432.0,1520.0,1535.0,1553.0,1541.0,1541.0,1444.0,1508.0,1514.0,1641.0,1622.0,1615.0,1620.0,1552.0,1538.0,1479.0,1536.0,1536.0,1564.0,1554.0,1526
厦门理工学院,1440.0,1388.0,1345.0,1306.0,1306.0,1306.0,1306.0,1466.0,1414.0,1512.0,1418.0,1413.0,1400.0,1373.0,1373.0,1373.0,1663.0,1581.0,1581.0,1611.0,1524
浙江理工大学,1485.0,1485.0,1573.0,1607.0,1726.0,1726.0,1677.0,1619.0,1612.0,1634.0,1651.0,1595.0,1710.0,1718.0,1784.0,1901.0,1839.0,1841.0,1690.0,1626.0,1523
湖南科技大学,1456.0,1456.0,1492.0,1558.0,1525.0,1525.0,1525.0,1502.0,1441.0,1466.0,1520.0,1475.0,1486.0,1513.0,1558.0,1595.0,1595.0,1595.0,1595.0,1513.0,1520
北京信息科技大学,1413.0,1413.0,1468.0,1501.0,1577.0,1577.0,1577.0,1577.0,1529.0,1598.0,1598.0,1585.0,1585.0,1585.0,1585.0,1585.0,1585.0,1524.0,1524.0,1474.0,1517
西南交通大学,1396.0,1396.0,1389.0,1385.0,1444.0,1444.0,1444.0,1466.0,1466.0,1466.0,1466.0,1466.0,1466.0,1466.0,1466.0,1466.0,1549.0,1549.0,1612.0,1612.0,1517
西北大学,1457.0,1457.0,1506.0,1516.0,1523.0,1523.0,1475.0,1556.0,1525.0,1521.0,1453.0,1386.0,1537.0,1432.0,1470.0,1380.0,1380.0,1390.0,1343.0,1343.0,1516
天津理工大学,1375.0,1375.0,1396.0,1438.0,1438.0,1438.0,1438.0,1438.0,1438.0,1420.0,1420.0,1420.0,1419.0,1419.0,1419.0,1419.0,1419.0,1419.0,1515.0,1515.0,1515
西安理工大学,1448.0,1448.0,1458.0,1448.0,1471.0,1471.0,1533.0,1485.0,1444.0,1444.0,1439.0,1479.0,1403.0,1403.0,1374.0,1374.0,1374.0,1374.0,1420.0,1420.0,1512
北京工业大学,1419.0,1419.0,1492.0,1502.0,1582.0,1582.0,1582.0,1479.0,1450.0,1517.0,1454.0,1454.0,1557.0,1585.0,1598.0,1598.0,1509.0,1556.0,1539.0,1511.0,1511
中国石油大学,,,,,,,,,,,,,,,,,,,,,1509
北京科技大学,1450.0,1450.0,1505.0,1506.0,1567.0,1567.0,1567.0,1567.0,1578.0,1578.0,1480.0,1480.0,1520.0,1520.0,1438.0,1438.0,1438.0,1504.0,1504.0,1504.0,1504
深圳职业技术大学,1367.0,1367.0,1370.0,1381.0,1381.0,1457.0,1457.0,1457.0,1457.0,1457.0,1457.0,1457.0,1489.0,1517.0,1517.0,1517.0,1517.0,1517.0,1501.0,1502.0,1502
北京林业大学,1412.0,1412.0,1465.0,1516.0,1451.0,1451.0,1589.0,1565.0,1521.0,1545.0,1490.0,1512.0,1569.0,1569.0,1595.0,1595.0,1595.0,1496.0,1496.0,1496.0,1496
昆山杜克大学,1345.0,1345.0,1386.0,1386.0,1386.0,1386.0,1386.0,1432.0,1355.0,1355.0,1400.0,1400.0,1357.0,1357.0,1357.0,1357.0,1399.0,1399.0,1489.0,1489.0,1489
安徽农业大学,1373.0,1349.0,1381.0,1416.0,1416.0,1416.0,1416.0,1416.0,1416.0,1416.0,1422.0,1422.0,1414.0,1353.0,1353.0,1353.0,1353.0,1353.0,1439.0,1439.0,1488
澳门大学,1409.0,1409.0,1478.0,1478.0,1478.0,1478.0,1478.0,1478.0,1496.0,1496.0,1496.0,1496.0,1496.0,1496.0,1496.0,1496.0,1488.0,1488.0,1488.0,1488.0,1488
长安大学,1394.0,1489.0,1500.0,1518.0,1542.0,1542.0,1552.0,1540.0,1537.0,1467.0,1477.0,1477.0,1496.0,1489.0,1397.0,1411.0,1411.0,1411.0,1477.0,1477.0,1487
西安邮电大学,1382.0,1382.0,1417.0,1392.0,1313.0,1313.0,1374.0,1380.0,1410.0,1410.0,1410.0,1410.0,1441.0,1441.0,1369.0,1369.0,1388.0,1388.0,1414.0,1414.0,1483
南昌大学,1396.0,1589.0,1564.0,1533.0,1533.0,1533.0,1533.0,1490.0,1511.0,1511.0,1511.0,1511.0,1547.0,1547.0,1521.0,1463.0,1463.0,1463.0,1475.0,1475.0,1480
上海财经大学,1403.0,1403.0,1428.0,1445.0,1445.0,1445.0,1445.0,1445.0,1476.0,1439.0,1439.0,1439.0,1406.0,1406.0,1406.0,1475.0,1475.0,1475.0,1475.0,1475.0,1475
东北师范大学,1442.0,1442.0,1505.0,1502.0,1511.0,1511.0,1511.0,1499.0,1434.0,1500.0,1406.0,1406.0,1519.0,1519.0,1546.0,1546.0,1546.0,1523.0,1523.0,1475.0,1475
湖南农业大学,1408.0,1529.0,1504.0,1508.0,1468.0,1468.0,1460.0,1460.0,1460.0,1460.0,1460.0,1460.0,1496.0,1496.0,1496.0,1476.0,1476.0,1476.0,1444.0,1444.0,1471
安徽大学,1421.0,1524.0,1506.0,1516.0,1516.0,1516.0,1516.0,1480.0,1443.0,1443.0,1539.0,1533.0,1575.0,1556.0,1536.0,1536.0,1536.0,1469.0,1469.0,1469.0,1469
重庆移通学院,1376.0,1473.0,1452.0,1384.0,1384.0,1384.0,1384.0,1448.0,1448.0,1448.0,1448.0,1444.0,1444.0,1444.0,1444.0,1444.0,1476.0,1476.0,1476.0,1476.0,1468
西安欧亚学院,1406.0,1406.0,1394.0,1401.0,1404.0,1404.0,1404.0,1404.0,1404.0,1404.0,1404.0,1404.0,1460.0,1460.0,1460.0,1464.0,1464.0,1464.0,1532.0,1532.0,1466
中央财经大学,1423.0,1423.0,1434.0,1434.0,1434.0,1434.0,1434.0,1434.0,1423.0,1423.0,1423.0,1423.0,1423.0,1423.0,1465.0,1465.0,1465.0,1465.0,1465.0,1465.0,1465
宁波财经学院,1328.0,1328.0,1406.0,1431.0,1431.0,1431.0,1431.0,1431.0,1432.0,1432.0,1410.0,1379.0,1379.0,1379.0,1509.0,1509.0,1509.0,1465.0,1465.0,1465.0,1465
中国石油大学（北京）,1463.0,1463.0,1463.0,1463.0,1463.0,1463.0,1463.0,1463.0,1463.0,1463.0,1463.0,1463.0,1463.0,1463.0,1463.0,1463.0,1463.0,1463.0,1463.0,1463.0,1463
中国矿业大学（北京）,1420.0,1420.0,1416.0,1476.0,1476.0,1476.0,1476.0,1476.0,1442.0,1459.0,1459.0,1506.0,1557.0,1507.0,1502.0,1502.0,1502.0,1502.0,1502.0,1502.0,1463
南京农业大学,1425.0,1425.0,1455.0,1426.0,1462.0,1462.0,1462.0,1462.0,1514.0,1514.0,1512.0,1512.0,1457.0,1457.0,1497.0,1497.0,1497.0,1497.0,1504.0,1504.0,1463
上海第二工业大学,1398.0,1398.0,1389.0,1399.0,1399.0,1399.0,1399.0,1399.0,1399.0,1363.0,1363.0,1363.0,1294.0,1294.0,1357.0,1357.0,1357.0,1357.0,1357.0,1357.0,1462
东北林业大学,1407.0,1407.0,1434.0,1434.0,1434.0,1434.0,1434.0,1434.0,1401.0,1411.0,1345.0,1345.0,1461.0,1461.0,1461.0,1461.0,1461.0,1461.0,1461.0,1461.0,1461
山东科技大学,1469.0,1475.0,1536.0,1562.0,1594.0,1594.0,1641.0,1536.0,1496.0,1570.0,1495.0,1475.0,1496.0,1474.0,1451.0,1468.0,1384.0,1384.0,1384.0,1410.0,1461
浙大宁波理工学院,1433.0,1433.0,1434.0,1469.0,1482.0,1482.0,1482.0,1501.0,1520.0,1491.0,1516.0,1455.0,1432.0,1491.0,1507.0,1457.0,1457.0,1457.0,1457.0,1457.0,1461
西南财经大学,1428.0,1428.0,1483.0,1502.0,1475.0,1475.0,1556.0,1532.0,1580.0,1580.0,1536.0,1553.0,1479.0,1479.0,1377.0,1382.0,1466.0,1474.0,1434.0,1434.0,1461
集美大学,1402.0,1402.0,1469.0,1480.0,1390.0,1390.0,1390.0,1344.0,1476.0,1476.0,1469.0,1578.0,1554.0,1521.0,1565.0,1595.0,1595.0,1509.0,1510.0,1460.0,1460
长沙学院,1411.0,1411.0,1369.0,1387.0,1461.0,1461.0,1461.0,1461.0,1461.0,1461.0,1461.0,1461.0,1445.0,1445.0,1445.0,1458.0,1458.0,1458.0,1458.0,1458.0,1458
青岛大学,1418.0,1418.0,1420.0,1404.0,1404.0,1404.0,1404.0,1362.0,1297.0,1297.0,1343.0,1424.0,1421.0,1421.0,1458.0,1458.0,1458.0,1458.0,1458.0,1458.0,1458
广西大学,1417.0,1417.0,1415.0,1457.0,1486.0,1486.0,1486.0,1428.0,1445.0,1419.0,1490.0,1458.0,1527.0,1517.0,1517.0,1499.0,1525.0,1463.0,1368.0,1368.0,1453
北京电子科技学院,1330.0,1276.0,1255.0,1255.0,1255.0,1255.0,1255.0,1255.0,1242.0,1242.0,1242.0,1175.0,1175.0,1175.0,1321.0,1321.0,1321.0,1321.0,1406.0,1406.0,1452
南通理工学院,,,1450.0,1450.0,1450.0,1450.0,1450.0,1450.0,1450.0,1450.0,1450.0,1450.0,1450.0,1450.0,1450.0,1450.0,1450.0,1450.0,1450.0,1450.0,1450
合肥工业大学,1388.0,1388.0,1417.0,1415.0,1357.0,1357.0,1357.0,1420.0,1389.0,1359.0,1314.0,1386.0,1386.0,1437.0,1485.0,1399.0,1399.0,1399.0,1449.0,1449.0,1449
广东外语外贸大学,1428.0,1428.0,1477.0,1446.0,1419.0,1419.0,1386.0,1314.0,1340.0,1340.0,1383.0,1383.0,1374.0,1374.0,1374.0,1449.0,1449.0,1449.0,1449.0,1449.0,1449
苏州大学,1453.0,1453.0,1485.0,1498.0,1543.0,1543.0,1456.0,1431.0,1412.0,1474.0,1428.0,1396.0,1520.0,1517.0,1513.0,1520.0,1520.0,1486.0,1523.0,1449.0,1449
中国民航大学,1411.0,1411.0,1447.0,1446.0,1389.0,1389.0,1465.0,1585.0,1577.0,1585.0,1564.0,1505.0,1456.0,1456.0,1517.0,1517.0,1517.0,1447.0,1447.0,1447.0,1447
浙江机电职业技术大学,1425.0,1425.0,1461.0,1461.0,1471.0,1484.0,1484.0,1484.0,1421.0,1410.0,1410.0,1474.0,1474.0,1474.0,1447.0,1447.0,1447.0,1447.0,1447.0,1447.0,1447
西南民族大学,1442.0,1442.0,1450.0,1504.0,1496.0,1496.0,1599.0,1494.0,1526.0,1483.0,1433.0,1433.0,1379.0,1380.0,1344.0,1394.0,1394.0,1408.0,1408.0,1408.0,1447
南通大学,1383.0,1383.0,1370.0,1333.0,1374.0,1374.0,1374.0,1374.0,1432.0,1432.0,1473.0,1473.0,1473.0,1473.0,1449.0,1449.0,1449.0,1449.0,1444.0,1444.0,1444
南京晓庄学院,1410.0,1410.0,1407.0,1358.0,1358.0,1358.0,1358.0,1358.0,1358.0,1358.0,1364.0,1364.0,1368.0,1368.0,1368.0,1368.0,1368.0,1368.0,1397.0,1397.0,1443
河北工业大学,1381.0,1381.0,1413.0,1393.0,1346.0,1346.0,1346.0,1333.0,1369.0,1363.0,1363.0,1363.0,1388.0,1388.0,1388.0,1388.0,1306.0,1306.0,1401.0,1401.0,1443
浙江育英职业技术学院,1419.0,1419.0,1385.0,1345.0,1291.0,1426.0,1426.0,1426.0,1358.0,1358.0,1358.0,1358.0,1280.0,1325.0,1325.0,1361.0,1361.0,1361.0,1361.0,1302.0,1438
汕头大学,1383.0,1383.0,1345.0,1342.0,1342.0,1342.0,1342.0,1342.0,1342.0,1342.0,1342.0,1342.0,1342.0,1342.0,1342.0,1342.0,1342.0,1342.0,1437.0,1437.0,1437
深圳技术大学,1438.0,1438.0,1495.0,1518.0,1564.0,1564.0,1582.0,1537.0,1462.0,1497.0,1417.0,1379.0,1330.0,1330.0,1444.0,1526.0,1480.0,1468.0,1468.0,1437.0,1437
江西农业大学,1423.0,1474.0,1451.0,1463.0,1427.0,1427.0,1464.0,1496.0,1429.0,1429.0,1419.0,1419.0,1378.0,1378.0,1356.0,1300.0,1215.0,1215.0,1275.0,1275.0,1434
东莞理工学院,1437.0,1579.0,1555.0,1529.0,1431.0,1431.0,1431.0,1348.0,1280.0,1335.0,1280.0,1280.0,1482.0,1482.0,1482.0,1482.0,1550.0,1559.0,1544.0,1544.0,1433
西北农林科技大学,,,1421.0,1395.0,1445.0,1445.0,1445.0,1354.0,1354.0,1354.0,1354.0,1354.0,1358.0,1358.0,1358.0,1358.0,1358.0,1358.0,1372.0,1372.0,1431
华北电力大学保定,1436.0,1436.0,1464.0,1484.0,1484.0,1484.0,1484.0,1499.0,1495.0,1495.0,1506.0,1546.0,1464.0,1474.0,1474.0,1396.0,1396.0,1396.0,1396.0,1430.0,1430
电子科技大学中山学院,1431.0,1431.0,1427.0,1440.0,1501.0,1501.0,1501.0,1480.0,1480.0,1480.0,1480.0,1480.0,1462.0,1462.0,1499.0,1473.0,1473.0,1473.0,1473.0,1473.0,1429
赣东学院,,,1401.0,1446.0,1446.0,1446.0,1446.0,1446.0,1446.0,1446.0,1446.0,1446.0,1446.0,1396.0,1396.0,1427.0,1427.0,1427.0,1427.0,1427.0,1427
南京工业大学,1416.0,1416.0,1387.0,1435.0,1435.0,1435.0,1435.0,1365.0,1432.0,1432.0,1470.0,1478.0,1432.0,1371.0,1371.0,1371.0,1371.0,1371.0,1371.0,1371.0,1423
浙江财经大学,1404.0,1404.0,1444.0,1459.0,1458.0,1458.0,1399.0,1324.0,1408.0,1408.0,1365.0,1346.0,1264.0,1264.0,1423.0,1423.0,1423.0,1423.0,1423.0,1423.0,1423
山东大学（威海）,1446.0,1446.0,1483.0,1540.0,1516.0,1516.0,1516.0,1561.0,1605.0,1682.0,1598.0,1645.0,1655.0,1655.0,1577.0,1577.0,1667.0,1589.0,1528.0,1464.0,1420
辽宁大学,1379.0,1379.0,1371.0,1395.0,1357.0,1357.0,1505.0,1505.0,1505.0,1469.0,1469.0,1469.0,1441.0,1419.0,1398.0,1398.0,1398.0,1398.0,1337.0,1337.0,1419
香港城市大学东莞,1417.0,1417.0,1409.0,1381.0,1381.0,1381.0,1381.0,1381.0,1403.0,1403.0,1383.0,1383.0,1353.0,1353.0,1353.0,1353.0,1353.0,1353.0,1419.0,1419.0,1419
厦门大学嘉庚学院,1401.0,1401.0,1387.0,1381.0,1381.0,1381.0,1381.0,1381.0,1381.0,1381.0,1381.0,1381.0,1314.0,1314.0,1315.0,1315.0,1418.0,1418.0,1418.0,1418.0,1418
武汉纺织大学,1455.0,1424.0,1470.0,1573.0,1550.0,1550.0,1550.0,1465.0,1491.0,1491.0,1523.0,1515.0,1413.0,1427.0,1388.0,1418.0,1418.0,1418.0,1418.0,1418.0,1418
江西财经大学,1390.0,1435.0,1480.0,1470.0,1448.0,1448.0,1448.0,1442.0,1427.0,1386.0,1332.0,1332.0,1367.0,1367.0,1338.0,1338.0,1359.0,1359.0,1340.0,1340.0,1416
北方工业大学,1424.0,1424.0,1421.0,1421.0,1421.0,1421.0,1409.0,1409.0,1377.0,1377.0,1330.0,1330.0,1443.0,1443.0,1475.0,1475.0,1475.0,1415.0,1415.0,1415.0,1415
南阳理工学院,1441.0,1441.0,1446.0,1413.0,1406.0,1406.0,1478.0,1393.0,1371.0,1371.0,1307.0,1307.0,1359.0,1407.0,1319.0,1365.0,1284.0,1284.0,1284.0,1372.0,1415
华东政法大学,,,1413.0,1413.0,1413.0,1413.0,1413.0,1413.0,1413.0,1413.0,1413.0,1413.0,1413.0,1413.0,1413.0,1413.0,1413.0,1413.0,1413.0,1413.0,1413
郑州轻工业大学,1405.0,1405.0,1409.0,1438.0,1419.0,1419.0,1431.0,1423.0,1402.0,1445.0,1452.0,1500.0,1500.0,1500.0,1404.0,1399.0,1399.0,1399.0,1399.0,1322.0,1412
广东技术师范大学,1386.0,1386.0,1402.0,1368.0,1368.0,1368.0,1368.0,1368.0,1368.0,1368.0,1368.0,1368.0,1299.0,1299.0,1405.0,1405.0,1390.0,1390.0,1411.0,1411.0,1411
中国计量大学,1441.0,1441.0,1457.0,1514.0,1438.0,1438.0,1438.0,1418.0,1540.0,1518.0,1493.0,1493.0,1490.0,1548.0,1491.0,1491.0,1491.0,1503.0,1503.0,1410.0,1410
香港城市大学,1350.0,1350.0,1387.0,1387.0,1387.0,1387.0,1387.0,1387.0,1300.0,1300.0,1222.0,1222.0,1222.0,1222.0,1336.0,1336.0,1380.0,1383.0,1392.0,1410.0,1410
金华职业技术大学,,,,,,1547.0,1547.0,1547.0,1547.0,1547.0,1547.0,1463.0,1463.0,1463.0,1463.0,1463.0,1463.0,1463.0,1463.0,1407.0,1407
湖南理工学院,1426.0,1426.0,1416.0,1474.0,1420.0,1420.0,1423.0,1452.0,1366.0,1366.0,1293.0,1293.0,1273.0,1358.0,1274.0,1389.0,1389.0,1389.0,1389.0,1389.0,1398
西安工业大学,1368.0,1368.0,1363.0,1363.0,1359.0,1359.0,1359.0,1359.0,1357.0,1357.0,1357.0,1357.0,1357.0,1357.0,1367.0,1367.0,1367.0,1367.0,1321.0,1321.0,1398
河南农业大学,1402.0,1402.0,1424.0,1437.0,1397.0,1397.0,1429.0,1507.0,1409.0,1463.0,1447.0,1447.0,1450.0,1491.0,1491.0,1491.0,1491.0,1449.0,1507.0,1507.0,1395
西华大学,1439.0,1480.0,1468.0,1498.0,1568.0,1568.0,1481.0,1391.0,1377.0,1377.0,1310.0,1410.0,1410.0,1486.0,1486.0,1383.0,1365.0,1359.0,1396.0,1396.0,1394
安徽理工大学,,,1393.0,1434.0,1434.0,1434.0,1434.0,1434.0,1434.0,1431.0,1431.0,1431.0,1431.0,1393.0,1393.0,1393.0,1393.0,1393.0,1393.0,1393.0,1393
贵州大学,1422.0,1422.0,1391.0,1390.0,1390.0,1390.0,1418.0,1384.0,1321.0,1321.0,1372.0,1346.0,1339.0,1339.0,1393.0,1393.0,1393.0,1393.0,1393.0,1393.0,1393
华中农业大学,1409.0,1332.0,1393.0,1423.0,1447.0,1447.0,1364.0,1307.0,1358.0,1358.0,1408.0,1392.0,1367.0,1367.0,1302.0,1302.0,1302.0,1262.0,1300.0,1300.0,1390
广东金融学院,1357.0,1381.0,1354.0,1321.0,1267.0,1267.0,1267.0,1267.0,1267.0,1267.0,1267.0,1267.0,1267.0,1267.0,1267.0,1267.0,1267.0,1267.0,1302.0,1302.0,1388
四川农业大学,1391.0,1391.0,1384.0,1347.0,1347.0,1347.0,1347.0,1294.0,1266.0,1266.0,1266.0,1266.0,1266.0,1266.0,1242.0,1212.0,1349.0,1349.0,1406.0,1406.0,1385
澳门大学universidadedemacau,,,,,,,,,,,,,,,,,,,1385.0,1385.0,1385
石家庄铁道大学,1360.0,1360.0,1323.0,1309.0,1309.0,1309.0,1309.0,1309.0,1309.0,1309.0,1309.0,1329.0,1329.0,1329.0,1329.0,1329.0,1329.0,1329.0,1329.0,1329.0,1384
河北工程大学,1412.0,1412.0,1404.0,1393.0,1313.0,1313.0,1313.0,1379.0,1379.0,1379.0,1379.0,1379.0,1499.0,1499.0,1499.0,1499.0,1499.0,1496.0,1496.0,1496.0,1383
福建理工大学,1427.0,1427.0,1460.0,1498.0,1496.0,1496.0,1496.0,1564.0,1484.0,1398.0,1375.0,1406.0,1349.0,1376.0,1335.0,1288.0,1288.0,1328.0,1240.0,1240.0,1383
大连理工大学盘锦校区,1390.0,1390.0,1429.0,1437.0,1437.0,1437.0,1437.0,1437.0,1472.0,1452.0,1382.0,1382.0,1370.0,1370.0,1410.0,1410.0,1410.0,1410.0,1382.0,1382.0,1382
山东建筑大学,1345.0,1345.0,1331.0,1288.0,1318.0,1318.0,1318.0,1318.0,1318.0,1318.0,1318.0,1355.0,1355.0,1355.0,1355.0,1355.0,1355.0,1355.0,1355.0,1355.0,1382
长春理工大学,1444.0,1599.0,1589.0,1595.0,1637.0,1637.0,1537.0,1448.0,1440.0,1478.0,1415.0,1428.0,1400.0,1416.0,1499.0,1426.0,1426.0,1429.0,1345.0,1345.0,1381
西南大学,1404.0,1340.0,1400.0,1464.0,1464.0,1464.0,1407.0,1397.0,1461.0,1477.0,1384.0,1384.0,1463.0,1411.0,1454.0,1448.0,1380.0,1380.0,1380.0,1380.0,1380
武昌首义学院,1386.0,1463.0,1432.0,1365.0,1365.0,1365.0,1365.0,1365.0,1365.0,1365.0,1365.0,1365.0,1365.0,1365.0,1365.0,1365.0,1461.0,1379.0,1379.0,1379.0,1379
中国农业大学,1431.0,1431.0,1444.0,1456.0,1456.0,1456.0,1376.0,1457.0,1459.0,1490.0,1400.0,1400.0,1345.0,1345.0,1345.0,1345.0,1345.0,1345.0,1378.0,1378.0,1378
云南大学,1434.0,1434.0,1397.0,1398.0,1429.0,1429.0,1429.0,1489.0,1455.0,1455.0,1392.0,1392.0,1312.0,1312.0,1312.0,1321.0,1321.0,1346.0,1338.0,1338.0,1378
重庆科技大学,1450.0,1450.0,1468.0,1422.0,1448.0,1448.0,1448.0,1439.0,1439.0,1439.0,1439.0,1439.0,1439.0,1439.0,1439.0,1378.0,1378.0,1378.0,1378.0,1378.0,1378
浙江科技大学,1426.0,1426.0,1420.0,1447.0,1447.0,1447.0,1447.0,1503.0,1534.0,1534.0,1464.0,1398.0,1352.0,1352.0,1451.0,1451.0,1451.0,1367.0,1377.0,1377.0,1377
黑龙江大学,1410.0,1410.0,1404.0,1369.0,1369.0,1369.0,1369.0,1291.0,1291.0,1327.0,1366.0,1366.0,1433.0,1433.0,1433.0,1433.0,1413.0,1413.0,1377.0,1377.0,1377
湖南工业大学,1370.0,1370.0,1345.0,1371.0,1371.0,1371.0,1371.0,1371.0,1409.0,1409.0,1409.0,1409.0,1409.0,1409.0,1409.0,1399.0,1399.0,1399.0,1399.0,1399.0,1376
成都锦城学院,1391.0,1314.0,1316.0,1381.0,1358.0,1358.0,1358.0,1358.0,1358.0,1329.0,1329.0,1366.0,1366.0,1366.0,1366.0,1273.0,1382.0,1382.0,1375.0,1375.0,1375
井冈山大学,1364.0,1398.0,1396.0,1369.0,1334.0,1334.0,1334.0,1334.0,1334.0,1334.0,1334.0,1334.0,1334.0,1334.0,1334.0,1334.0,1471.0,1471.0,1374.0,1374.0,1374
哈尔滨理工大学,1384.0,1384.0,1403.0,1417.0,1347.0,1347.0,1347.0,1347.0,1347.0,1350.0,1350.0,1350.0,1394.0,1394.0,1401.0,1396.0,1396.0,1396.0,1396.0,1396.0,1372
西安科技大学,,1371.0,1347.0,1400.0,1379.0,1379.0,1379.0,1379.0,1397.0,1390.0,1390.0,1390.0,1390.0,1438.0,1438.0,1438.0,1438.0,1438.0,1438.0,1438.0,1372
北京师范大学珠海校区,1357.0,1357.0,1348.0,1348.0,1348.0,1348.0,1348.0,1348.0,1348.0,1319.0,1319.0,1319.0,1319.0,1319.0,1319.0,1319.0,1319.0,1319.0,1371.0,1371.0,1371
烟台大学,1372.0,1372.0,1359.0,1369.0,1369.0,1369.0,1369.0,1369.0,1369.0,1369.0,1369.0,1371.0,1371.0,1371.0,1371.0,1371.0,1371.0,1371.0,1371.0,1371.0,1371
合肥工业大学宣城校区,1333.0,1333.0,1366.0,1366.0,1366.0,1366.0,1366.0,1366.0,1366.0,1366.0,1366.0,1366.0,1366.0,1292.0,1292.0,1218.0,1261.0,1261.0,1315.0,1315.0,1368
广东东软学院,1394.0,1394.0,1405.0,1423.0,1466.0,1466.0,1466.0,1466.0,1466.0,1466.0,1466.0,1466.0,1379.0,1379.0,1379.0,1353.0,1319.0,1319.0,1428.0,1428.0,1366
广西师范大学,1379.0,1379.0,1378.0,1379.0,1408.0,1408.0,1442.0,1442.0,1442.0,1442.0,1442.0,1442.0,1414.0,1402.0,1421.0,1410.0,1410.0,1410.0,1410.0,1410.0,1366
江汉大学,1375.0,1375.0,1377.0,1361.0,1298.0,1298.0,1298.0,1298.0,1244.0,1244.0,1244.0,1244.0,1244.0,1244.0,1244.0,1244.0,1244.0,1244.0,1234.0,1234.0,1366
浙江万里学院,1408.0,1389.0,1383.0,1376.0,1376.0,1376.0,1371.0,1344.0,1373.0,1373.0,1362.0,1318.0,1271.0,1337.0,1340.0,1340.0,1340.0,1340.0,1340.0,1340.0,1365
湖南涉外经济学院,1389.0,1437.0,1437.0,1371.0,1371.0,1371.0,1371.0,1371.0,1371.0,1350.0,1350.0,1350.0,1350.0,1350.0,1350.0,1350.0,1350.0,1350.0,1350.0,1350.0,1364
南京财经大学,,,,1362.0,1362.0,1362.0,1362.0,1362.0,1362.0,1362.0,1362.0,1362.0,1362.0,1362.0,1362.0,1362.0,1362.0,1362.0,1362.0,1362.0,1362
广西科技师范学院,,1361.0,1361.0,1361.0,1361.0,1361.0,1361.0,1361.0,1361.0,1361.0,1361.0,1361.0,1361.0,1361.0,1361.0,1361.0,1361.0,1361.0,1361.0,1361.0,1361
丽水学院,1351.0,1351.0,1324.0,1401.0,1401.0,1401.0,1401.0,1420.0,1424.0,1424.0,1424.0,1349.0,1349.0,1360.0,1360.0,1360.0,1360.0,1360.0,1360.0,1360.0,1360
哈尔滨理工大学荣成,1360.0,1360.0,1360.0,1360.0,1360.0,1360.0,1360.0,1360.0,1360.0,1360.0,1360.0,1360.0,1360.0,1360.0,1360.0,1360.0,1360.0,1360.0,1360.0,1360.0,1360
湖北大学,1387.0,1387.0,1397.0,1397.0,1397.0,1397.0,1397.0,1397.0,1359.0,1359.0,1359.0,1359.0,1359.0,1359.0,1359.0,1359.0,1359.0,1359.0,1359.0,1359.0,1359
莆田学院,1422.0,1642.0,1612.0,1574.0,1596.0,1596.0,1596.0,1596.0,1512.0,1512.0,1512.0,1427.0,1400.0,1400.0,1359.0,1359.0,1359.0,1359.0,1359.0,1359.0,1359
阜阳理工学院,,1359.0,1359.0,1359.0,1359.0,1359.0,1359.0,1359.0,1359.0,1359.0,1359.0,1359.0,1359.0,1359.0,1359.0,1359.0,1359.0,1359.0,1359.0,1359.0,1359
南昌航空大学,1396.0,1447.0,1460.0,1492.0,1438.0,1438.0,1438.0,1438.0,1507.0,1507.0,1517.0,1517.0,1452.0,1362.0,1382.0,1358.0,1358.0,1358.0,1358.0,1358.0,1358
东华大学,1466.0,1466.0,1522.0,1598.0,1689.0,1689.0,1691.0,1607.0,1575.0,1482.0,1478.0,1556.0,1526.0,1444.0,1396.0,1396.0,1396.0,1442.0,1442.0,1357.0,1357
中国海洋大学,1369.0,1369.0,1362.0,1409.0,1409.0,1409.0,1409.0,1409.0,1409.0,1409.0,1409.0,1370.0,1370.0,1294.0,1294.0,1294.0,1294.0,1294.0,1294.0,1294.0,1356
中央民族大学,1321.0,1321.0,1266.0,1379.0,1379.0,1379.0,1379.0,1379.0,1379.0,1298.0,1298.0,1298.0,1298.0,1298.0,1298.0,1401.0,1401.0,1401.0,1401.0,1401.0,1356
安徽师范大学,1414.0,1414.0,1442.0,1464.0,1464.0,1464.0,1587.0,1587.0,1549.0,1549.0,1451.0,1546.0,1464.0,1405.0,1319.0,1319.0,1341.0,1341.0,1341.0,1315.0,1356
广东亚视演艺职业学院,,,,,,1356.0,1356.0,1356.0,1356.0,1356.0,1356.0,1356.0,1356.0,1356.0,1356.0,1356.0,1356.0,1356.0,1356.0,1356.0,1356
深圳北理莫斯科大学,,,,1393.0,1393.0,1393.0,1393.0,1393.0,1393.0,1393.0,1393.0,1393.0,1393.0,1393.0,1393.0,1393.0,1393.0,1393.0,1356.0,1356.0,1356
湖南工程学院,,,1356.0,1356.0,1356.0,1356.0,1356.0,1356.0,1356.0,1356.0,1356.0,1356.0,1356.0,1356.0,1356.0,1356.0,1356.0,1356.0,1356.0,1356.0,1356
郑州经贸学院,1375.0,1335.0,1362.0,1362.0,1354.0,1354.0,1354.0,1354.0,1354.0,1354.0,1354.0,1354.0,1386.0,1386.0,1386.0,1356.0,1356.0,1356.0,1356.0,1356.0,1356
中国地质大学（北京）,1473.0,1473.0,1448.0,1410.0,1423.0,1423.0,1423.0,1412.0,1412.0,1412.0,1514.0,1514.0,1540.0,1540.0,1540.0,1540.0,1519.0,1456.0,1456.0,1456.0,1353
华东交通大学,1397.0,1454.0,1405.0,1325.0,1404.0,1404.0,1404.0,1404.0,1404.0,1404.0,1404.0,1404.0,1404.0,1404.0,1404.0,1404.0,1404.0,1404.0,1334.0,1334.0,1353
延安大学西安创新学院,1378.0,1413.0,1373.0,1394.0,1394.0,1394.0,1394.0,1394.0,1394.0,1348.0,1348.0,1348.0,1348.0,1348.0,1348.0,1348.0,1348.0,1348.0,1345.0,1345.0,1353
武汉轻工大学,1359.0,1377.0,1326.0,1381.0,1308.0,1308.0,1308.0,1308.0,1349.0,1349.0,1349.0,1349.0,1349.0,1297.0,1297.0,1297.0,1297.0,1297.0,1384.0,1384.0,1353
金陵科技学院,,,1353.0,1353.0,1353.0,1353.0,1353.0,1353.0,1353.0,1353.0,1353.0,1353.0,1353.0,1353.0,1353.0,1353.0,1353.0,1353.0,1353.0,1353.0,1353
兰州理工大学,,,1351.0,1351.0,1351.0,1351.0,1351.0,1351.0,1351.0,1351.0,1351.0,1351.0,1351.0,1351.0,1351.0,1351.0,1351.0,1351.0,1351.0,1351.0,1351
杭州医学院,,,,1351.0,1351.0,1351.0,1351.0,1351.0,1351.0,1351.0,1351.0,1351.0,1351.0,1351.0,1351.0,1351.0,1351.0,1351.0,1351.0,1351.0,1351
河南理工大学,1435.0,1435.0,1467.0,1502.0,1568.0,1568.0,1489.0,1419.0,1375.0,1337.0,1293.0,1346.0,1367.0,1368.0,1319.0,1362.0,1362.0,1306.0,1306.0,1306.0,1351
浙江农林大学暨阳学院,,,,1351.0,1351.0,1351.0,1351.0,1351.0,1351.0,1351.0,1351.0,1351.0,1351.0,1351.0,1351.0,1351.0,1351.0,1351.0,1351.0,1351.0,1351
浙江广厦建设职业技术大学,1385.0,1373.0,1359.0,1350.0,1350.0,1350.0,1350.0,1350.0,1350.0,1350.0,1350.0,1350.0,1350.0,1350.0,1350.0,1350.0,1350.0,1350.0,1350.0,1350.0,1350
北京师范大学香港浸会大学联合国际学院,1401.0,1401.0,1359.0,1374.0,1374.0,1374.0,1411.0,1411.0,1411.0,1411.0,1411.0,1411.0,1337.0,1337.0,1337.0,1283.0,1313.0,1313.0,1348.0,1348.0,1348
扬州大学,1376.0,1376.0,1331.0,1316.0,1314.0,1314.0,1314.0,1314.0,1314.0,1314.0,1290.0,1290.0,1290.0,1290.0,1290.0,1290.0,1290.0,1290.0,1296.0,1296.0,1348
贵州师范大学,1398.0,1398.0,1375.0,1348.0,1348.0,1348.0,1348.0,1348.0,1348.0,1348.0,1348.0,1348.0,1348.0,1348.0,1348.0,1348.0,1348.0,1348.0,1348.0,1348.0,1348
无锡太湖学院,,1346.0,1346.0,1346.0,1346.0,1346.0,1346.0,1346.0,1346.0,1346.0,1346.0,1346.0,1346.0,1346.0,1346.0,1346.0,1346.0,1346.0,1346.0,1346.0,1346
长江师范学院,,,1346.0,1346.0,1346.0,1346.0,1346.0,1346.0,1346.0,1346.0,1346.0,1346.0,1346.0,1346.0,1346.0,1346.0,1346.0,1346.0,1346.0,1346.0,1346
邵阳学院,,,,1345.0,1345.0,1345.0,1345.0,1345.0,1345.0,1345.0,1345.0,1345.0,1345.0,1345.0,1345.0,1345.0,1345.0,1345.0,1345.0,1345.0,1345
大连海事大学,1458.0,1458.0,1512.0,1491.0,1551.0,1551.0,1551.0,1493.0,1434.0,1450.0,1384.0,1322.0,1301.0,1296.0,1406.0,1406.0,1406.0,1374.0,1278.0,1278.0,1344
宁波城市职业技术学院,,,,,,1342.0,1342.0,1342.0,1342.0,1342.0,1342.0,1342.0,1342.0,1342.0,1342.0,1342.0,1342.0,1342.0,1342.0,1342.0,1342
温州商学院,1393.0,1393.0,1406.0,1383.0,1383.0,1288.0,1288.0,1288.0,1288.0,1300.0,1300.0,1300.0,1350.0,1350.0,1342.0,1342.0,1342.0,1342.0,1342.0,1342.0,1342
韶关学院,1349.0,1349.0,1326.0,1314.0,1314.0,1314.0,1302.0,1302.0,1302.0,1302.0,1302.0,1302.0,1302.0,1302.0,1244.0,1244.0,1244.0,1244.0,1206.0,1206.0,1342
龙岩学院,,,,,1342.0,1342.0,1342.0,1342.0,1342.0,1342.0,1342.0,1342.0,1342.0,1342.0,1342.0,1342.0,1342.0,1342.0,1342.0,1342.0,1342
燕山大学,1354.0,1354.0,1351.0,1317.0,1324.0,1324.0,1324.0,1324.0,1324.0,1324.0,1324.0,1324.0,1340.0,1340.0,1340.0,1340.0,1340.0,1340.0,1340.0,1340.0,1340
黄冈师范学院,1367.0,1367.0,1350.0,1347.0,1347.0,1347.0,1324.0,1324.0,1340.0,1340.0,1340.0,1340.0,1340.0,1340.0,1340.0,1340.0,1340.0,1340.0,1340.0,1340.0,1340
哈尔滨石油学院,,,1339.0,1339.0,1339.0,1339.0,1339.0,1339.0,1339.0,1339.0,1339.0,1339.0,1339.0,1339.0,1339.0,1339.0,1339.0,1339.0,1339.0,1339.0,1339
山东财经大学,1356.0,1329.0,1322.0,1343.0,1343.0,1343.0,1363.0,1363.0,1363.0,1363.0,1363.0,1363.0,1363.0,1295.0,1295.0,1295.0,1295.0,1295.0,1334.0,1334.0,1339
上海海事大学,1381.0,1381.0,1345.0,1302.0,1293.0,1293.0,1294.0,1294.0,1294.0,1294.0,1294.0,1294.0,1294.0,1294.0,1315.0,1315.0,1315.0,1315.0,1300.0,1300.0,1338
中国矿业大学,1455.0,1455.0,1467.0,1501.0,1444.0,1444.0,1444.0,1393.0,1415.0,1433.0,1415.0,1369.0,1450.0,1486.0,1437.0,1437.0,1437.0,1437.0,1380.0,1380.0,1338
东莞城市学院,,,,,,,,,,,,,,,,,,,,,1336
首都师范大学,,,1336.0,1336.0,1336.0,1336.0,1336.0,1336.0,1336.0,1336.0,1336.0,1336.0,1336.0,1336.0,1336.0,1336.0,1336.0,1336.0,1336.0,1336.0,1336
佳木斯大学,,,,1335.0,1335.0,1335.0,1335.0,1335.0,1335.0,1335.0,1335.0,1335.0,1335.0,1335.0,1335.0,1335.0,1335.0,1335.0,1335.0,1335.0,1335
广州理工学院,,,1335.0,1335.0,1335.0,1335.0,1335.0,1335.0,1335.0,1335.0,1335.0,1335.0,1335.0,1335.0,1335.0,1335.0,1335.0,1335.0,1335.0,1335.0,1335
湖州师范大学,,,,,,,,,,,,,,,,,,,,,1335
中国石油大学北京克拉玛依校区,1358.0,1358.0,1416.0,1430.0,1440.0,1440.0,1440.0,1440.0,1440.0,1440.0,1440.0,1470.0,1381.0,1381.0,1410.0,1410.0,1334.0,1334.0,1334.0,1334.0,1334
安阳师范学院,1427.0,1466.0,1478.0,1460.0,1460.0,1460.0,1460.0,1460.0,1394.0,1394.0,1394.0,1394.0,1435.0,1413.0,1334.0,1334.0,1334.0,1334.0,1334.0,1334.0,1334
浙江水利水电学院,1361.0,1361.0,1334.0,1334.0,1334.0,1334.0,1334.0,1334.0,1334.0,1334.0,1334.0,1334.0,1334.0,1334.0,1334.0,1334.0,1334.0,1334.0,1334.0,1334.0,1334
湖南中医药大学,1332.0,1332.0,1308.0,1305.0,1305.0,1305.0,1334.0,1334.0,1334.0,1334.0,1334.0,1334.0,1334.0,1334.0,1334.0,1334.0,1334.0,1334.0,1334.0,1334.0,1334
郑州升达经贸管理学院,,,1334.0,1334.0,1334.0,1334.0,1334.0,1334.0,1334.0,1334.0,1334.0,1334.0,1334.0,1334.0,1334.0,1334.0,1334.0,1334.0,1334.0,1334.0,1334
重庆工程学院,1460.0,1460.0,1401.0,1493.0,1493.0,1493.0,1493.0,1505.0,1406.0,1406.0,1532.0,1499.0,1394.0,1394.0,1297.0,1466.0,1466.0,1435.0,1334.0,1334.0,1334
广东培正学院,1335.0,1335.0,1399.0,1384.0,1384.0,1384.0,1384.0,1332.0,1332.0,1332.0,1333.0,1333.0,1333.0,1333.0,1333.0,1333.0,1333.0,1333.0,1333.0,1333.0,1333
淮北理工学院,1378.0,1400.0,1352.0,1332.0,1332.0,1332.0,1332.0,1332.0,1332.0,1332.0,1332.0,1332.0,1332.0,1332.0,1332.0,1332.0,1332.0,1332.0,1332.0,1332.0,1332
澳门城市大学,,,,,,,,,,,,,,,,,1332.0,1332.0,1332.0,1332.0,1332
西北民族大学,,,1332.0,1332.0,1332.0,1332.0,1332.0,1332.0,1332.0,1332.0,1332.0,1332.0,1332.0,1332.0,1332.0,1332.0,1332.0,1332.0,1332.0,1332.0,1332
上海电机学院,,,,1331.0,1331.0,1331.0,1331.0,1331.0,1331.0,1331.0,1331.0,1331.0,1331.0,1331.0,1331.0,1331.0,1331.0,1331.0,1331.0,1331.0,1331
江苏科技大学,1378.0,1378.0,1392.0,1336.0,1336.0,1336.0,1336.0,1336.0,1336.0,1336.0,1331.0,1331.0,1331.0,1331.0,1331.0,1331.0,1331.0,1331.0,1331.0,1331.0,1331
陆军工程大学,,,1331.0,1331.0,1331.0,1331.0,1331.0,1331.0,1331.0,1331.0,1331.0,1331.0,1331.0,1331.0,1331.0,1331.0,1331.0,1331.0,1331.0,1331.0,1331
郑州航空工业管理学院,,,1330.0,1330.0,1330.0,1330.0,1330.0,1330.0,1330.0,1330.0,1330.0,1330.0,1330.0,1330.0,1330.0,1330.0,1330.0,1330.0,1330.0,1330.0,1330
安徽信息工程学院,,,,1329.0,1329.0,1329.0,1329.0,1329.0,1329.0,1329.0,1329.0,1329.0,1329.0,1329.0,1329.0,1329.0,1329.0,1329.0,1329.0,1329.0,1329
安徽工程大学,,,,,,,,,,,,1329.0,1329.0,1329.0,1329.0,1329.0,1329.0,1329.0,1329.0,1329.0,1329
江西新能源科技职业学院,,,,,,1328.0,1328.0,1328.0,1328.0,1328.0,1328.0,1328.0,1328.0,1328.0,1328.0,1328.0,1328.0,1328.0,1328.0,1328.0,1328
河北大学,1337.0,1337.0,1337.0,1297.0,1297.0,1297.0,1297.0,1297.0,1297.0,1295.0,1295.0,1295.0,1295.0,1295.0,1295.0,1295.0,1295.0,1295.0,1362.0,1362.0,1328
河南师范大学,1467.0,1467.0,1483.0,1485.0,1487.0,1487.0,1558.0,1562.0,1549.0,1561.0,1519.0,1519.0,1477.0,1461.0,1447.0,1447.0,1375.0,1312.0,1327.0,1327.0,1327
芜湖学院,,,1327.0,1327.0,1327.0,1327.0,1327.0,1327.0,1327.0,1327.0,1327.0,1327.0,1327.0,1327.0,1327.0,1327.0,1327.0,1327.0,1327.0,1327.0,1327
山东中医药大学,,,,,,,,,,,,1326.0,1326.0,1326.0,1326.0,1326.0,1326.0,1326.0,1326.0,1326.0,1326
江西科技学院,,,1326.0,1326.0,1326.0,1326.0,1326.0,1326.0,1326.0,1326.0,1326.0,1326.0,1326.0,1326.0,1326.0,1326.0,1326.0,1326.0,1326.0,1326.0,1326
河北科技大学,1326.0,1326.0,1326.0,1326.0,1326.0,1326.0,1326.0,1326.0,1326.0,1326.0,1326.0,1326.0,1326.0,1326.0,1326.0,1326.0,1326.0,1326.0,1326.0,1326.0,1326
湖北工业大学,1406.0,1402.0,1432.0,1471.0,1511.0,1511.0,1511.0,1464.0,1435.0,1435.0,1504.0,1504.0,1409.0,1448.0,1379.0,1362.0,1362.0,1292.0,1292.0,1292.0,1326
湛江科技学院,,,1326.0,1326.0,1326.0,1326.0,1326.0,1326.0,1326.0,1326.0,1326.0,1326.0,1326.0,1326.0,1326.0,1326.0,1326.0,1326.0,1326.0,1326.0,1326
绍兴文理学院,1403.0,1403.0,1389.0,1382.0,1382.0,1382.0,1457.0,1457.0,1389.0,1389.0,1389.0,1389.0,1331.0,1331.0,1326.0,1326.0,1326.0,1326.0,1326.0,1326.0,1326
内蒙古民族大学,,,1325.0,1325.0,1325.0,1325.0,1325.0,1325.0,1325.0,1325.0,1325.0,1325.0,1325.0,1325.0,1325.0,1325.0,1325.0,1325.0,1325.0,1325.0,1325
南京邮电大学通达学院,,,1325.0,1325.0,1325.0,1325.0,1325.0,1325.0,1325.0,1325.0,1325.0,1325.0,1325.0,1325.0,1325.0,1325.0,1325.0,1325.0,1325.0,1325.0,1325
曲阜师范大学,1347.0,1347.0,1314.0,1306.0,1306.0,1306.0,1306.0,1306.0,1306.0,1306.0,1306.0,1306.0,1306.0,1306.0,1306.0,1306.0,1306.0,1306.0,1306.0,1306.0,1325
韩山师范学院,1365.0,1365.0,1365.0,1365.0,1365.0,1365.0,1365.0,1365.0,1365.0,1365.0,1365.0,1365.0,1365.0,1365.0,1365.0,1361.0,1361.0,1361.0,1361.0,1361.0,1325
衡阳师范学院,1365.0,1351.0,1368.0,1425.0,1425.0,1425.0,1425.0,1425.0,1425.0,1425.0,1425.0,1425.0,1425.0,1450.0,1450.0,1397.0,1397.0,1397.0,1397.0,1397.0,1324
哈尔滨信息工程学院,,,1323.0,1323.0,1323.0,1323.0,1323.0,1323.0,1323.0,1323.0,1323.0,1323.0,1323.0,1323.0,1323.0,1323.0,1323.0,1323.0,1323.0,1323.0,1323
丽水职业技术学院,,,,,,1322.0,1322.0,1322.0,1322.0,1322.0,1322.0,1322.0,1322.0,1322.0,1322.0,1322.0,1322.0,1322.0,1322.0,1322.0,1322
海南大学,1345.0,1297.0,1277.0,1244.0,1244.0,1244.0,1263.0,1263.0,1263.0,1263.0,1263.0,1263.0,1263.0,1263.0,1263.0,1263.0,1263.0,1263.0,1279.0,1279.0,1321
天津职业技术师范大学,,1320.0,1320.0,1320.0,1320.0,1320.0,1320.0,1320.0,1320.0,1320.0,1320.0,1320.0,1320.0,1320.0,1320.0,1320.0,1320.0,1320.0,1320.0,1320.0,1320
泰州学院,,,1320.0,1320.0,1320.0,1320.0,1320.0,1320.0,1320.0,1320.0,1320.0,1320.0,1320.0,1320.0,1320.0,1320.0,1320.0,1320.0,1320.0,1320.0,1320
肇庆学院,,,1320.0,1320.0,1320.0,1320.0,1320.0,1320.0,1320.0,1320.0,1320.0,1320.0,1320.0,1320.0,1320.0,1320.0,1320.0,1320.0,1320.0,1320.0,1320
青岛科技大学,1372.0,1372.0,1384.0,1384.0,1384.0,1384.0,1384.0,1384.0,1384.0,1384.0,1384.0,1384.0,1339.0,1339.0,1339.0,1339.0,1339.0,1339.0,1339.0,1339.0,1320
内蒙古农业大学,,,,,,,,,,,,,,1319.0,1319.0,1319.0,1319.0,1319.0,1319.0,1319.0,1319
哈尔滨理工大学威海,,,,1365.0,1365.0,1365.0,1365.0,1365.0,1365.0,1319.0,1319.0,1319.0,1319.0,1319.0,1319.0,1319.0,1319.0,1319.0,1319.0,1319.0,1319
武汉商学院,1344.0,1344.0,1376.0,1338.0,1338.0,1338.0,1338.0,1338.0,1287.0,1287.0,1287.0,1287.0,1319.0,1319.0,1319.0,1319.0,1319.0,1319.0,1319.0,1319.0,1319
白城师范学院,,,,,,,,,,1319.0,1319.0,1319.0,1319.0,1319.0,1319.0,1319.0,1319.0,1319.0,1319.0,1319.0,1319
东北石油大学,,,,,,,,,1318.0,1318.0,1318.0,1318.0,1318.0,1318.0,1318.0,1318.0,1318.0,1318.0,1318.0,1318.0,1318
无锡学院,1366.0,1366.0,1330.0,1312.0,1341.0,1341.0,1341.0,1341.0,1341.0,1341.0,1341.0,1341.0,1341.0,1341.0,1341.0,1341.0,1341.0,1341.0,1301.0,1301.0,1318
澳门科技大学,,,,,,,,,,,,,,,,,,,1318.0,1318.0,1318
西安明德理工学院,,1318.0,1318.0,1318.0,1318.0,1318.0,1318.0,1318.0,1318.0,1318.0,1318.0,1318.0,1318.0,1318.0,1318.0,1318.0,1318.0,1318.0,1318.0,1318.0,1318
防灾科技学院,,,,1318.0,1318.0,1318.0,1318.0,1318.0,1318.0,1318.0,1318.0,1318.0,1318.0,1318.0,1318.0,1318.0,1318.0,1318.0,1318.0,1318.0,1318
三峡大学,1380.0,1380.0,1373.0,1384.0,1460.0,1460.0,1378.0,1378.0,1374.0,1374.0,1374.0,1374.0,1374.0,1374.0,1374.0,1332.0,1332.0,1332.0,1332.0,1332.0,1317
兰州交通大学,,,,1317.0,1317.0,1317.0,1317.0,1317.0,1317.0,1317.0,1317.0,1317.0,1317.0,1317.0,1317.0,1317.0,1317.0,1317.0,1317.0,1317.0,1317
宁波诺丁汉大学,1317.0,1317.0,1317.0,1317.0,1317.0,1317.0,1317.0,1317.0,1317.0,1317.0,1317.0,1317.0,1317.0,1317.0,1317.0,1317.0,1317.0,1317.0,1317.0,1317.0,1317
深圳理工大学,,,,1317.0,1317.0,1317.0,1317.0,1317.0,1317.0,1317.0,1317.0,1317.0,1317.0,1317.0,1317.0,1317.0,1317.0,1317.0,1317.0,1317.0,1317
云南财经大学,1316.0,1316.0,1316.0,1316.0,1316.0,1316.0,1316.0,1316.0,1316.0,1316.0,1316.0,1316.0,1316.0,1316.0,1316.0,1316.0,1316.0,1316.0,1316.0,1316.0,1316
河南城建学院,,,1316.0,1316.0,1316.0,1316.0,1316.0,1316.0,1316.0,1316.0,1316.0,1316.0,1316.0,1316.0,1316.0,1316.0,1316.0,1316.0,1316.0,1316.0,1316
浙江经贸职业技术学院,,,,1316.0,1316.0,1316.0,1316.0,1316.0,1316.0,1316.0,1316.0,1316.0,1316.0,1316.0,1316.0,1316.0,1316.0,1316.0,1316.0,1316.0,1316
福建商学院,1317.0,1278.0,1192.0,1173.0,1173.0,1173.0,1173.0,1173.0,1173.0,1135.0,1135.0,1135.0,1135.0,1135.0,1135.0,1135.0,1135.0,1135.0,1135.0,1135.0,1316
宿州学院,,1315.0,1315.0,1315.0,1315.0,1315.0,1315.0,1315.0,1315.0,1315.0,1315.0,1315.0,1315.0,1315.0,1315.0,1315.0,1315.0,1315.0,1315.0,1315.0,1315
山西农业大学,,,,1315.0,1315.0,1315.0,1315.0,1315.0,1315.0,1315.0,1315.0,1315.0,1315.0,1315.0,1315.0,1315.0,1315.0,1315.0,1315.0,1315.0,1315
湖南人文科技学院,1421.0,1421.0,1378.0,1386.0,1386.0,1386.0,1386.0,1386.0,1334.0,1334.0,1334.0,1334.0,1381.0,1381.0,1381.0,1315.0,1315.0,1315.0,1315.0,1315.0,1315
滁州学院,1328.0,1328.0,1315.0,1315.0,1315.0,1315.0,1315.0,1315.0,1315.0,1315.0,1315.0,1315.0,1315.0,1315.0,1315.0,1315.0,1315.0,1315.0,1315.0,1315.0,1315
广西医科大学,,,,1314.0,1314.0,1314.0,1314.0,1314.0,1314.0,1314.0,1314.0,1314.0,1314.0,1314.0,1314.0,1314.0,1314.0,1314.0,1314.0,1314.0,1314
泉州师范学院,1357.0,1357.0,1386.0,1383.0,1383.0,1383.0,1383.0,1319.0,1319.0,1319.0,1319.0,1319.0,1391.0,1391.0,1391.0,1314.0,1314.0,1314.0,1314.0,1314.0,1314
湖北工业大学工程技术学院,1314.0,1314.0,1314.0,1314.0,1314.0,1314.0,1314.0,1314.0,1314.0,1314.0,1314.0,1314.0,1314.0,1314.0,1314.0,1314.0,1314.0,1314.0,1314.0,1314.0,1314
内蒙古大学,1343.0,1343.0,1351.0,1388.0,1388.0,1388.0,1388.0,1388.0,1388.0,1361.0,1365.0,1376.0,1376.0,1313.0,1313.0,1313.0,1313.0,1313.0,1313.0,1313.0,1313
四川轻化工大学,,,,1313.0,1313.0,1313.0,1313.0,1313.0,1313.0,1313.0,1313.0,1313.0,1313.0,1313.0,1313.0,1313.0,1313.0,1313.0,1313.0,1313.0,1313
河北科技师范学院,,,1313.0,1313.0,1313.0,1313.0,1313.0,1313.0,1313.0,1313.0,1313.0,1313.0,1313.0,1313.0,1313.0,1313.0,1313.0,1313.0,1313.0,1313.0,1313
通化师范学院,,,,,,,,,,1313.0,1313.0,1313.0,1313.0,1313.0,1313.0,1313.0,1313.0,1313.0,1313.0,1313.0,1313
广州南方学院,1313.0,1313.0,1291.0,1312.0,1312.0,1312.0,1312.0,1312.0,1312.0,1312.0,1312.0,1312.0,1312.0,1312.0,1312.0,1312.0,1312.0,1312.0,1312.0,1312.0,1312
新蒙古理工学院,,,,,,,,,,,,,,,,,1312.0,1312.0,1312.0,1312.0,1312
河南科技职业大学,,,,1319.0,1319.0,1311.0,1311.0,1311.0,1311.0,1311.0,1311.0,1311.0,1311.0,1311.0,1311.0,1311.0,1311.0,1311.0,1311.0,1311.0,1311
珠海科技学院,1392.0,1392.0,1370.0,1325.0,1325.0,1325.0,1325.0,1325.0,1325.0,1283.0,1283.0,1283.0,1283.0,1283.0,1283.0,1283.0,1283.0,1283.0,1311.0,1311.0,1311
萍乡学院,,1311.0,1311.0,1311.0,1311.0,1311.0,1311.0,1311.0,1311.0,1311.0,1311.0,1311.0,1311.0,1311.0,1311.0,1311.0,1311.0,1311.0,1311.0,1311.0,1311
重庆电子科技职业大学,,,,1311.0,1311.0,1311.0,1311.0,1311.0,1311.0,1311.0,1311.0,1311.0,1311.0,1311.0,1311.0,1311.0,1311.0,1311.0,1311.0,1311.0,1311
青海民族大学,,,1311.0,1311.0,1311.0,1311.0,1311.0,1311.0,1311.0,1311.0,1311.0,1311.0,1311.0,1311.0,1311.0,1311.0,1311.0,1311.0,1311.0,1311.0,1311
上海建桥学院,1310.0,1310.0,1310.0,1310.0,1310.0,1310.0,1310.0,1310.0,1310.0,1310.0,1310.0,1310.0,1310.0,1310.0,1310.0,1310.0,1310.0,1310.0,1310.0,1310.0,1310
中国人民公安大学,,,,1310.0,1310.0,1310.0,1310.0,1310.0,1310.0,1310.0,1310.0,1310.0,1310.0,1310.0,1310.0,1310.0,1310.0,1310.0,1310.0,1310.0,1310
佛山大学,1354.0,1354.0,1321.0,1288.0,1288.0,1288.0,1288.0,1288.0,1288.0,1288.0,1288.0,1288.0,1288.0,1288.0,1288.0,1288.0,1288.0,1288.0,1277.0,1277.0,1310
南华大学,1367.0,1367.0,1340.0,1340.0,1310.0,1310.0,1310.0,1310.0,1310.0,1310.0,1310.0,1310.0,1310.0,1310.0,1310.0,1310.0,1310.0,1310.0,1310.0,1310.0,1310
山西工商学院,,1310.0,1310.0,1310.0,1310.0,1310.0,1310.0,1310.0,1310.0,1310.0,1310.0,1310.0,1310.0,1310.0,1310.0,1310.0,1310.0,1310.0,1310.0,1310.0,1310
河北师范大学附属民族学院,,,,1310.0,1310.0,1310.0,1310.0,1310.0,1310.0,1310.0,1310.0,1310.0,1310.0,1310.0,1310.0,1310.0,1310.0,1310.0,1310.0,1310.0,1310
湖南工商大学,,,,1391.0,1391.0,1391.0,1391.0,1391.0,1391.0,1391.0,1391.0,1391.0,1391.0,1391.0,1391.0,1310.0,1310.0,1310.0,1310.0,1310.0,1310
蒙古科技大学,,,,,,,,,,,,,,,,,1310.0,1310.0,1310.0,1310.0,1310
衢州职业技术学院,,,1310.0,1310.0,1310.0,1310.0,1310.0,1310.0,1310.0,1310.0,1310.0,1310.0,1310.0,1310.0,1310.0,1310.0,1310.0,1310.0,1310.0,1310.0,1310
兰州城市学院,1309.0,1309.0,1309.0,1309.0,1309.0,1309.0,1309.0,1309.0,1309.0,1309.0,1309.0,1309.0,1309.0,1309.0,1309.0,1309.0,1309.0,1309.0,1309.0,1309.0,1309
山东管理学院,1387.0,1347.0,1306.0,1340.0,1340.0,1340.0,1340.0,1340.0,1340.0,1340.0,1340.0,1372.0,1372.0,1372.0,1372.0,1372.0,1372.0,1372.0,1280.0,1280.0,1309
广州工商学院,,,,,,,,,,,,,,,,,,,1309.0,1309.0,1309
成都理工大学,1405.0,1405.0,1406.0,1406.0,1471.0,1471.0,1402.0,1457.0,1467.0,1467.0,1467.0,1467.0,1493.0,1493.0,1493.0,1429.0,1429.0,1371.0,1351.0,1351.0,1309
武汉工商学院,,,,1309.0,1309.0,1309.0,1309.0,1309.0,1309.0,1309.0,1309.0,1309.0,1309.0,1309.0,1309.0,1309.0,1309.0,1309.0,1309.0,1309.0,1309
沈阳工程学院,,,1309.0,1309.0,1309.0,1309.0,1309.0,1309.0,1309.0,1309.0,1309.0,1309.0,1309.0,1309.0,1309.0,1309.0,1309.0,1309.0,1309.0,1309.0,1309
浙江工业职业技术学院,,,1363.0,1293.0,1293.0,1378.0,1378.0,1378.0,1378.0,1378.0,1378.0,1329.0,1329.0,1309.0,1309.0,1309.0,1309.0,1309.0,1309.0,1309.0,1309
浙江纺织服装职业技术学院,,,,,,1309.0,1309.0,1309.0,1309.0,1309.0,1309.0,1309.0,1309.0,1309.0,1309.0,1309.0,1309.0,1309.0,1309.0,1309.0,1309
石河子大学,1341.0,1353.0,1309.0,1309.0,1309.0,1309.0,1309.0,1309.0,1309.0,1309.0,1309.0,1309.0,1309.0,1309.0,1309.0,1309.0,1309.0,1309.0,1309.0,1309.0,1309
阜阳师范大学,1382.0,1382.0,1386.0,1479.0,1404.0,1404.0,1404.0,1404.0,1370.0,1370.0,1370.0,1315.0,1315.0,1415.0,1415.0,1401.0,1401.0,1401.0,1401.0,1401.0,1309
商丘师范学院,1395.0,1395.0,1395.0,1395.0,1420.0,1420.0,1420.0,1420.0,1420.0,1354.0,1354.0,1354.0,1354.0,1354.0,1354.0,1354.0,1354.0,1354.0,1354.0,1354.0,1308
嘉应学院,1348.0,1348.0,1327.0,1302.0,1302.0,1302.0,1308.0,1308.0,1308.0,1308.0,1308.0,1308.0,1308.0,1308.0,1308.0,1308.0,1308.0,1308.0,1308.0,1308.0,1308
安徽工业大学,1333.0,1333.0,1289.0,1263.0,1263.0,1263.0,1347.0,1347.0,1347.0,1347.0,1347.0,1347.0,1347.0,1347.0,1347.0,1347.0,1347.0,1347.0,1314.0,1314.0,1308
西安石油大学,,,,,,,,,,,,,,,,,,,,,1308
遂宁职业学院,,,,1308.0,1308.0,1308.0,1308.0,1308.0,1308.0,1308.0,1308.0,1308.0,1308.0,1308.0,1308.0,1308.0,1308.0,1308.0,1308.0,1308.0,1308
中国地质大学（武汉）,1452.0,1452.0,1415.0,1415.0,1366.0,1366.0,1366.0,1410.0,1390.0,1390.0,1472.0,1472.0,1387.0,1387.0,1307.0,1307.0,1307.0,1307.0,1307.0,1307.0,1307
南京审计大学,,,1307.0,1307.0,1307.0,1307.0,1307.0,1307.0,1307.0,1307.0,1307.0,1307.0,1307.0,1307.0,1307.0,1307.0,1307.0,1307.0,1307.0,1307.0,1307
阳光学院,,,,,,,,,,,,,,1307.0,1307.0,1307.0,1307.0,1307.0,1307.0,1307.0,1307
广东工业大学揭阳校区,1393.0,1393.0,1377.0,1363.0,1363.0,1363.0,1363.0,1363.0,1363.0,1363.0,1363.0,1363.0,1363.0,1363.0,1294.0,1294.0,1258.0,1258.0,1306.0,1306.0,1306
怀化学院,1384.0,1398.0,1387.0,1360.0,1360.0,1360.0,1360.0,1360.0,1360.0,1360.0,1360.0,1360.0,1360.0,1360.0,1321.0,1321.0,1321.0,1321.0,1306.0,1306.0,1306
苏州科技大学,1374.0,1374.0,1375.0,1403.0,1403.0,1403.0,1403.0,1403.0,1403.0,1363.0,1306.0,1306.0,1306.0,1306.0,1306.0,1306.0,1306.0,1306.0,1306.0,1306.0,1306
东华理工大学,1359.0,1402.0,1368.0,1338.0,1285.0,1285.0,1285.0,1285.0,1285.0,1285.0,1285.0,1285.0,1285.0,1231.0,1267.0,1267.0,1267.0,1267.0,1353.0,1353.0,1304
广东海洋大学,1350.0,1350.0,1312.0,1312.0,1312.0,1312.0,1312.0,1312.0,1312.0,1312.0,1312.0,1312.0,1312.0,1312.0,1312.0,1312.0,1312.0,1312.0,1303.0,1303.0,1303
湖州师范学院,1391.0,1391.0,1413.0,1420.0,1420.0,1420.0,1373.0,1373.0,1373.0,1373.0,1373.0,1373.0,1298.0,1298.0,1298.0,1303.0,1303.0,1303.0,1303.0,1303.0,1303
江西软件职业技术大学,,,,,,,,,,,,,,,,,,,1302.0,1302.0,1302
中原工学院,1344.0,1302.0,1306.0,1342.0,1342.0,1342.0,1342.0,1342.0,1342.0,1342.0,1342.0,1342.0,1342.0,1310.0,1310.0,1310.0,1310.0,1310.0,1310.0,1310.0,1301
华北理工大学,1344.0,1344.0,1380.0,1332.0,1272.0,1272.0,1272.0,1272.0,1272.0,1272.0,1272.0,1272.0,1244.0,1244.0,1244.0,1244.0,1265.0,1265.0,1265.0,1265.0,1301
空军工程大学,,,,,,,,,,,,,,,,,,,,,1301
北部湾大学,,,,,,,,,,,,,,,,,,,1300.0,1300.0,1300
台州大学,,,,,,,,,,,,,,,,,1300.0,1300.0,1300.0,1300.0,1300
河南财经政法大学,1340.0,1340.0,1300.0,1300.0,1300.0,1300.0,1300.0,1300.0,1300.0,1300.0,1300.0,1300.0,1300.0,1300.0,1300.0,1300.0,1300.0,1300.0,1300.0,1300.0,1300
沈阳理工大学,1397.0,1397.0,1353.0,1389.0,1348.0,1348.0,1348.0,1348.0,1348.0,1348.0,1348.0,1348.0,1335.0,1289.0,1289.0,1289.0,1289.0,1289.0,1289.0,1289.0,1299
郑州大学,1413.0,1413.0,1449.0,1442.0,1440.0,1440.0,1426.0,1375.0,1380.0,1318.0,1311.0,1262.0,1292.0,1292.0,1336.0,1336.0,1336.0,1336.0,1286.0,1286.0,1298
渭南师范学院,,,,,,,,,,,,,,,,,,,,,1297
湖南文理学院,,,1326.0,1297.0,1297.0,1297.0,1297.0,1297.0,1297.0,1297.0,1297.0,1297.0,1297.0,1297.0,1297.0,1297.0,1297.0,1297.0,1297.0,1297.0,1297
河南科技大学,1362.0,1362.0,1348.0,1341.0,1341.0,1341.0,1341.0,1341.0,1341.0,1341.0,1341.0,1341.0,1341.0,1341.0,1341.0,1341.0,1341.0,1341.0,1341.0,1341.0,1295
西交利物浦大学,1353.0,1353.0,1295.0,1295.0,1295.0,1295.0,1295.0,1295.0,1295.0,1295.0,1295.0,1295.0,1295.0,1295.0,1295.0,1295.0,1295.0,1295.0,1295.0,1295.0,1295
信阳师范大学,1371.0,1412.0,1394.0,1355.0,1355.0,1355.0,1355.0,1355.0,1355.0,1355.0,1355.0,1355.0,1355.0,1355.0,1355.0,1355.0,1355.0,1355.0,1355.0,1355.0,1294
山西大学,1353.0,1389.0,1351.0,1384.0,1342.0,1342.0,1342.0,1342.0,1321.0,1321.0,1321.0,1321.0,1321.0,1350.0,1350.0,1350.0,1350.0,1350.0,1294.0,1294.0,1294
河北经贸大学,,,1324.0,1324.0,1324.0,1324.0,1324.0,1324.0,1324.0,1294.0,1294.0,1294.0,1294.0,1294.0,1294.0,1294.0,1294.0,1294.0,1294.0,1294.0,1294
河南科技学院,1322.0,1322.0,1298.0,1293.0,1293.0,1293.0,1293.0,1293.0,1293.0,1293.0,1293.0,1293.0,1293.0,1293.0,1293.0,1293.0,1293.0,1293.0,1293.0,1293.0,1293
香港理工大学,1429.0,1429.0,1413.0,1413.0,1413.0,1413.0,1413.0,1463.0,1483.0,1483.0,1418.0,1418.0,1418.0,1418.0,1346.0,1346.0,1413.0,1383.0,1293.0,1293.0,1293
南阳师范学院,1366.0,1367.0,1382.0,1379.0,1345.0,1345.0,1264.0,1264.0,1264.0,1264.0,1264.0,1264.0,1255.0,1255.0,1255.0,1242.0,1242.0,1242.0,1242.0,1242.0,1292
台州学院,1474.0,1474.0,1495.0,1561.0,1566.0,1566.0,1485.0,1444.0,1404.0,1404.0,1325.0,1325.0,1408.0,1510.0,1453.0,1495.0,1495.0,1486.0,1412.0,1350.0,1292
南京工程学院,1420.0,1330.0,1369.0,1359.0,1359.0,1359.0,1359.0,1359.0,1307.0,1307.0,1307.0,1307.0,1425.0,1425.0,1425.0,1425.0,1425.0,1382.0,1291.0,1291.0,1291
安阳工学院,1414.0,1414.0,1400.0,1401.0,1401.0,1401.0,1401.0,1401.0,1338.0,1338.0,1338.0,1363.0,1363.0,1291.0,1291.0,1291.0,1291.0,1291.0,1291.0,1291.0,1291
河南工程学院,1335.0,1335.0,1329.0,1364.0,1364.0,1364.0,1325.0,1325.0,1325.0,1325.0,1325.0,1291.0,1291.0,1291.0,1291.0,1291.0,1291.0,1291.0,1291.0,1291.0,1291
上海工程技术大学,1331.0,1331.0,1312.0,1312.0,1312.0,1312.0,1312.0,1312.0,1312.0,1312.0,1312.0,1290.0,1290.0,1290.0,1290.0,1290.0,1290.0,1290.0,1290.0,1290.0,1290
上海杉达学院,1323.0,1323.0,1290.0,1290.0,1290.0,1290.0,1290.0,1290.0,1290.0,1290.0,1290.0,1290.0,1290.0,1290.0,1290.0,1290.0,1290.0,1290.0,1290.0,1290.0,1290
北京中医药大学,,,1365.0,1290.0,1290.0,1290.0,1290.0,1290.0,1290.0,1290.0,1290.0,1290.0,1290.0,1290.0,1290.0,1290.0,1290.0,1290.0,1290.0,1290.0,1290
太原科技大学,1329.0,1329.0,1281.0,1281.0,1281.0,1281.0,1270.0,1270.0,1270.0,1270.0,1270.0,1270.0,1270.0,1270.0,1270.0,1270.0,1270.0,1270.0,1278.0,1278.0,1290
信息工程大学,1400.0,1516.0,1517.0,1471.0,1436.0,1436.0,1453.0,1417.0,1343.0,1343.0,1343.0,1343.0,1333.0,1324.0,1297.0,1297.0,1297.0,1297.0,1338.0,1338.0,1289
浙江外国语学院,1348.0,1348.0,1328.0,1328.0,1328.0,1328.0,1328.0,1328.0,1328.0,1328.0,1328.0,1328.0,1328.0,1289.0,1289.0,1289.0,1289.0,1289.0,1289.0,1289.0,1289
宁波工程学院,1370.0,1370.0,1377.0,1433.0,1433.0,1433.0,1433.0,1433.0,1433.0,1428.0,1428.0,1356.0,1356.0,1356.0,1356.0,1356.0,1317.0,1317.0,1356.0,1356.0,1288
南京理工大学泰州科技学院,1322.0,1322.0,1287.0,1287.0,1287.0,1287.0,1287.0,1287.0,1287.0,1287.0,1287.0,1287.0,1287.0,1287.0,1287.0,1287.0,1287.0,1287.0,1287.0,1287.0,1287
齐鲁工业大学,1416.0,1349.0,1329.0,1343.0,1387.0,1387.0,1387.0,1321.0,1317.0,1317.0,1347.0,1338.0,1395.0,1404.0,1312.0,1312.0,1346.0,1346.0,1346.0,1346.0,1287
山东女子学院,,,1338.0,1305.0,1305.0,1305.0,1305.0,1305.0,1305.0,1305.0,1305.0,1286.0,1286.0,1286.0,1286.0,1286.0,1286.0,1286.0,1286.0,1286.0,1286
湖北经济学院,1346.0,1351.0,1351.0,1298.0,1298.0,1298.0,1298.0,1298.0,1221.0,1221.0,1221.0,1221.0,1221.0,1221.0,1221.0,1221.0,1221.0,1221.0,1258.0,1258.0,1286
重庆城市科技学院,1384.0,1384.0,1435.0,1411.0,1333.0,1333.0,1369.0,1425.0,1354.0,1354.0,1354.0,1354.0,1354.0,1354.0,1354.0,1377.0,1377.0,1377.0,1377.0,1377.0,1286
中北大学,1415.0,1398.0,1382.0,1379.0,1379.0,1379.0,1303.0,1261.0,1245.0,1245.0,1243.0,1243.0,1287.0,1287.0,1287.0,1287.0,1274.0,1274.0,1274.0,1274.0,1284
北京语言大学,1325.0,1325.0,1314.0,1284.0,1284.0,1284.0,1284.0,1284.0,1284.0,1284.0,1284.0,1284.0,1284.0,1284.0,1284.0,1284.0,1284.0,1284.0,1284.0,1284.0,1284
大连民族大学,1377.0,1377.0,1327.0,1303.0,1303.0,1303.0,1303.0,1303.0,1303.0,1295.0,1295.0,1295.0,1284.0,1284.0,1284.0,1284.0,1284.0,1284.0,1284.0,1284.0,1284
绍兴职业技术学院,,,,1332.0,1332.0,1373.0,1373.0,1373.0,1373.0,1373.0,1373.0,1284.0,1284.0,1284.0,1284.0,1284.0,1284.0,1284.0,1284.0,1284.0,1284
山西财经大学,1330.0,1330.0,1283.0,1283.0,1283.0,1283.0,1283.0,1283.0,1283.0,1283.0,1283.0,1283.0,1283.0,1283.0,1283.0,1283.0,1283.0,1283.0,1283.0,1283.0,1283
上海师范大学,1373.0,1373.0,1427.0,1389.0,1389.0,1389.0,1389.0,1339.0,1385.0,1385.0,1377.0,1367.0,1323.0,1323.0,1282.0,1282.0,1282.0,1282.0,1282.0,1282.0,1282
武汉软件工程职业学院,,1376.0,1376.0,1376.0,1376.0,1391.0,1391.0,1391.0,1327.0,1327.0,1327.0,1296.0,1296.0,1296.0,1296.0,1296.0,1296.0,1296.0,1252.0,1282.0,1282
唐山学院,1308.0,1308.0,1281.0,1281.0,1281.0,1281.0,1281.0,1281.0,1281.0,1281.0,1281.0,1281.0,1281.0,1281.0,1281.0,1281.0,1281.0,1281.0,1281.0,1281.0,1281
大连理工大学城市学院,1346.0,1346.0,1350.0,1310.0,1230.0,1230.0,1230.0,1230.0,1230.0,1230.0,1230.0,1230.0,1263.0,1248.0,1248.0,1248.0,1248.0,1248.0,1248.0,1248.0,1281
武汉职业技术大学,1315.0,1315.0,1251.0,1263.0,1263.0,1281.0,1281.0,1281.0,1281.0,1281.0,1281.0,1281.0,1281.0,1281.0,1281.0,1281.0,1281.0,1281.0,1281.0,1281.0,1281
苏州工学院,1380.0,1349.0,1339.0,1375.0,1375.0,1375.0,1439.0,1439.0,1373.0,1373.0,1354.0,1353.0,1353.0,1353.0,1289.0,1289.0,1289.0,1289.0,1313.0,1313.0,1281
重庆交通大学,1339.0,1339.0,1339.0,1284.0,1284.0,1284.0,1284.0,1284.0,1284.0,1284.0,1284.0,1284.0,1284.0,1284.0,1284.0,1284.0,1284.0,1284.0,1281.0,1281.0,1281
重庆文理学院,1366.0,1366.0,1309.0,1281.0,1281.0,1281.0,1281.0,1281.0,1281.0,1281.0,1281.0,1281.0,1281.0,1281.0,1281.0,1281.0,1281.0,1281.0,1281.0,1281.0,1281
潍坊学院,1353.0,1365.0,1365.0,1365.0,1365.0,1365.0,1365.0,1365.0,1365.0,1365.0,1365.0,1365.0,1365.0,1365.0,1365.0,1365.0,1365.0,1365.0,1365.0,1365.0,1280
长春大学,,1352.0,1352.0,1352.0,1352.0,1352.0,1352.0,1352.0,1352.0,1280.0,1280.0,1280.0,1280.0,1280.0,1280.0,1280.0,1280.0,1280.0,1280.0,1280.0,1280
湖南财政经济学院,1377.0,1377.0,1356.0,1366.0,1348.0,1348.0,1288.0,1288.0,1288.0,1288.0,1288.0,1288.0,1288.0,1288.0,1288.0,1302.0,1302.0,1302.0,1302.0,1302.0,1277
闽南师范大学,1342.0,1342.0,1295.0,1287.0,1287.0,1287.0,1287.0,1287.0,1287.0,1287.0,1287.0,1287.0,1287.0,1287.0,1277.0,1277.0,1277.0,1277.0,1277.0,1277.0,1277
福州工商学院,,1369.0,1369.0,1369.0,1369.0,1369.0,1369.0,1369.0,1369.0,1369.0,1369.0,1369.0,1369.0,1369.0,1369.0,1369.0,1369.0,1369.0,1308.0,1308.0,1276
济宁医学院,,,1309.0,1274.0,1274.0,1274.0,1274.0,1274.0,1274.0,1274.0,1274.0,1274.0,1274.0,1274.0,1274.0,1274.0,1274.0,1274.0,1274.0,1274.0,1274
香港浸会大学,1334.0,1334.0,1334.0,1334.0,1334.0,1334.0,1334.0,1334.0,1334.0,1334.0,1334.0,1334.0,1334.0,1334.0,1277.0,1277.0,1274.0,1274.0,1274.0,1274.0,1274
黑龙江科技大学,,,,1354.0,1354.0,1354.0,1354.0,1354.0,1354.0,1271.0,1271.0,1271.0,1271.0,1271.0,1271.0,1271.0,1271.0,1271.0,1271.0,1271.0,1271
广西民族大学,1343.0,1343.0,1329.0,1323.0,1270.0,1270.0,1270.0,1270.0,1270.0,1270.0,1270.0,1270.0,1270.0,1270.0,1270.0,1270.0,1270.0,1270.0,1270.0,1270.0,1270
五邑大学,1369.0,1369.0,1389.0,1328.0,1328.0,1328.0,1328.0,1328.0,1328.0,1328.0,1328.0,1328.0,1328.0,1328.0,1328.0,1328.0,1280.0,1280.0,1269.0,1269.0,1269
桂林电子科技大学,1364.0,1364.0,1364.0,1374.0,1374.0,1374.0,1374.0,1374.0,1374.0,1325.0,1325.0,1325.0,1325.0,1325.0,1281.0,1269.0,1269.0,1269.0,1269.0,1269.0,1269
陕西师范大学,1389.0,1389.0,1399.0,1421.0,1366.0,1366.0,1430.0,1430.0,1430.0,1430.0,1430.0,1430.0,1366.0,1366.0,1366.0,1287.0,1287.0,1287.0,1291.0,1291.0,1267
汉江师范学院,1409.0,1409.0,1409.0,1344.0,1344.0,1344.0,1344.0,1344.0,1266.0,1266.0,1266.0,1266.0,1266.0,1266.0,1266.0,1266.0,1266.0,1266.0,1266.0,1266.0,1266
贵州民族大学,1327.0,1327.0,1266.0,1266.0,1266.0,1266.0,1266.0,1266.0,1266.0,1266.0,1266.0,1266.0,1266.0,1266.0,1266.0,1266.0,1266.0,1266.0,1266.0,1266.0,1266
北京交通大学威海,1332.0,1332.0,1294.0,1264.0,1264.0,1264.0,1264.0,1264.0,1264.0,1264.0,1264.0,1264.0,1264.0,1264.0,1264.0,1264.0,1264.0,1264.0,1264.0,1264.0,1264
山东工商学院,1329.0,1329.0,1299.0,1264.0,1264.0,1264.0,1264.0,1264.0,1264.0,1264.0,1264.0,1264.0,1264.0,1264.0,1264.0,1264.0,1264.0,1264.0,1264.0,1264.0,1263
河南工业大学,1327.0,1327.0,1305.0,1312.0,1279.0,1279.0,1279.0,1279.0,1290.0,1236.0,1236.0,1236.0,1236.0,1262.0,1262.0,1262.0,1262.0,1262.0,1262.0,1262.0,1262
浙江中医药大学,,,,1413.0,1374.0,1374.0,1374.0,1374.0,1374.0,1330.0,1330.0,1330.0,1330.0,1330.0,1262.0,1262.0,1262.0,1262.0,1262.0,1262.0,1262
青岛理工大学,1381.0,1381.0,1364.0,1417.0,1417.0,1417.0,1417.0,1417.0,1417.0,1380.0,1380.0,1375.0,1375.0,1343.0,1343.0,1343.0,1343.0,1343.0,1340.0,1340.0,1262
中南民族大学,1405.0,1405.0,1405.0,1412.0,1386.0,1386.0,1402.0,1402.0,1348.0,1348.0,1366.0,1366.0,1310.0,1310.0,1350.0,1309.0,1309.0,1248.0,1248.0,1248.0,1261
华北科技学院,,,1340.0,1261.0,1261.0,1261.0,1261.0,1261.0,1261.0,1261.0,1261.0,1261.0,1261.0,1261.0,1261.0,1261.0,1261.0,1261.0,1261.0,1261.0,1261
东北农业大学,1358.0,1358.0,1372.0,1388.0,1388.0,1388.0,1381.0,1381.0,1304.0,1327.0,1348.0,1348.0,1323.0,1323.0,1323.0,1323.0,1323.0,1323.0,1260.0,1260.0,1260
宁德师范学院,1342.0,1283.0,1299.0,1311.0,1311.0,1311.0,1311.0,1311.0,1311.0,1311.0,1311.0,1311.0,1311.0,1260.0,1260.0,1260.0,1260.0,1260.0,1260.0,1260.0,1260
岳阳学院,1351.0,1351.0,1326.0,1319.0,1319.0,1319.0,1319.0,1319.0,1319.0,1319.0,1319.0,1319.0,1319.0,1319.0,1319.0,1260.0,1260.0,1260.0,1260.0,1260.0,1260
浙江海洋大学,,1327.0,1260.0,1260.0,1260.0,1260.0,1260.0,1260.0,1260.0,1260.0,1260.0,1260.0,1260.0,1260.0,1260.0,1260.0,1260.0,1260.0,1260.0,1260.0,1260
衡水学院,1336.0,1336.0,1246.0,1259.0,1259.0,1259.0,1259.0,1259.0,1259.0,1259.0,1259.0,1259.0,1259.0,1259.0,1259.0,1259.0,1259.0,1259.0,1259.0,1259.0,1259
上饶师范学院,1312.0,1312.0,1258.0,1258.0,1258.0,1258.0,1258.0,1258.0,1258.0,1258.0,1258.0,1258.0,1258.0,1258.0,1258.0,1258.0,1258.0,1258.0,1258.0,1258.0,1258
浙江工业大学之江学院,1340.0,1340.0,1326.0,1365.0,1365.0,1365.0,1365.0,1367.0,1367.0,1367.0,1367.0,1294.0,1294.0,1294.0,1266.0,1266.0,1266.0,1266.0,1266.0,1266.0,1258
湖南科技学院,1349.0,1349.0,1265.0,1258.0,1258.0,1258.0,1258.0,1258.0,1258.0,1258.0,1258.0,1258.0,1258.0,1258.0,1258.0,1258.0,1258.0,1258.0,1258.0,1258.0,1258
临沂大学,1418.0,1335.0,1331.0,1304.0,1304.0,1304.0,1304.0,1304.0,1280.0,1280.0,1280.0,1277.0,1266.0,1266.0,1266.0,1266.0,1266.0,1266.0,1266.0,1266.0,1257
福建师范大学,1385.0,1385.0,1394.0,1402.0,1402.0,1402.0,1402.0,1402.0,1402.0,1402.0,1402.0,1402.0,1390.0,1390.0,1390.0,1399.0,1346.0,1346.0,1346.0,1346.0,1257
福建技术师范学院,,,1336.0,1257.0,1257.0,1257.0,1257.0,1257.0,1257.0,1257.0,1257.0,1257.0,1257.0,1257.0,1257.0,1257.0,1257.0,1257.0,1257.0,1257.0,1257
玉林师范学院,,,1319.0,1256.0,1256.0,1256.0,1256.0,1256.0,1256.0,1256.0,1256.0,1256.0,1256.0,1256.0,1256.0,1256.0,1256.0,1256.0,1256.0,1256.0,1256
鲁东大学,1399.0,1399.0,1410.0,1405.0,1405.0,1405.0,1405.0,1367.0,1316.0,1260.0,1260.0,1246.0,1203.0,1203.0,1223.0,1223.0,1223.0,1223.0,1223.0,1223.0,1256
上海电力大学,1438.0,1438.0,1414.0,1452.0,1452.0,1452.0,1452.0,1407.0,1436.0,1379.0,1406.0,1375.0,1313.0,1275.0,1235.0,1254.0,1254.0,1254.0,1254.0,1254.0,1254
厦门大学马来西亚分校,,,,1322.0,1322.0,1322.0,1322.0,1322.0,1322.0,1322.0,1322.0,1253.0,1253.0,1253.0,1253.0,1253.0,1253.0,1253.0,1253.0,1253.0,1253
宁波职业技术大学,1336.0,1336.0,1326.0,1262.0,1262.0,1290.0,1290.0,1290.0,1290.0,1290.0,1290.0,1253.0,1253.0,1253.0,1253.0,1253.0,1253.0,1253.0,1253.0,1253.0,1253
常州大学,1334.0,1334.0,1318.0,1311.0,1311.0,1311.0,1311.0,1311.0,1311.0,1311.0,1251.0,1251.0,1251.0,1251.0,1251.0,1251.0,1251.0,1251.0,1251.0,1251.0,1251
成都东软学院,1387.0,1387.0,1333.0,1307.0,1307.0,1307.0,1307.0,1272.0,1272.0,1272.0,1272.0,1272.0,1272.0,1272.0,1272.0,1272.0,1331.0,1331.0,1250.0,1250.0,1250
重庆对外经贸学院,,1333.0,1333.0,1250.0,1250.0,1250.0,1250.0,1250.0,1250.0,1250.0,1250.0,1250.0,1250.0,1250.0,1250.0,1250.0,1250.0,1250.0,1250.0,1250.0,1250
昭通学院,1310.0,1310.0,1249.0,1249.0,1249.0,1249.0,1249.0,1249.0,1249.0,1249.0,1249.0,1249.0,1249.0,1249.0,1249.0,1249.0,1249.0,1249.0,1249.0,1249.0,1249
长江大学,1392.0,1399.0,1371.0,1349.0,1469.0,1469.0,1469.0,1469.0,1423.0,1423.0,1423.0,1423.0,1423.0,1423.0,1423.0,1352.0,1332.0,1252.0,1252.0,1252.0,1249
平顶山学院,,,1314.0,1248.0,1248.0,1248.0,1248.0,1248.0,1248.0,1248.0,1248.0,1248.0,1248.0,1248.0,1248.0,1248.0,1248.0,1248.0,1248.0,1248.0,1248
南京师范大学,1379.0,1379.0,1419.0,1382.0,1382.0,1382.0,1382.0,1331.0,1387.0,1387.0,1383.0,1383.0,1321.0,1321.0,1247.0,1247.0,1247.0,1247.0,1247.0,1247.0,1247
四川师范大学,1365.0,1365.0,1414.0,1427.0,1368.0,1368.0,1368.0,1301.0,1289.0,1289.0,1289.0,1289.0,1241.0,1241.0,1307.0,1294.0,1294.0,1294.0,1220.0,1220.0,1247
广西城市职业大学,,1331.0,1331.0,1331.0,1331.0,1331.0,1331.0,1331.0,1331.0,1331.0,1331.0,1331.0,1331.0,1331.0,1331.0,1247.0,1247.0,1247.0,1247.0,1247.0,1247
武昌理工学院,1340.0,1340.0,1287.0,1277.0,1277.0,1277.0,1277.0,1277.0,1277.0,1277.0,1277.0,1277.0,1277.0,1277.0,1277.0,1277.0,1277.0,1277.0,1277.0,1277.0,1247
北华大学,1374.0,1374.0,1394.0,1332.0,1332.0,1332.0,1332.0,1332.0,1332.0,1350.0,1350.0,1267.0,1246.0,1246.0,1246.0,1246.0,1246.0,1246.0,1246.0,1246.0,1246
武汉纺织大学外经贸学院,,,1318.0,1318.0,1318.0,1318.0,1318.0,1318.0,1318.0,1318.0,1318.0,1318.0,1318.0,1318.0,1318.0,1318.0,1318.0,1318.0,1318.0,1318.0,1246
辽宁科技大学,1337.0,1337.0,1337.0,1275.0,1275.0,1275.0,1302.0,1302.0,1302.0,1302.0,1302.0,1302.0,1246.0,1246.0,1246.0,1246.0,1246.0,1246.0,1246.0,1246.0,1246
江苏理工学院,1313.0,1313.0,1313.0,1313.0,1313.0,1313.0,1313.0,1313.0,1313.0,1313.0,1313.0,1313.0,1313.0,1313.0,1313.0,1313.0,1313.0,1313.0,1245.0,1245.0,1245
西北师范大学,,,1323.0,1304.0,1245.0,1245.0,1245.0,1245.0,1245.0,1245.0,1245.0,1245.0,1245.0,1245.0,1245.0,1245.0,1245.0,1245.0,1245.0,1245.0,1245
西藏民族大学,,,1307.0,1307.0,1307.0,1307.0,1307.0,1307.0,1307.0,1307.0,1307.0,1307.0,1307.0,1307.0,1245.0,1245.0,1245.0,1245.0,1245.0,1245.0,1245
乐山师范学院,1364.0,1364.0,1294.0,1272.0,1300.0,1300.0,1281.0,1245.0,1245.0,1245.0,1245.0,1245.0,1245.0,1228.0,1228.0,1186.0,1186.0,1186.0,1186.0,1186.0,1244
文华学院,,,1330.0,1330.0,1330.0,1330.0,1330.0,1330.0,1244.0,1244.0,1244.0,1244.0,1244.0,1244.0,1244.0,1244.0,1244.0,1244.0,1244.0,1244.0,1244
北京理工大学珠海学院,1368.0,1368.0,1341.0,1353.0,1267.0,1267.0,1265.0,1265.0,1265.0,1265.0,1265.0,1265.0,1265.0,1265.0,1265.0,1265.0,1265.0,1265.0,1243.0,1243.0,1243
湖北汽车工业学院,1359.0,1385.0,1339.0,1306.0,1306.0,1306.0,1306.0,1306.0,1303.0,1303.0,1303.0,1303.0,1303.0,1303.0,1303.0,1303.0,1303.0,1303.0,1303.0,1303.0,1242
湖南工学院,1332.0,1307.0,1276.0,1242.0,1242.0,1242.0,1242.0,1242.0,1242.0,1242.0,1242.0,1242.0,1242.0,1242.0,1242.0,1242.0,1242.0,1242.0,1242.0,1242.0,1242
天津科技大学,1326.0,1326.0,1234.0,1259.0,1259.0,1259.0,1259.0,1259.0,1259.0,1259.0,1259.0,1259.0,1259.0,1259.0,1259.0,1259.0,1259.0,1259.0,1259.0,1259.0,1241
山东农业大学,1389.0,1389.0,1407.0,1417.0,1404.0,1404.0,1404.0,1404.0,1404.0,1404.0,1404.0,1337.0,1249.0,1241.0,1241.0,1241.0,1241.0,1241.0,1241.0,1241.0,1241
北方民族大学,1312.0,1312.0,1240.0,1240.0,1240.0,1240.0,1240.0,1240.0,1240.0,1240.0,1240.0,1240.0,1240.0,1240.0,1240.0,1240.0,1240.0,1240.0,1240.0,1240.0,1240
哈尔滨学院,,,1318.0,1275.0,1275.0,1275.0,1275.0,1275.0,1275.0,1240.0,1240.0,1240.0,1240.0,1240.0,1240.0,1240.0,1240.0,1240.0,1240.0,1240.0,1240
青岛工学院,,,,1315.0,1315.0,1315.0,1315.0,1315.0,1315.0,1239.0,1239.0,1239.0,1239.0,1239.0,1239.0,1239.0,1239.0,1239.0,1239.0,1239.0,1239
上海对外经贸大学,1330.0,1330.0,1290.0,1237.0,1237.0,1237.0,1237.0,1237.0,1237.0,1237.0,1237.0,1237.0,1237.0,1237.0,1237.0,1237.0,1237.0,1237.0,1237.0,1237.0,1237
河南水利与环境职业学院,,,,1307.0,1307.0,1237.0,1237.0,1237.0,1237.0,1237.0,1237.0,1237.0,1237.0,1237.0,1237.0,1237.0,1237.0,1237.0,1237.0,1237.0,1237
郑州工商学院,,,1343.0,1316.0,1316.0,1316.0,1316.0,1316.0,1316.0,1316.0,1316.0,1316.0,1316.0,1236.0,1236.0,1236.0,1236.0,1236.0,1236.0,1236.0,1236
内蒙古科技大学包头师范学院,,,,1312.0,1312.0,1312.0,1312.0,1312.0,1312.0,1312.0,1312.0,1312.0,1312.0,1235.0,1235.0,1235.0,1235.0,1235.0,1235.0,1235.0,1235
北京印刷学院,1356.0,1356.0,1333.0,1287.0,1287.0,1287.0,1287.0,1287.0,1287.0,1287.0,1287.0,1287.0,1287.0,1287.0,1287.0,1287.0,1287.0,1287.0,1235.0,1235.0,1235
广州商学院,1314.0,1235.0,1235.0,1235.0,1235.0,1235.0,1235.0,1235.0,1235.0,1235.0,1235.0,1235.0,1235.0,1235.0,1235.0,1235.0,1235.0,1235.0,1235.0,1235.0,1235
福建农林大学,1355.0,1355.0,1325.0,1325.0,1325.0,1325.0,1325.0,1325.0,1325.0,1325.0,1325.0,1325.0,1325.0,1325.0,1363.0,1363.0,1363.0,1363.0,1291.0,1291.0,1235
贵州工程应用技术学院,1324.0,1324.0,1234.0,1234.0,1234.0,1234.0,1234.0,1234.0,1234.0,1234.0,1234.0,1234.0,1234.0,1234.0,1234.0,1234.0,1234.0,1234.0,1234.0,1234.0,1234
武汉工程大学,1363.0,1374.0,1442.0,1430.0,1339.0,1339.0,1355.0,1369.0,1389.0,1389.0,1343.0,1343.0,1303.0,1303.0,1334.0,1325.0,1255.0,1255.0,1247.0,1247.0,1233
沈阳师范大学,1388.0,1388.0,1373.0,1379.0,1402.0,1402.0,1402.0,1402.0,1402.0,1402.0,1402.0,1316.0,1348.0,1337.0,1337.0,1286.0,1286.0,1286.0,1233.0,1233.0,1233
盐城工学院,1341.0,1341.0,1289.0,1289.0,1313.0,1313.0,1313.0,1313.0,1313.0,1313.0,1256.0,1256.0,1256.0,1256.0,1256.0,1256.0,1256.0,1256.0,1256.0,1256.0,1233
哈尔滨华德学院,,,,1312.0,1312.0,1312.0,1312.0,1312.0,1312.0,1231.0,1231.0,1231.0,1231.0,1231.0,1231.0,1231.0,1231.0,1231.0,1231.0,1231.0,1231
东北电力大学,1311.0,1311.0,1311.0,1230.0,1230.0,1230.0,1230.0,1230.0,1230.0,1230.0,1230.0,1230.0,1230.0,1230.0,1230.0,1230.0,1230.0,1230.0,1230.0,1230.0,1230
沈阳工业大学,,,1311.0,1230.0,1230.0,1230.0,1230.0,1230.0,1230.0,1230.0,1230.0,1230.0,1230.0,1230.0,1230.0,1230.0,1230.0,1230.0,1230.0,1230.0,1230
西南石油大学,1377.0,1357.0,1330.0,1308.0,1308.0,1308.0,1220.0,1216.0,1216.0,1216.0,1216.0,1216.0,1216.0,1216.0,1216.0,1216.0,1216.0,1216.0,1199.0,1199.0,1230
电子科技大学成都学院,1331.0,1331.0,1275.0,1226.0,1226.0,1226.0,1226.0,1226.0,1226.0,1226.0,1226.0,1226.0,1226.0,1226.0,1226.0,1226.0,1226.0,1226.0,1226.0,1226.0,1226
南京工业职业技术大学,1320.0,1320.0,1248.0,1225.0,1225.0,1225.0,1225.0,1225.0,1225.0,1225.0,1225.0,1225.0,1225.0,1225.0,1225.0,1225.0,1225.0,1225.0,1225.0,1225.0,1225
天津仁爱学院,1350.0,1350.0,1316.0,1276.0,1276.0,1276.0,1236.0,1236.0,1258.0,1225.0,1225.0,1225.0,1225.0,1225.0,1225.0,1225.0,1225.0,1225.0,1225.0,1225.0,1225
安徽财经大学,1308.0,1308.0,1308.0,1225.0,1225.0,1225.0,1225.0,1225.0,1225.0,1225.0,1225.0,1225.0,1225.0,1225.0,1225.0,1225.0,1225.0,1225.0,1225.0,1225.0,1225
宜春学院,1315.0,1283.0,1283.0,1283.0,1283.0,1283.0,1283.0,1283.0,1283.0,1283.0,1283.0,1283.0,1283.0,1283.0,1283.0,1283.0,1283.0,1283.0,1225.0,1225.0,1225
广州华立学院,1334.0,1334.0,1271.0,1304.0,1304.0,1304.0,1304.0,1304.0,1304.0,1304.0,1304.0,1304.0,1304.0,1304.0,1304.0,1283.0,1283.0,1283.0,1283.0,1283.0,1225
江西水利电力大学,1347.0,1370.0,1286.0,1225.0,1225.0,1225.0,1225.0,1225.0,1225.0,1225.0,1225.0,1225.0,1225.0,1225.0,1225.0,1225.0,1225.0,1225.0,1225.0,1225.0,1225
江西理工大学,1362.0,1391.0,1370.0,1317.0,1317.0,1317.0,1322.0,1360.0,1292.0,1292.0,1292.0,1292.0,1292.0,1292.0,1292.0,1292.0,1292.0,1292.0,1292.0,1292.0,1225
辽宁工程技术大学,,,,1309.0,1309.0,1309.0,1309.0,1309.0,1309.0,1309.0,1309.0,1309.0,1225.0,1225.0,1225.0,1225.0,1225.0,1225.0,1225.0,1225.0,1225
河南建筑职业技术学院,,,,1319.0,1319.0,1224.0,1224.0,1224.0,1224.0,1224.0,1224.0,1224.0,1224.0,1224.0,1224.0,1224.0,1224.0,1224.0,1224.0,1224.0,1224
中国计量大学现代科技学院,1342.0,1342.0,1277.0,1307.0,1307.0,1307.0,1307.0,1307.0,1307.0,1307.0,1307.0,1307.0,1307.0,1307.0,1307.0,1223.0,1223.0,1223.0,1223.0,1223.0,1223
山西工程科技职业大学,1326.0,1309.0,1241.0,1204.0,1204.0,1204.0,1204.0,1204.0,1204.0,1204.0,1204.0,1204.0,1204.0,1204.0,1204.0,1204.0,1204.0,1204.0,1204.0,1204.0,1221
长春财经学院,,,1317.0,1317.0,1317.0,1317.0,1317.0,1317.0,1317.0,1317.0,1317.0,1317.0,1317.0,1317.0,1317.0,1317.0,1317.0,1317.0,1317.0,1317.0,1221
湖北第二师范学院,,1373.0,1318.0,1325.0,1312.0,1312.0,1312.0,1312.0,1242.0,1242.0,1242.0,1242.0,1242.0,1242.0,1242.0,1242.0,1242.0,1242.0,1194.0,1194.0,1220
延边大学,1317.0,1317.0,1278.0,1218.0,1218.0,1218.0,1218.0,1218.0,1218.0,1218.0,1218.0,1218.0,1218.0,1218.0,1218.0,1218.0,1218.0,1218.0,1218.0,1218.0,1218
华侨大学,1329.0,1329.0,1297.0,1264.0,1218.0,1218.0,1218.0,1218.0,1218.0,1218.0,1218.0,1218.0,1218.0,1218.0,1215.0,1215.0,1215.0,1215.0,1215.0,1215.0,1215
天津商业大学,1351.0,1314.0,1249.0,1215.0,1215.0,1215.0,1215.0,1215.0,1215.0,1215.0,1215.0,1215.0,1215.0,1215.0,1215.0,1215.0,1215.0,1215.0,1215.0,1215.0,1215
南京林业大学,1361.0,1361.0,1351.0,1302.0,1302.0,1302.0,1219.0,1219.0,1219.0,1219.0,1223.0,1223.0,1223.0,1223.0,1223.0,1223.0,1223.0,1223.0,1262.0,1262.0,1214
徐州工程学院,1362.0,1393.0,1379.0,1372.0,1350.0,1350.0,1324.0,1324.0,1314.0,1314.0,1251.0,1251.0,1251.0,1251.0,1251.0,1251.0,1251.0,1251.0,1251.0,1251.0,1214
辽宁石油化工大学,,,1305.0,1250.0,1250.0,1250.0,1250.0,1250.0,1250.0,1250.0,1250.0,1250.0,1250.0,1250.0,1250.0,1250.0,1250.0,1250.0,1214.0,1214.0,1214
重庆人文科技学院,1338.0,1338.0,1338.0,1286.0,1286.0,1286.0,1286.0,1286.0,1286.0,1286.0,1286.0,1286.0,1286.0,1286.0,1286.0,1214.0,1214.0,1214.0,1214.0,1214.0,1214
太原理工大学,1393.0,1362.0,1349.0,1348.0,1348.0,1348.0,1348.0,1348.0,1348.0,1348.0,1342.0,1342.0,1342.0,1342.0,1251.0,1251.0,1213.0,1213.0,1213.0,1213.0,1213
华北水利水电大学,1361.0,1361.0,1316.0,1311.0,1311.0,1311.0,1311.0,1311.0,1311.0,1311.0,1311.0,1241.0,1241.0,1241.0,1241.0,1288.0,1288.0,1288.0,1288.0,1288.0,1212
四川信息职业技术学院,1318.0,1318.0,1275.0,1220.0,1220.0,1212.0,1212.0,1212.0,1212.0,1212.0,1212.0,1212.0,1212.0,1212.0,1212.0,1212.0,1212.0,1212.0,1212.0,1212.0,1212
上海应用技术大学,1347.0,1347.0,1295.0,1295.0,1285.0,1285.0,1285.0,1285.0,1285.0,1285.0,1285.0,1285.0,1285.0,1285.0,1241.0,1241.0,1241.0,1241.0,1241.0,1241.0,1211
江苏海洋大学,1371.0,1371.0,1340.0,1307.0,1262.0,1262.0,1262.0,1262.0,1262.0,1211.0,1211.0,1211.0,1211.0,1211.0,1211.0,1211.0,1211.0,1211.0,1211.0,1211.0,1211
吉利学院,1352.0,1354.0,1318.0,1279.0,1204.0,1204.0,1204.0,1216.0,1163.0,1208.0,1208.0,1208.0,1208.0,1208.0,1208.0,1219.0,1219.0,1219.0,1219.0,1219.0,1210
山东师范大学,1446.0,1429.0,1420.0,1388.0,1401.0,1401.0,1401.0,1481.0,1478.0,1478.0,1430.0,1416.0,1380.0,1380.0,1292.0,1292.0,1292.0,1263.0,1263.0,1263.0,1207
青岛农业大学,1374.0,1417.0,1380.0,1354.0,1338.0,1338.0,1338.0,1338.0,1277.0,1277.0,1277.0,1285.0,1285.0,1285.0,1285.0,1285.0,1285.0,1285.0,1254.0,1254.0,1207
甘肃农业大学,1339.0,1339.0,1294.0,1294.0,1294.0,1294.0,1294.0,1294.0,1294.0,1294.0,1294.0,1294.0,1294.0,1294.0,1294.0,1294.0,1294.0,1294.0,1294.0,1294.0,1205
中南林业科技大学,1395.0,1395.0,1378.0,1359.0,1359.0,1359.0,1359.0,1329.0,1329.0,1329.0,1329.0,1329.0,1350.0,1350.0,1350.0,1350.0,1315.0,1315.0,1286.0,1286.0,1202
沈阳航空航天大学,,,1332.0,1284.0,1284.0,1284.0,1284.0,1284.0,1284.0,1201.0,1201.0,1201.0,1202.0,1202.0,1202.0,1202.0,1202.0,1202.0,1202.0,1202.0,1202
常州工学院,1323.0,1323.0,1239.0,1200.0,1200.0,1200.0,1200.0,1200.0,1200.0,1200.0,1200.0,1200.0,1200.0,1200.0,1200.0,1200.0,1200.0,1200.0,1200.0,1200.0,1200
辽宁师范大学,1316.0,1316.0,1258.0,1258.0,1258.0,1258.0,1258.0,1258.0,1258.0,1258.0,1258.0,1258.0,1258.0,1258.0,1258.0,1258.0,1258.0,1258.0,1258.0,1258.0,1200
保定学院,1315.0,1315.0,1247.0,1198.0,1198.0,1198.0,1198.0,1198.0,1198.0,1198.0,1198.0,1198.0,1198.0,1198.0,1198.0,1198.0,1198.0,1198.0,1198.0,1198.0,1198
南昌航空大学科技学院,1320.0,1320.0,1250.0,1198.0,1198.0,1198.0,1198.0,1198.0,1198.0,1198.0,1198.0,1198.0,1198.0,1198.0,1198.0,1198.0,1198.0,1198.0,1198.0,1198.0,1198
琼台师范学院,1328.0,1328.0,1272.0,1213.0,1213.0,1213.0,1196.0,1196.0,1196.0,1196.0,1196.0,1196.0,1196.0,1196.0,1196.0,1196.0,1196.0,1196.0,1196.0,1196.0,1196
浙江金融职业学院,1331.0,1331.0,1244.0,1178.0,1178.0,1246.0,1246.0,1246.0,1246.0,1246.0,1246.0,1246.0,1246.0,1246.0,1246.0,1195.0,1195.0,1195.0,1195.0,1195.0,1195
福州外语外贸学院,1346.0,1294.0,1246.0,1193.0,1193.0,1193.0,1193.0,1193.0,1193.0,1193.0,1193.0,1193.0,1193.0,1193.0,1193.0,1193.0,1193.0,1193.0,1193.0,1193.0,1193
南昌理工学院,1343.0,1346.0,1301.0,1287.0,1256.0,1256.0,1214.0,1214.0,1214.0,1214.0,1214.0,1214.0,1214.0,1214.0,1214.0,1214.0,1214.0,1214.0,1218.0,1218.0,1189
陕西科技大学,1370.0,1357.0,1341.0,1341.0,1258.0,1258.0,1258.0,1258.0,1258.0,1258.0,1258.0,1258.0,1258.0,1258.0,1258.0,1258.0,1258.0,1258.0,1258.0,1258.0,1189
昆明理工大学,1356.0,1356.0,1378.0,1326.0,1326.0,1326.0,1326.0,1326.0,1326.0,1326.0,1244.0,1244.0,1310.0,1310.0,1275.0,1242.0,1187.0,1187.0,1187.0,1187.0,1187
西华师范大学,1358.0,1358.0,1302.0,1250.0,1250.0,1250.0,1250.0,1254.0,1254.0,1254.0,1254.0,1254.0,1254.0,1254.0,1254.0,1254.0,1254.0,1254.0,1254.0,1254.0,1187
西安建筑科技大学,1319.0,1275.0,1275.0,1237.0,1237.0,1237.0,1237.0,1237.0,1237.0,1212.0,1212.0,1212.0,1212.0,1212.0,1212.0,1212.0,1212.0,1212.0,1212.0,1212.0,1187
九江学院,1335.0,1291.0,1245.0,1185.0,1185.0,1185.0,1185.0,1185.0,1185.0,1185.0,1185.0,1185.0,1185.0,1185.0,1185.0,1185.0,1185.0,1185.0,1185.0,1185.0,1185
重庆第二师范学院,1319.0,1252.0,1252.0,1183.0,1183.0,1183.0,1183.0,1183.0,1183.0,1183.0,1183.0,1183.0,1183.0,1183.0,1183.0,1183.0,1183.0,1183.0,1183.0,1183.0,1183
合肥大学,1386.0,1386.0,1439.0,1417.0,1358.0,1358.0,1307.0,1224.0,1276.0,1276.0,1271.0,1271.0,1198.0,1216.0,1163.0,1163.0,1163.0,1163.0,1163.0,1163.0,1181
浙江传媒学院,,,1321.0,1246.0,1246.0,1246.0,1181.0,1181.0,1181.0,1181.0,1181.0,1181.0,1181.0,1181.0,1181.0,1181.0,1181.0,1181.0,1181.0,1181.0,1181
南京中医药大学,1323.0,1323.0,1235.0,1179.0,1179.0,1179.0,1179.0,1179.0,1179.0,1179.0,1179.0,1179.0,1179.0,1179.0,1179.0,1179.0,1179.0,1179.0,1179.0,1179.0,1179
武汉学院,1354.0,1354.0,1295.0,1295.0,1295.0,1295.0,1295.0,1295.0,1233.0,1233.0,1233.0,1233.0,1233.0,1233.0,1233.0,1233.0,1233.0,1233.0,1233.0,1233.0,1178
吉首大学,,,,1328.0,1257.0,1257.0,1257.0,1257.0,1257.0,1257.0,1257.0,1257.0,1257.0,1257.0,1257.0,1257.0,1257.0,1257.0,1257.0,1257.0,1175
广州华商学院,1341.0,1341.0,1310.0,1280.0,1280.0,1280.0,1204.0,1204.0,1177.0,1177.0,1177.0,1169.0,1169.0,1169.0,1136.0,1136.0,1136.0,1136.0,1175.0,1175.0,1175
唐山师范学院,,,1318.0,1251.0,1251.0,1251.0,1251.0,1251.0,1251.0,1251.0,1251.0,1173.0,1173.0,1173.0,1173.0,1173.0,1173.0,1173.0,1173.0,1173.0,1173
四川现代职业学院,1324.0,1324.0,1268.0,1240.0,1240.0,1245.0,1245.0,1245.0,1245.0,1245.0,1245.0,1245.0,1245.0,1245.0,1245.0,1171.0,1171.0,1171.0,1171.0,1171.0,1171
中国矿业大学徐海学院,1319.0,1319.0,1230.0,1230.0,1230.0,1230.0,1230.0,1230.0,1230.0,1230.0,1230.0,1230.0,1230.0,1230.0,1230.0,1230.0,1230.0,1230.0,1230.0,1230.0,1170
泉州信息工程学院,1321.0,1245.0,1245.0,1245.0,1245.0,1245.0,1245.0,1245.0,1245.0,1245.0,1245.0,1245.0,1245.0,1245.0,1245.0,1245.0,1245.0,1245.0,1168.0,1168.0,1168
景德镇陶瓷大学,1337.0,1274.0,1198.0,1167.0,1167.0,1167.0,1167.0,1167.0,1167.0,1167.0,1167.0,1167.0,1167.0,1167.0,1167.0,1167.0,1167.0,1167.0,1167.0,1167.0,1167
北京邮电大学世纪学院,1318.0,1318.0,1238.0,1166.0,1166.0,1166.0,1166.0,1166.0,1166.0,1166.0,1166.0,1166.0,1166.0,1166.0,1166.0,1166.0,1166.0,1166.0,1166.0,1166.0,1166
哈尔滨商业大学,1336.0,1336.0,1283.0,1255.0,1255.0,1255.0,1255.0,1255.0,1255.0,1211.0,1211.0,1211.0,1147.0,1147.0,1147.0,1147.0,1147.0,1147.0,1161.0,1161.0,1161
成都师范学院,1320.0,1320.0,1260.0,1222.0,1222.0,1222.0,1222.0,1222.0,1222.0,1161.0,1161.0,1161.0,1161.0,1161.0,1161.0,1161.0,1161.0,1161.0,1161.0,1161.0,1161
山东科技大学济南校区,1316.0,1316.0,1277.0,1225.0,1225.0,1225.0,1160.0,1160.0,1160.0,1160.0,1160.0,1160.0,1160.0,1160.0,1160.0,1160.0,1160.0,1160.0,1160.0,1160.0,1160
大连东软信息学院,1363.0,1274.0,1211.0,1170.0,1170.0,1170.0,1170.0,1170.0,1170.0,1170.0,1170.0,1170.0,1158.0,1158.0,1158.0,1158.0,1158.0,1158.0,1158.0,1158.0,1158
梧州学院,1312.0,1312.0,1268.0,1227.0,1227.0,1227.0,1227.0,1227.0,1227.0,1227.0,1227.0,1227.0,1227.0,1227.0,1227.0,1158.0,1158.0,1158.0,1158.0,1158.0,1158
宁夏大学,1318.0,1318.0,1270.0,1206.0,1191.0,1191.0,1191.0,1191.0,1191.0,1191.0,1191.0,1191.0,1191.0,1191.0,1191.0,1191.0,1191.0,1191.0,1154.0,1154.0,1154
广州城市理工学院,1349.0,1349.0,1300.0,1245.0,1245.0,1245.0,1245.0,1245.0,1245.0,1245.0,1245.0,1245.0,1245.0,1245.0,1216.0,1216.0,1216.0,1216.0,1182.0,1182.0,1153
沈阳农业大学,1333.0,1333.0,1288.0,1228.0,1228.0,1228.0,1228.0,1228.0,1228.0,1228.0,1228.0,1228.0,1152.0,1152.0,1152.0,1152.0,1152.0,1152.0,1152.0,1152.0,1152
桂林航天工业学院,1314.0,1314.0,1229.0,1229.0,1229.0,1200.0,1200.0,1200.0,1200.0,1200.0,1200.0,1200.0,1200.0,1200.0,1200.0,1149.0,1149.0,1149.0,1149.0,1149.0,1149
湖北中医药大学,1327.0,1327.0,1246.0,1184.0,1184.0,1184.0,1211.0,1211.0,1143.0,1143.0,1143.0,1143.0,1143.0,1143.0,1143.0,1143.0,1143.0,1143.0,1143.0,1143.0,1143
广州软件学院,1355.0,1355.0,1355.0,1361.0,1283.0,1283.0,1204.0,1204.0,1204.0,1204.0,1204.0,1204.0,1204.0,1204.0,1204.0,1204.0,1204.0,1204.0,1184.0,1184.0,1141
广西科技大学,1325.0,1325.0,1287.0,1223.0,1223.0,1223.0,1223.0,1223.0,1223.0,1223.0,1223.0,1223.0,1223.0,1184.0,1184.0,1141.0,1141.0,1141.0,1141.0,1141.0,1136
湖北师范大学,1338.0,1338.0,1326.0,1271.0,1271.0,1271.0,1271.0,1271.0,1209.0,1209.0,1209.0,1209.0,1209.0,1209.0,1202.0,1202.0,1202.0,1202.0,1202.0,1202.0,1134
大连交通大学,1339.0,1300.0,1266.0,1254.0,1204.0,1204.0,1204.0,1204.0,1204.0,1204.0,1204.0,1204.0,1131.0,1131.0,1131.0,1131.0,1131.0,1131.0,1155.0,1155.0,1133
齐齐哈尔大学,1311.0,1311.0,1279.0,1235.0,1235.0,1235.0,1235.0,1235.0,1235.0,1177.0,1177.0,1177.0,1133.0,1133.0,1133.0,1133.0,1133.0,1133.0,1133.0,1133.0,1133
长春工业大学,1371.0,1371.0,1318.0,1316.0,1250.0,1250.0,1250.0,1250.0,1250.0,1213.0,1213.0,1213.0,1213.0,1213.0,1213.0,1213.0,1213.0,1213.0,1213.0,1213.0,1131
阿坝师范学院,1360.0,1360.0,1390.0,1369.0,1346.0,1346.0,1257.0,1185.0,1185.0,1185.0,1185.0,1185.0,1151.0,1151.0,1151.0,1155.0,1155.0,1155.0,1155.0,1155.0,1131
上海海洋大学,1400.0,1400.0,1388.0,1379.0,1359.0,1359.0,1359.0,1359.0,1359.0,1359.0,1359.0,1282.0,1282.0,1282.0,1200.0,1200.0,1167.0,1167.0,1182.0,1182.0,1128
山东石油化工学院,1331.0,1331.0,1273.0,1198.0,1198.0,1198.0,1198.0,1198.0,1198.0,1198.0,1198.0,1198.0,1198.0,1198.0,1198.0,1198.0,1198.0,1198.0,1152.0,1152.0,1121
江西理工大学南昌校区,,1325.0,1288.0,1239.0,1239.0,1239.0,1239.0,1239.0,1239.0,1239.0,1239.0,1239.0,1239.0,1239.0,1239.0,1225.0,1225.0,1225.0,1166.0,1166.0,1119
大连大学,1338.0,1338.0,1289.0,1265.0,1211.0,1211.0,1211.0,1211.0,1211.0,1161.0,1161.0,1161.0,1161.0,1161.0,1161.0,1161.0,1161.0,1161.0,1161.0,1161.0,1117
内蒙古师范大学,1321.0,1321.0,1250.0,1185.0,1185.0,1185.0,1185.0,1185.0,1185.0,1185.0,1185.0,1185.0,1185.0,1113.0,1113.0,1113.0,1113.0,1113.0,1113.0,1113.0,1113
内蒙古工业大学,1355.0,1291.0,1252.0,1203.0,1203.0,1203.0,1203.0,1203.0,1203.0,1203.0,1203.0,1203.0,1203.0,1175.0,1175.0,1175.0,1175.0,1175.0,1175.0,1175.0,1107
黑龙江工程学院,1324.0,1324.0,1247.0,1187.0,1187.0,1187.0,1187.0,1187.0,1187.0,1107.0,1107.0,1107.0,1107.0,1107.0,1107.0,1107.0,1107.0,1107.0,1107.0,1107.0,1107
燕京理工学院,1313.0,1313.0,1226.0,1178.0,1178.0,1178.0,1178.0,1178.0,1178.0,1105.0,1105.0,1105.0,1105.0,1105.0,1105.0,1105.0,1105.0,1105.0,1105.0,1105.0,1105
成都理工大学工程技术学院,1325.0,1325.0,1242.0,1200.0,1134.0,1134.0,1134.0,1134.0,1134.0,1134.0,1134.0,1134.0,1134.0,1134.0,1134.0,1134.0,1134.0,1134.0,1088.0,1088.0,1088
沈阳化工大学,1369.0,1369.0,1360.0,1331.0,1283.0,1283.0,1283.0,1283.0,1212.0,1186.0,1186.0,1186.0,1126.0,1126.0,1126.0,1126.0,1126.0,1126.0,1085.0,1085.0,1061
大连外国语大学,1322.0,1322.0,1247.0,1184.0,1184.0,1184.0,1184.0,1184.0,1184.0,1184.0,1184.0,1184.0,1126.0,1126.0,1126.0,1126.0,1126.0,1126.0,1126.0,1126.0,1047
