Rank,School Rank,School,Team Name,Member1,Member2,Member3,Coach,Girl,Official,Solved,Penalty,Medal,A,B,C,D,E,F,G,H,I,J,K,L
1,1,北京大学,赤橙黄绿蓝紫,钱易,蒋凌宇,,,,True,10,1369,Gold,+(26),,+(183),+(287),+2(132),+2(88),+(29),+1(123),+1(14),,+(136),+1(211)
2,2,清华大学,一路向北,许庭强,周航锐,唐绍轩,,,True,9,1134,Gold,+2(28),-6,+1(139),,+1(212),+1(127),+(28),+1(76),+1(18),,+1(182),+(164)
3,,清华大学,world. search (you);,刘一平,张景行,万成章,,,True,9,1584,Gold,+1(45),,+(243),-2,+1(185),+1(263),+(69),+(103),+(24),,+1(234),+2(298)
,,杭州市第二中学,报名早了，名额有了,,,,,,False,8,1247,,+1(29),,,,+2(143),+1(175),+(118),+2(79),+(21),,+2(295),+1(207)
,,南京外国语学校,天天有比赛，多开心,,,,,,False,8,1286,,+(15),,-2,,+2(151),+(123),+(97),+2(269),+(24),,+(253),+2(234)
4,3,浙江大学,十发罚时,吴与伦,万弘,徐锐扬,,,True,8,1373,Gold,+1(36),,,,+3(123),+2(154),+3(231),+3(271),+(34),,+(79),+1(185)
5,,北京大学,思路打开,张致,朱剑枫,管晏如,,,True,8,1465,Gold,+4(35),,+(299),,+3(173),+(135),+1(118),+3(188),+(22),,,+1(255)
6,,浙江大学,来生,严子轩,彭博,张湫阳,,,True,7,1022,Gold,+(33),,,,+1(69),+3(216),+1(122),+1(240),+(25),,+(197),-4
7,4,北京交通大学,羊羊羊,斯修远,郭昱哲,夏鹤鸣,,,True,7,1178,Gold,+(33),,,,+5(117),+3(283),+(52),+1(146),+(9),,,+4(278)
8,,北京大学,随机匹配,柯绎思,柯怿憬,谢梓涵,,,True,7,1185,Gold,+1(43),,,,+(167),+2(201),+1(86),+3(238),+(20),,+1(270),
9,,浙江大学,又活一天,高宏钧,王羽立,王楚淏,,,True,7,1233,Gold,+1(48),,,,+4(223),+(230),+(78),+1(153),+(26),,+3(295),
,,浙江省诸暨市海亮高级中学,加训数据结构,,,,,,False,7,1254,,+(29),,,,+4(229),+3(137),+(94),-1,+1(15),,+2(205),+3(285)
10,5,中国科学技术大学,丝路市西套村代表队,洪文杰,郭一航,周翟恩和,,,True,7,1328,Gold,+1(61),,-1,,+(118),+2(243),+(172),+3(297),+(20),,+1(277),
11,6,哈尔滨工业大学,蓬莱人形,陈煜航,丁文涛,张彭凯,,,True,7,1331,Gold,+(31),,,,+8(139),+3(239),+2(105),+(217),+(15),,+2(285),
,,浙江金华第一中学,烟花易冷,,,,,,False,7,1353,,+(14),,+2(271),,+(66),+1(297),+3(152),,+(34),,,+5(299)
12,7,南京航空航天大学,错误,赵乐坤,胡昊天,吕俊琪,,,True,7,1406,Gold,+(41),,,,+6(183),+2(293),+(105),+2(250),+1(24),,-1,+3(230)
,,中山市中山纪念中学,UTG,,,,,,False,7,1433,,+2(32),,,,+4(154),+(110),+5(195),+4(284),+(37),,-1,+3(261)
,,长沙理工大学,ddl前一小时没有报名差点遗憾离场,,,,,,False,7,1481,,+2(23),,,,+2(96),+8(247),+4(95),+6(295),+(28),,,+1(237)
13,8,中山大学,中山大学_没有想法,薛炜鹏,吴永聪,陈景泰,,,True,6,673,Gold,+(26),,,,+(49),+1(179),+(101),+2(242),+(16),,,-20
14,9,北京理工大学,越野,邹知秋,于瀚文,廖嘉琦,,,True,6,858,Gold,+(17),,,,+1(127),+3(236),+1(78),+3(216),+(24),,-1,
15,10,北京航空航天大学,秋花追忆,王大禹,董和军,蒋槟阳,,,True,6,889,Gold,+(15),,,,+2(119),+2(213),+2(155),+1(224),+(23),,-4,-4
16,11,南方科技大学,南方科技大学-奥斯陆,张祺宇,杨博文,姜奕豪,,,True,6,896,Gold,+(41),,,,+3(201),+2(143),+(135),+(257),+(19),,-4,-4
,,西安铁一中国际合作学校,可乐猫,,,,,,False,6,903,,+2(41),,,,+(145),+(219),+(88),+2(296),+(34),,,
17,12,厦门大学,闪光春日影,邹品聪,栾英石,陈朱迪,,,True,6,923,Gold,+(12),,,,+(74),+1(176),-2,+4(282),+(38),,+(241),
18,13,华中科技大学,邹知秋你昆明这么出题就是不想出线,俞仲遥,刘兆硕,麦骏,,,True,6,951,Gold,+1(50),,,,+4(276),+1(180),+(44),+1(241),+(20),,,
19,14,上海大学,树上的忍者,耿鹏成,松浩然,陶钧,,,True,6,959,Gold,+(38),,,,+(99),+3(275),+(129),-2,+(24),,,+2(294)
20,,北京大学,Lumina,朱羿恺,郭羽冲,沈吉滪,,,True,6,978,Gold,+1(49),,+1(252),,+1(102),+1(245),-2,-1,+(26),,,+(224)
,,西安交通大学,写都写了，交一发吧,,,,,,False,6,980,,+(33),,,,+(126),+2(279),+1(155),+1(235),+1(52),,,
,,杭州市第二中学,二进制联盟,,,,,,False,6,993,,+(43),,-1,,+3(215),,+(78),+2(284),+(31),,,+1(222)
21,15,香港中文大學,簽到失敗,黃進,謝昶豪,龍瑞希,,,True,6,1013,Gold,+(28),,,,+2(140),+(185),+4(162),-8,+4(50),,+1(228),-32
22,,清华大学,击中月亮,魏佳泽,程思元,戚朗瑞,,,True,6,1024,Gold,+(40),,-1,,+3(210),+4(295),+(92),-3,+(15),,+2(192),-12
23,,中国科学技术大学,Ben 神，启动,陈聆祎,樊澄宇,陈骆鑫,,,True,6,1030,Gold,+1(62),,,,+1(152),+4(271),+(113),+(292),+(20),,,
24,16,上海交通大学,夏日影,冯启豫,刘家宁,朱泽木,,,True,6,1037,Gold,+(15),,,,+7(221),+1(225),+1(69),+3(246),+(21),,-4,
25,17,西安交通大学,宇宙将为你闪烁,邓熙健,王禹皓,石皓文,,,True,6,1056,Gold,+(47),,,,+1(201),+2(296),+(207),+1(164),+(61),,,
26,18,香港中文大学（深圳）,通顶雪道,孙悠然,忙秋阳,郭青硕,,,True,6,1060,Gold,+1(46),,,,+6(213),+(188),+3(96),-7,+(26),,+1(271),
27,19,电子科技大学,UESTC_篝月明火,陈奕可,汪澄,彭帅康,,,True,6,1089,Gold,+(15),,,,+1(129),+1(296),+(110),+5(265),+3(74),,-1,
28,20,中南大学,有刺无刺,江天运,易光廷,周湘予,,,True,6,1116,Gold,+2(38),,,,+4(287),+2(206),+(102),+1(269),+(34),,,
29,,清华大学,Escape,任舍予,郭雨豪,郑玄晔,,,True,6,1128,Silver,+(23),,+1(167),,+5(239),-18,+1(193),,+1(40),,+3(246),
30,,清华大学,报名晚了,钟自厚,崔隽章,董亦骐,,,True,6,1149,Silver,+2(65),,,,+8(275),+(86),+2(34),-11,+(49),,,+10(200)
,,深圳北理莫斯科大学,铜牌已达两位数！,,,,,,False,6,1175,,+(75),,,,+4(186),+2(252),+1(176),+1(273),+(53),,,
31,,北京大学,呜呜呜嘤嘤嘤哇哇哇,葛子越,孟煜皓,罗思远,,,True,6,1199,Silver,+(47),,,,-1,+8(290),+1(106),+2(254),+(12),,,+(270)
32,,中山大学,中山大学_破晓之旅,赵肖睿,古鸣浩,刘志源,,,True,6,1254,Silver,+3(72),,,,+2(216),+2(293),+2(148),+3(229),+1(36),,,
,,上海市曹杨第二中学,慢慢变强,,,,,,False,6,1308,,+2(84),,,,+6(294),+3(284),+1(162),,+1(89),,,+(135)
33,21,杭州电子科技大学,杭电1队,马文浩,黄光升,何卓锟,,,True,6,1338,Silver,+(21),,,,+4(167),+1(268),+4(261),,+(31),,,+6(290)
,,广州大学附属中学,三折叠乌龟,,,,,,False,6,1343,,+1(48),,+5(291),,+3(124),,+2(195),,+(46),,,+6(299)
,,广州大学附属中学,少量太阳粉丝团,,,,,,False,5,503,,+(20),,,,+2(77),,+(114),-1,+(27),,,+2(185)
34,22,西南交通大学,我都行,毛锦阳,赵一冰,廖智成,,,True,5,562,Silver,+(47),,,,-10,+1(232),+(69),+1(135),+1(19),,,
,,南京外国语学校,喵喵喵家长群,,,,,,False,5,613,,+3(25),,+(250),,+(139),-5,+(86),-1,+1(33),,,-1
,,清华大学,进行一个象的抽,,,,,,False,5,624,,+(53),,,,+(139),-2,+(105),+1(282),+(25),,,
35,23,香港城市大学,初心,燕雅超,高义雄,郑上锟,,,True,5,641,Silver,+(39),,,,+1(137),+(295),+(132),-6,+(18),,,
36,24,武汉大学,秘封俱乐部,李佳隆,潘非,熊师飏,,,True,5,642,Silver,+1(49),,,,+3(156),,+(63),-8,+1(29),,,+1(225)
37,25,北京邮电大学,摩可彭塔斯,鲍睿钊,谭怡萱,区庆亮,,,True,5,655,Silver,+1(58),,,,+(99),,+(136),+2(271),+(31),,,
38,,南方科技大学,南方科技大学-南风点点,薛哲,林政宇,曾子华,,,True,5,671,Silver,+2(192),,,,+1(122),-4,+(63),-2,+1(28),,+(186),
39,,中山大学,中山大学_红温之旅,周睿韬,张宸睿,张益晟,,,True,5,703,Silver,+(32),,,,+5(275),+(189),+(88),,+(19),,-4,
40,,浙江大学,WF 在逃三人团,周转,李克成,朱睿哲,,,True,5,714,Silver,+(67),,,,+2(75),+(229),+1(246),-3,+(37),,,
41,26,南京大学,食堂难民走线和园卖花,杨宇轩,冯烨聪,陈思睿,,,True,5,715,Silver,+(64),,,,+1(142),+(264),+(197),-5,+(28),,,
,,杭州市第二中学,报名晚了名额没了,,,,,,False,5,726,,+(52),,,,-6,+4(227),+(107),-11,+(29),,-4,+2(191)
42,,华中科技大学,华中科技大学〇队,刘星佳,黄暄骜,刘铖,,,True,5,728,Silver,+(55),,,,+1(205),-6,+(136),+1(239),+(53),,-1,
43,,中国科学技术大学,前社长想公费旅游于是被两位巨佬带飞,阎昶澍,梁嘉文,孙志浩,,,True,5,729,Silver,+2(74),,-1,,+5(243),+1(136),+(92),,+(24),,,
,,成都市第七中学,那头粉丝团,,,,,,False,5,731,,+(53),,,,+1(140),+(242),+1(230),,+(26),,,
44,,哈尔滨工业大学,w4p3r black-fan club,邱思宇,谢书泱,杜沛键,,,True,5,731,Silver,+2(32),,,,+3(64),-6,+3(247),+(184),+1(24),,,
,,郑州外国语学校,的无上。立，时意破、当无世民事，然,,,,,,False,5,733,,+(31),,,,-7,+8(274),+(46),-3,+2(26),,,+3(96)
45,27,南京理工大学,你怎么知道鲍汁锅在22ec抽到了mate50pro,何平,彭锐政,陈静波,,,True,5,741,Silver,+1(65),,,,,+(257),+2(120),+(209),+(30),,,-1
46,,上海交通大学,影色舞,王越,胡豪达,戴之恒,,,True,5,760,Silver,+2(36),,,,+1(165),-3,+1(136),+1(284),+(39),,,-4
,,南京外国语学校,VOTE FOR RICK ASTLEY,,,,,,False,5,762,,+3(74),,,,+2(212),+2(124),+1(146),-2,+1(26),,,
,,北京市十一学校,可燃垃圾堆,,,,,,False,5,770,,+(30),,,,+4(234),+(232),+2(135),,+(19),,,-3
47,28,中国人民大学,森林冰火人,任秦江,林志诚,林梓楠,,,True,5,773,Silver,+(119),,,,+3(217),+(269),+(85),-1,+(23),,,
48,,电子科技大学,UESTC_雪色光晕,张昕诺,吕书武,李毅远,,,True,5,782,Silver,+1(65),,-1,,+(145),+(221),+1(263),,+1(28),,,
49,29,苏州大学,故障机器人,肖锦嗣,王宇轩,韩则进,,,True,5,804,Silver,+(46),,,,+3(190),-1,+3(173),+(254),+(21),,,
50,30,兰州大学,两个出生,张恩彬,李大源,水源,,,True,5,809,Silver,+1(59),,,,+7(217),+(189),+1(127),-1,+(37),,,-3
,,成都市第七中学,队仨,,,,,,False,5,813,,+1(30),,,,+5(191),+2(145),+2(219),-4,+(28),,,
51,,南京大学,手气王定的,张瑞珉,周宇曦,朱羽宽,,,True,5,816,Silver,+(30),,,,+3(157),+3(213),+3(199),,+1(17),,-4,
,,重庆市南开中学,撑伞,,,,,,False,5,819,,+(33),-1,-1,,+4(128),-4,+(155),-2,+1(88),,,+2(275)
,,重庆大学,队名不凸显一下我们网瘾老年人的身份马,,,,,,False,5,819,,+1(56),,-2,,+1(146),+5(281),+(102),,+2(54),,,-2
,,南京外国语学校,都可以,,,,,,False,5,837,,+3(79),,,,+3(147),+(257),+3(137),-1,+(37),,,
52,,浙江大学,幻想風靡,谭思成,张志心,柯怀俊,,,True,5,848,Silver,+2(64),,,,+4(166),+1(267),+(170),-15,+1(21),,-1,
53,,上海大学,献给XCPC的一年之诗,周子竣,潘铧超,房辰燏,,,True,5,866,Silver,+(51),,,,+3(250),+2(289),+(144),,+(32),,,
54,,杭州电子科技大学,杭电2队,徐墨凡,徐铭扬,余梓诚,,,True,5,867,Silver,+(49),,,,+7(171),,+2(224),-4,+(27),,+2(176),
,,成都外国语学校,并非波特,,,,,,False,5,870,,+1(44),,+(156),,+4(256),-2,+1(245),,+1(29),,,
,,南京外国语学校,ZJA,,,,,,False,5,953,,+3(112),,,,+5(233),+(261),+(158),,+(29),,,-1
55,,南方科技大学,南方科技大学-布尔诺,王振宇,王泰翔,江博成,,,True,5,959,Silver,+4(80),,,,+2(136),,+2(239),+3(231),+1(33),,,
56,,上海交通大学,电光火石的前奏,黄佳瑞,钱智煊,车昕宇,,,True,5,967,Silver,+1(79),,,,+3(241),-2,+(204),+1(298),+(45),,,
,,上海外国语大学附属外国语学校,朕的皇家翻译呢,,,,,,False,5,971,,+2(40),,,,+9(247),,+(290),,+(14),,,+2(120)
57,31,天津大学,锐刻没有电,范艳青,黄涛,邓锦源,,,True,5,972,Silver,+(45),,,,+3(170),,+7(292),,+(35),,,+1(210)
,,广东实验中学,省实信奥2队,,,,,,False,5,1007,,+2(43),,,,+7(194),+3(273),+2(164),,+(53),,,
58,32,中国科学院大学,果壳挂科王,蓝天朗,徐亦周,徐致远,,,True,5,1011,Silver,+(79),,,,+5(298),-1,+1(188),+2(247),+(39),,,
59,33,四川大学,难题逆转小队,李名骕,杨轶涵,黄云垄,,,True,5,1027,Silver,+2(54),,,,+5(261),+4(298),+3(117),,+(17),,,
60,34,西南大学,AutoC++,徐畅,蒋天逸,马博涵,,,True,5,1030,Silver,+2(71),,,,+7(291),+(176),+1(228),-4,+(64),,,
61,,北京航空航天大学,帅气队友退役快乐！诚招新的颜值担当,严禹韬,王泓翔,谭喆文,,,True,5,1031,Silver,+(30),,,,+3(230),,+8(270),-2,+(40),,,+2(201)
62,35,哈尔滨工业大学（深圳）,潜水小怪,梁彬,羊柯伍,孙宇开,,,True,5,1031,Silver,+1(68),,,,+4(177),+(295),+7(233),,+(18),,,
63,,北京理工大学,Penalty 这么高它的意思一定是分数吧,柯宁皓,黄康,张思哲,,,True,5,1039,Silver,+1(73),,,,+3(236),,+5(210),+1(274),+(46),,,
64,,杭州电子科技大学,杭电3队,周靖凯,傅景康,闻人雨泽,,,True,5,1045,Silver,+1(39),,,,+12(255),+4(289),+1(83),-8,+(19),,,
65,36,国防科技大学,蓝色空间号,杨泽,吴佳英,刘宇林,,,True,5,1048,Silver,+1(95),,,,+2(190),+3(258),+(205),-3,+2(140),,,
,,重庆市第一中学校,实力出粽,,,,,,False,5,1124,,+2(44),,,,+10(209),+7(236),+1(177),,+2(18),,,
,,北京建筑大学,铜墙铁壁,,,,,,False,5,1196,,+3(64),,,,+2(245),,+3(162),,+2(51),,,+9(294)
,,首都师范大学附属中学,ssf成达队,,,,,,False,4,383,,+(38),,-2,,-8,,+1(133),,+(26),,,+1(146)
,,成都市第七中学,Jowaire,,,,,,False,4,402,,+1(39),,-1,,+1(145),,+1(132),,+(26),,,
66,,上海交通大学,奇迹师歌队,谭钧豪,徐君翊,楼灏,,,True,4,438,Silver,+2(53),,,,+(131),,+2(157),-4,+(17),,,
67,,香港中文大學,少年的拼勁,姜宣丞,周禮言,黃梓謙,,,True,4,457,Silver,+(49),,,,+3(158),-1,+(142),-2,+1(28),,,-3
,,北京大学附属中学,三个人凑不出一个翻译,,,,,,False,4,460,,+2(38),,,,+2(218),-3,+(78),,+1(26),,,
68,,香港中文大學,自攻螺絲,黃文禮,张天瀚,,,,True,4,469,Silver,+1(39),,,,-10,+3(232),+(98),-1,+(20),,,
69,37,东北大学,东北大学_远陬浮萍,苏焜,仝家驹,任浩禹,,,True,4,478,Silver,+(55),,-1,,-5,+2(254),+1(83),,+(26),,,
70,38,华中师范大学,落月摇情满江树,曹俞欣,王彬宇,郭子寒,,,True,4,481,Silver,+(37),,,,+1(139),-3,+2(222),,+(23),,,
71,39,复旦大学,学海无涯，回头是岸,莫骐彰,阚子淳,崔博钧,,,True,4,490,Silver,+1(33),,,,+3(299),-6,+(53),-4,+(25),,,
72,40,福州大学,从今天起不当小丑,林东颖,傅安,江滢怡,,,True,4,491,Silver,+1(46),,,,+2(173),-5,+1(169),,+(23),,,
73,,中国人民大学,嘉然今天创什么（本科生期末版）,汪元森,刘嘉俊,钱泽瑄,,,True,4,495,Silver,+(121),,,,+2(241),,+(38),,+(55),,,
74,,南京大学,屋旁的青草,陈子达,陈昊洋,梁航宇,,,True,4,502,Silver,+1(65),,,,+3(238),-4,+(94),,+(25),,,
75,,中国科学技术大学,中科大少女班代表队,冯正桦,邵晓玮,李俊辰,,,True,4,506,Silver,+5(60),,,,-28,,+(71),-1,+(23),,+2(212),
76,41,华东师范大学,至此，一锤定音,许乐,冯嘉一,冯顾炜,,,True,4,508,Silver,+2(47),,,,+(269),-8,+(114),,+(38),,,
77,42,浙江理工大学,炉石新晋肺癌一哥......堂堂连载,王显龙,陶稼辉,张莉曼,,,True,4,517,Silver,+(13),,,,+4(243),-6,+(125),-1,+(56),,,
78,,北京理工大学,打饿了吃隔壁桌,彭田栩,陈鹏宇,牟星宇,,,True,4,524,Silver,+(44),,,,+3(206),-6,+3(127),,+(27),,,
79,,北京航空航天大学,shiNy cOlors,刘昊言,李墨之,杭洋,,,True,4,524,Silver,+2(49),,,,-8,,+(90),+2(270),+(35),,,
80,,中国人民大学,M. R. G. A.,晏艺桓,李雨城,陈礼邦,,,True,4,525,Silver,+(18),,,,-3,-4,+1(135),+2(252),+1(40),,,
81,43,西北工业大学,D.D.D,吴语,严诚治,武守恒,,,True,4,527,Silver,+1(49),,,,+2(198),-2,+1(176),,+(24),,,
,,宝鸡文德中学,乐园,,,,,,False,4,530,,+(32),,,,+7(196),,+(150),,+(12),,,-7
82,,华中师范大学,空天之梦,曾位俊,邱俊凯,,,,True,4,552,Silver,+(72),,,,+1(255),-2,+(159),,+(46),,,
,,广东实验中学,省实信奥3队,,,,,,False,4,553,,+1(49),,,,+3(295),-3,+(89),-1,+(40),,,
83,,华中科技大学,让我们_着走，送他们房子,汪文卓,金城根,杨治,,,True,4,555,Silver,+1(61),,,,+3(210),,+1(157),-4,+(27),,,
84,44,上海理工大学,蔡光（囯內）,张皓宇,董柯演,吴佳霖,,,True,4,556,Silver,+1(54),,,,+1(179),-4,+2(227),-1,+(16),,,
85,,中国科学院大学,Chirp-Z变换,朱奕杰,林海昊,聂泽锴,,,True,4,561,Bronze,+(91),,,,+1(274),,+1(126),-1,+(30),,,
86,,哈尔滨工业大学,我退役了，教练管不了了,朱峰,王羽婷,杨一凡,,,True,4,564,Bronze,+(40),,,,+3(149),-9,+2(251),,+(24),,,
87,,复旦大学,曼波大战哈姆,陈可汗,徐兆恺,罗意明,,,True,4,568,Bronze,+2(40),,,,-16,+2(276),+1(89),,+1(43),,,
88,45,哈尔滨工程大学,我推的七海爆吃0721次罚时因为在原神启动,宿斯玮,黄凯鹏,吴兆昕,,,True,4,571,Bronze,+(60),,,,+2(274),-1,+(173),,+(24),,,
89,46,河海大学,我的acm铁牌物语果然有问题,朱庆刚,付宏磊,林桁,,,True,4,573,Bronze,+(75),,,,+(276),,+1(178),,+(24),,,-2
90,47,浙大城市学院,扫雷爱好者,林嘉亮,沈墨昕,褚锦威,,,True,4,584,Bronze,+(44),,,,+5(200),,+2(173),,+(27),,,
91,48,郑州大学,都不玩原神,乔培元,赵圣元,梁志杰,,,True,4,586,Bronze,+2(74),,,,+1(188),-6,+3(176),,+(28),,,
92,,上海交通大学,只支持修改，不支持查询,李俊毅,于恩帝,杨崇烨,,,True,4,600,Bronze,+1(66),,,,+2(248),-9,-2,+1(181),+(25),,,
,,中山市中山纪念中学,纪中十队,,,,,,False,4,606,,+(32),,,,+1(165),-8,+2(263),,+(86),,,
93,49,西安电子科技大学,三分之二去零点,田康杰,夏秀锟,曾岩,,,True,4,610,Bronze,+2(98),,,,+2(224),,+(142),-16,+1(46),,,
94,50,杭州师范大学,春天的草莓和夏天的啤酒花,林丰,尤馨然,邵茹怡,,,True,4,617,Bronze,+(72),,,,+4(235),,+(189),,+(41),,,
95,,中山大学,中山大学_2333er,高祖伟,刘翔乐,高艺桐,,,True,4,639,Bronze,+1(42),,,,+2(166),,-3,+3(286),+(25),,,
96,51,南京邮电大学,内鬼猫猫头,文超航,冯一帆,张禹健,,,True,4,646,Bronze,+(88),,,,+4(202),,+(223),-4,+1(33),,,
97,,福州大学,孤高曼波,陈宇,陈建涛,黄旭,,,True,4,648,Bronze,+(74),,,,+4(298),,+(132),,+1(44),,,
98,52,大连理工大学,这么六！,毛祥宇,刘泽轩,钟剑辉,,,True,4,650,Bronze,+(81),,,,+3(257),,+(218),,+(34),,,
99,53,长沙理工大学,代码不能从这一侧AC,彭烨青,詹一夫,徐彬峰,,,True,4,651,Bronze,+1(60),,,,+1(246),,+2(227),-1,+(38),,,
100,54,山东大学,SDU-TCS,袁胜利,王天竹,禚安垣,,,True,4,652,Bronze,+1(69),,,,-16,+(247),+(281),,+(35),,,
101,55,华南理工大学,打xcpc不喊我,徐睿,吕浩天,梁立州,,,True,4,656,Bronze,+1(51),,,,+4(233),-2,+(250),,+(22),,,
102,56,华南师范大学,A了这题就吃麦旋风,古嘉诚,袁浩轩,黄家谦,,,True,4,656,Bronze,+2(114),,,,+2(260),,+(168),,+(34),,,
103,57,重庆理工大学,乱,于张本,许润峰,张洋,,,True,4,659,Bronze,+3(91),,,,,+2(289),+1(138),,+(21),,,
,,中山市中山纪念中学,纪中六队,,,,,,False,4,663,,+(29),,,,+5(255),+(241),-4,,+(38),,,
104,,华东师范大学,假飞了！,冯中信,陈赵润,姜朝顺,,,True,4,672,Bronze,+1(56),,,-1,+4(175),,+2(253),,+(48),,,
105,58,东南大学,不休独舞,戚雨林,张皓,王希陶,,,True,4,673,Bronze,+1(70),,,,+3(219),-2,+(190),,+2(74),,,
106,,南京大学,优质解答:我不知道,陈弘毅,郑欣,林荣恩,,,True,4,679,Bronze,+1(47),,,,+4(179),,+4(244),,+(29),,,
107,59,东华大学,不可视境界线,黄城帆,杨韵清,金浩帆,,,True,4,680,Bronze,+1(96),-1,,,+2(286),,+3(143),,+(35),,,
108,60,湖南大学,123456,朱名扬,吕乐,张世东,,,True,4,680,Bronze,+(58),,,,,-4,+6(292),,+(32),,+1(158),
109,61,香港大学,热门流行音乐联盟,吴语晨,李其轩,徐启越,,,True,4,684,Bronze,+(64),,,,+5(247),-9,+1(163),-1,+(90),,,
110,,西北工业大学,wanna be free,尹新祥,龚熙尧,程文楷,,,True,4,684,Bronze,+(42),,,,+2(277),,,-2,+(29),,,+2(256)
,,福建省福州第三中学,拼尽全力无法过题,,,,,,False,4,686,,+4(160),-1,-1,-1,+2(141),-5,+(181),-1,+2(44),,,
111,,电子科技大学,UESTC_在理工学校想邂逅文学学姐搞错了什么,冉泽宇,梁育诚,陈治臻,,,True,4,690,Bronze,+3(101),,,,+3(230),-20,+(176),,+1(43),,,
112,,东北大学,东北大学_18块银牌能不能换一块金牌,王子晗,濮金骁,祝云飞,,,True,4,697,Bronze,+3(47),,,,+2(245),-1,+2(237),,+(28),,,
,,中山市中山纪念中学,纪中八队,,,,,,False,4,698,,+(67),,-1,,+5(214),-1,+(258),-1,+1(39),,-1,-1
113,,电子科技大学,UESTC_诶多诶多呐呐呐,雷霖,包航,覃子睿,,,True,4,700,Bronze,+(60),,,,+2(181),,+6(242),,+(57),,,
,,中山市中山纪念中学·,纪中二队,,,,,,False,4,702,,+(27),,,,+6(203),-2,+2(261),,+(51),,,
114,62,东北大学秦皇岛分校,名字取好了吗,冯阳阳,刘峻畅,肖轲闻,,,True,4,709,Bronze,+1(61),,,,+2(208),-9,+3(273),,+1(27),,,
115,63,同济大学,于离别之朝束起约定之花,靳嘉成,刘诗奇,吴晶承,,,True,4,714,Bronze,+3(122),,,,,,+2(226),-6,+(38),,,+1(208)
116,,南京邮电大学,这不是梦！,胡乐安,崔晨曦,展翼,,,True,4,719,Bronze,+3(62),,,,+4(243),,+(221),,+(53),,,-1
117,64,湖南师范大学,栀晓,唐熙林,魏佳蕾,杨泽旭,,,True,4,731,Bronze,+(46),,,,+7(182),-4,+2(289),,+(34),,,
118,65,杭州电子科技大学信息工程学院,无尽的风之轨迹,尹凯乐,周越,杨鑫,,,True,4,737,Bronze,+(78),,,,-2,+5(292),+1(187),,+(60),,,
119,,华东师范大学,sha1+6deZ blackF4n-Club,汪鼎尊,程籽实,谢书骁,,,True,4,740,Bronze,+(48),,,,+5(282),,-14,+(262),+(48),,,
120,66,浙江工业大学,不用见外,陆仙梁,冯梓航,包林鑫,,,True,4,745,Bronze,+2(83),,,,+4(242),-5,+(272),,+(28),,,
121,67,南京信息工程大学,叱咤月海鱼鱼猫,潘小康,马天顺,徐凡明,,,True,4,748,Bronze,+(64),,,,+5(263),,+1(277),,+(24),,,
122,,哈尔滨工业大学（深圳）,猫猫不会数数,曹鹏宇,曹锦程,高子烽,,,True,4,751,Bronze,+1(48),,,,+5(280),,+1(250),,+(33),,,
,,长沙市雅礼中学,死亡纽约，你只能,,,,,,False,4,766,,+3(67),,,,+4(152),-1,-5,,+(55),,,+6(232)
,,上海外国语大学附属外国语学校,AC到底来没来,,,,,,False,4,776,,+4(155),,,,+2(242),-2,+2(199),,+(20),,,
,,北京航空航天大学,藏响,,,,,,False,4,782,,+2(43),,,,+6(215),-4,+7(186),,+1(18),,,
123,,东北大学,东北大学_爆金币,王涵聪,王啸烽,陈增杰,,,True,4,790,Bronze,+(54),,,,+9(234),,+1(279),-2,+(23),,,
124,,南京理工大学,混沌蝴蝶,吴俐伽,王一萌,丁则文,,,True,4,799,Bronze,+2(100),,,,+3(292),,+(219),,+(88),,,
125,68,北京师范大学,苹果狗,陈志锐,徐若翔,季涛,,,True,4,810,Bronze,+(43),,,,+10(215),-3,+1(250),,+1(62),,,
126,,东北大学秦皇岛分校,鸡鸣湖畔,张裕博,司伟业,张昱东,,,True,4,812,Bronze,+1(57),-1,,,+12(258),,+1(191),,+(26),,,
127,,东北大学秦皇岛分校,最澄澈的空与海,唐德斌,邓逸飞,王若翔,,,True,4,813,Bronze,+2(125),-1,-1,-1,-1,+2(237),+3(282),-1,+(29),-1,-1,-1
128,69,香港科技大学,Firebird Chan Lay Harder,吕嘉杰,杨善行,杨善进,,,True,4,820,Bronze,+1(108),,,,+2(241),,+1(292),,+2(59),,,
129,70,西北农林科技大学,不会起名,蔡祺峰,韩邦远,范中博,,,True,4,821,Bronze,+5(85),,,,+5(282),,+(159),,+(95),,,
130,71,郑州轻工业大学,冰马桶,刘家贤,吴宇扬,姬孟龙,,,True,4,824,Bronze,+1(68),,,,+5(223),,+4(299),,+(34),,,
131,72,西湖大学,轰炸机数学学院,贾岚晴,俞开,汪阳,,,True,4,826,Bronze,+1(63),,,,+2(287),,+2(278),,+(98),,,
,,东南大学,西西弗斯,,,,,,False,4,833,,+1(124),,,,+8(259),-2,+(193),-1,+(77),,,
132,73,武汉科技大学,RELX悦刻幻影PRO,万家梁,朱俊杰,孙煜恒,,,True,4,847,Bronze,+1(176),,,,+5(182),,+2(270),,+(59),,,
133,,北京理工大学,内核恐慌,陈驭祺,张书豪,徐宇飞,,,True,4,852,Bronze,+2(107),,,,+6(291),-6,+1(244),,+(30),,,
134,74,香港科技大学广州,ZJJ是赵家杰,何家睿,张晋杰,赵欣昊,,,True,4,865,Bronze,+(59),,,,+3(215),+1(282),-1,,+1(209),,,
135,,香港科技大学广州,杂鱼~杂鱼~ 大哥哥连A题都过不掉嘛~,王向前,罗浩,储文皓,,,True,4,872,Bronze,+4(117),,,,+10(282),,+(167),-7,+(26),,,
,,重庆市第一中学校,阿阿阿阿米诺斯,,,,,,False,4,882,,+4(122),-1,,,+4(261),,+(272),,+1(47),,,
136,75,武汉理工大学,超级奶龙爆爆爆,林学涛,蒋海潮,谢子扬,,,True,4,901,Bronze,+1(82),,,,+12(296),,+2(192),,+(31),,,
137,,浙江工业大学,月球猫猫,陆徐豪,李汶芝,陈泓睿,,,True,4,912,Bronze,+7(270),,,,+4(257),-4,+(126),-1,+1(19),,,
,,浙江省诸暨市海亮高级中学,扣拿塔反思克拉波,,,,,,False,4,934,,+2(224),,,,+3(225),,+4(287),,+(18),,,-11
,,重庆市南开中学,淋雨,,,,,,False,4,935,,+3(96),,,,+3(279),,+4(298),,+(62),,,
138,,南京航空航天大学,DML,邵嘉奇,沈运之,任衍硕,,,True,4,956,Bronze,+(70),,,,+5(287),,+9(290),,+(29),,,
139,76,长安大学,长安未央,段可然,刘葆骐,石瑶,,,True,4,989,Bronze,+1(118),,,-2,+5(245),,+10(265),,+(41),,,-2
140,,香港大学,五条牢师,罗靖宇,李屿霏,张钰晨,,,True,3,190,Bronze,+(26),,,,-2,,+(123),-7,+(41),,,
141,,同济大学,仙银点金,高胜寒,郎若谷,李堂辉,,,True,3,205,Bronze,+(55),,,,-4,-1,+1(98),,+(32),,,
142,,南京邮电大学,菠萝好吃,向韫韬,蒋明辉,蔡振川,,,True,3,206,Bronze,+(83),,,,-15,,+(69),-4,+1(34),,,
143,77,西安理工大学,神秘的力量,贾成杰,马铭源,金钰奇,,,True,3,216,Bronze,+(39),,,,-8,-3,+(122),-1,+(55),,,
144,,北京邮电大学,好好想想,司睿洋,尹昱钦,张泽文,,,True,3,219,Bronze,+(70),,,,-6,-3,+(118),,+(31),,,
145,,上海理工大学,301兆亿的Asterism,刘斌然,黄毅帆,姚陆涵茗,,,True,3,234,Bronze,+(64),,,,-2,,+(123),,+1(27),,,
,,北京市第八十中学,八十一队,,,,,,False,3,239,,+(81),,-1,,,,+(139),-1,+(19),,,
146,78,浙江师范大学,狗运小子,厉文浩,陈增豪,王学远,,,True,3,247,Bronze,+(63),,,,-3,-2,+(171),,+(13),,,
147,,香港中文大学（深圳）,新建文件夹,莫骄阳,邓有权,周信言,,,True,3,248,Bronze,+(57),,,,-6,,+(131),,+1(40),,,
148,79,上海科技大学,耐撞王：牢然,居然,李建昊,王旻昊,,,True,3,250,Bronze,+(94),,,,-10,-4,+1(102),,+(34),,,
149,,浙江理工大学,你T不T吧,任麒源,贺宇昊,余江辉,,,True,3,265,Bronze,+1(71),,,,-2,-5,+2(112),,+(22),,,
150,80,西北大学,剑舞者,蒋宏烨,伍俊霖,朱钊毅,,,True,3,265,Bronze,+(59),,,,-6,,+1(165),,+(21),,,
151,81,山东大学（威海）,唐可可后援会后援会,张智航,张胜熙,涂鸿铭,,,True,3,268,Bronze,+(62),,,,-13,,+2(121),-1,+(45),,,
152,,华中科技大学,和平讨论不带节奏,冯育硕,杨家祯,聂卓然,,,True,3,273,Bronze,+(48),,,,-13,,+1(154),,+1(31),,,
153,82,吉林大学,断桥雪,周宇恒,陈鹏宇,黄昌盛,,,True,3,276,Bronze,+(33),,,,-4,-3,+(192),,+(51),,,
,,广州市铁一中学,自定义,,,,,,False,3,277,,+(39),,,,-14,,+1(172),,+(46),,,-6
154,,武汉大学,出包大怪 真厉害啊沈阳站，我大概这辈子都不会忘记你吧,李王城,苏泓宇,胡文锦,,,True,3,290,Bronze,+(60),,,,,-6,+3(147),-2,+(23),,,
155,83,重庆大学,不考计算几何就摆烂,葛轩铭,陈泆君,鲁永卓,,,True,3,291,Bronze,+2(65),,,,-3,-2,+(141),,+(45),,,
156,,山东大学,电话微波炉（暂定）,詹靖杰,董家豪,宿子腾,,,True,3,292,Bronze,+1(36),,,,+2(132),-1,-5,,+(64),,,
157,,浙江工业大学,choke豁免检定大成功,叶瑞阳,鲍成,罗志炜,,,True,3,311,Bronze,+(79),,,,-6,-5,+1(126),,+1(66),,,
158,,北京航空航天大学,四相断我,李澎瑞,孙健钧,黄伟宁,,,True,3,314,Bronze,+(49),,,,-4,-2,+1(201),,+1(24),,,
,,浙江省诸暨市海亮高级中学,贾治辰志向诚，再辰没有贾治诚,,,,,,False,3,317,,+3(77),,,-1,-14,-6,+(150),,+(30),,,
159,84,燕山大学,塔山之巅,孙振轩,吴亚楠,李一阳,,,True,3,317,Bronze,+(82),,,,-12,,+(184),,+1(31),,,
160,,华南理工大学,Fast Fast TLE,吴尚鸿,甘景贤,吴挺宇,,,True,3,319,Bronze,+(122),,,,-1,,+(152),-1,+(45),,,
161,,福州大学,重返未来,蔡长波,游世伟,王子豪,,,True,3,326,Bronze,+1(62),,,,-2,-4,+1(159),,+1(45),,,
,,广州市铁一中学,奔跑看到雨,,,,,,False,3,329,,+1(103),,,,,-3,+1(161),,+(25),,,
162,85,南开大学,难开题开题难,陈彦兴,何闻硕,张宇墨,,,True,3,334,Bronze,+3(58),,,,-5,,+(190),,+(26),,,
163,,西安电子科技大学,喵喵喵,罗杰,张亲翰,刘朝旭,,,True,3,335,Bronze,+3(82),,,,-7,,+1(153),-2,+(20),,,
,,华为技术有限公司,遥遥领先,,,,,,False,3,338,,+(62),,,,-18,,,+(211),+1(45),,,
164,,浙江师范大学,小运狗子,嵇纹垲,陈炯荣,张煜,,,True,3,340,Bronze,+(65),,,,+4(157),-2,-4,,+(38),,,
,,金华市丽泽中学,A.F.Spirit,,,,,,False,3,341,,+(52),,,,+2(212),-1,-5,,+(37),,,
,,西安市铁一中学,埃塞喷的,,,,,,False,3,343,,+3(85),,,,-7,,+1(137),-1,+1(21),,,
165,86,福建师范大学,杰尼龟快使用飞叶快刀,柯培垚,夏子洋,王潇,,,True,3,349,Bronze,+1(80),,,,-9,,+(199),,+1(30),,,
166,87,广东以色列理工学院,一纸繁鸢,薛亿杰,郭宇航,张晏然,,,True,3,351,Bronze,+(73),,,,-11,,+5(108),,+1(50),,,-5
167,88,哈尔滨工业大学（威海）,帅比队长征到婚了QQ[已隐藏],解裕懋,姚天奇,李昕烨,,,True,3,353,Bronze,+1(80),,,,,,-6,+1(198),+(35),,,
168,89,昆山杜克大学,哦豁,沈知远,王钧澎,孙厚旻,,,True,3,357,Bronze,+1(85),,,,-16,,-1,+2(194),+(18),,,
169,90,中国地质大学（北京）,玩机械动力玩的,许兴城,滕俊宁,盖林,,,True,3,358,Honorable,+1(71),,,,,-1,+2(192),,+(35),,,
,,广东工业大学,加睡,,,,,,False,3,366,,+(62),,,,+4(189),-1,-13,-1,+(35),,,
170,,哈尔滨工业大学,W4p3r Fan Club,范嘉涵,方智鉴,孔敬德,,,True,3,367,Honorable,+(72),,,,,-3,+1(208),,+1(47),,,
,,浙江省诸暨中学,这真是唐唐又龙龙啊,,,,,,False,3,372,,+3(36),,,,,-5,+3(174),,+(42),,,
,,广州大学附属中学,zlt粉丝团,,,,,,False,3,372,,+1(58),,,,-10,,+2(179),-1,+1(55),,,
,,浙江省诸暨市海亮高级中学,5m1队,,,,,,False,3,383,,+1(32),,,,-5,,+3(200),-2,+1(51),,,
171,,四川大学,雍正王朝老太医,王鹏超,熊一鸣,邓雍,,,True,3,384,Honorable,+1(51),,,,-7,-1,+(181),-2,+3(72),,,
172,,复旦大学,密码八个八,杜泊谷,曾添琪,陈禹卓,,,True,3,389,Honorable,+1(53),,,,-9,-2,+1(269),,+(27),,,
173,91,中国民航大学,四渡赤水,陆浩楠,崔凌宵,颜一鸣,,,True,3,390,Honorable,+1(58),,,,-8,,+2(240),,+(32),,,
174,,北京邮电大学,堂吉诃德,管庆涵,王冀恒,卢安来,,,True,3,391,Honorable,+1(54),,,,+3(233),,-9,-3,+(24),,,
,,山西大学附属中学校,正在打模拟赛,,,,,,False,3,394,,+1(87),,,,-3,,+(181),,+3(46),,,
175,,武汉理工大学,在ecf赛场上考java和数电但是打铁导致挂科,刘承明,胡晨煊,陶释然,,,True,3,395,Honorable,+(69),,,,+3(230),,-4,,+(36),,,
,,东北育才学校,原神关闭,,,,,,False,3,396,,+1(72),,,,-2,,+2(216),,+(48),,,-2
,,沈阳理工大学,金典,,,,,,False,3,397,,+3(97),,,,-9,,+3(173),,+(7),,,
176,,中山大学,中山大学_cutelyou,苏律硕,吴明禹,肖淇,,,True,3,398,Honorable,+3(103),,,,+1(141),-5,-2,,+(74),,,
177,,吉林大学,划船全靠浪,赵星宇,武锦旗,刘凡平,,,True,3,401,Honorable,+(46),,,,+5(202),,-3,,+(53),,,
178,,香港中文大學,放學後飲茶時間,翁澤輝,杜景滔,左正楠,,,True,3,403,Honorable,+1(90),,,,-6,,+2(201),,+(52),,,
179,,西安交通大学,未铭记何谈淡忘,陈弘烜,方亦晨,陈光耀,,,True,3,407,Honorable,+(55),,,,-5,,+2(278),,+(34),,,
180,,西北工业大学,小甜甜,李可期,钟涛宇,邹嘉豪,,,True,3,410,Honorable,+(67),,,,+1(290),,-11,,+(33),,,
181,,电子科技大学,UESTC_xxx,吴峻锋,蔡少政,吴宇环,,,True,3,415,Honorable,+2(111),,,,+2(201),-3,-4,,+(23),,,
182,,天津大学,这还是蟹堡王么,张明达,马宏伟,吕一然,,,True,3,416,Honorable,+2(120),,,,-11,,+1(207),,+(29),,,
,,山东省平邑第一中学,进击的雪豹,,,,,,False,3,421,,+(51),,,,+3(269),,-15,,+(41),,,
183,92,新疆大学,胡杨春信,孟昱辰,苏庆宁,章凇瑜,,,True,3,424,Honorable,+(68),,,,,-4,+(125),-1,+3(171),,,
184,,上海大学,重生之我是德国队,张学鹏,方任斌,田凯文,,,True,3,425,Honorable,+2(70),,,,-11,-1,+5(192),,+(23),,,
185,93,香港理工大学,马,向昱帆,孙涵松,王骏峣,,,True,3,425,Honorable,+3(41),,,,+3(240),,-2,-7,+(24),,,
186,94,广东工业大学,演奏春日影,梁展榕,庞翔,林正,,,True,3,428,Honorable,+(91),,+1(264),,,,-8,-2,+(53),,,
187,95,河南农业大学,千夜浮梦,闫亚鑫,张岩,齐子昊,,,True,3,431,Honorable,+1(60),,,,-5,,+7(185),,+(26),,,
,,华为技术有限公司,极光队,,,,,,False,3,433,,+1(52),,,,-8,+1(297),-5,,+(44),,,
,,南京外国语学校,马轩羽哥哥带飞我们仨,,,,,,False,3,434,,+4(181),,,,-9,-2,+1(135),,+(18),,,-7
188,,哈尔滨工业大学,风灵玉秀,郭昕旸,陈云龙,金智威,,,True,3,434,Honorable,+(52),,,,-4,,+4(251),,+1(31),,,
189,,大连理工大学,二保一,袁振,陈常杰,闫希良,,,True,3,435,Honorable,+1(70),,,,+3(251),,-5,,+(34),,,
,,广州市铁一中学,67c2c13e9cc0c312973c90245537fd04,,,,,,False,3,436,,+1(42),,,,-4,-4,+1(198),,+3(96),,,-3
190,96,长沙学院,冲冲冲,曾翔,何南宁,应郑涛,,,True,3,440,Honorable,+1(76),,,,+6(196),,-14,,+(28),,,
,,广州市铁一中学,忘了,,,,,,False,3,448,,+(62),,,,+2(295),,-5,,+1(31),,,-3
191,97,浙江万里学院,MikuFans,赵之钰,翁芝燕,竺夏,,,True,3,452,Honorable,+(78),,,,-9,,+3(255),,+1(39),,,
192,,武汉理工大学,机械降神,朱振傲,朱选文,侯哲昊,,,True,3,454,Honorable,+(53),,,,-3,-2,+2(260),,+(101),,,
193,98,山东理工大学,清纯白毛小萝莉,孙童乐,从文杰,王鹤翱,,,True,3,464,Honorable,+(58),,,,+5(269),,-12,,+(37),,,
,,广东实验中学,省实信奥4队,,,,,,False,3,465,,+(124),,,,-10,,+(230),,+(111),,,
194,,东南大学,事已至此，先吃饭吧,毛周祥,靳赫涛,杜鑫研,,,True,3,465,Honorable,+1(67),,,,-5,+4(264),,-2,+(34),,,
,,广州市铁一中学,小情发发,,,,,,False,3,485,,+(56),,-1,,+2(272),,-6,,+1(97),,,
,,首都师范大学附属中学,ssf创新队,,,,,,False,3,489,,+(52),-1,-1,-1,-1,-1,-7,-1,+2(56),-1,-1,+4(261)
,,代码源,四六七,,,,,,False,3,492,,+2(66),,,,+4(257),,-2,,+1(29),,,
,,成都市第七中学,真吗？再想想呢,,,,,,False,3,494,,+4(156),,,,-5,,+1(199),,+(39),,,
195,99,华南农业大学,14个铜牌能打EC Final，真的假的？,梁嘉俊,陈国豪,何勤政,,,True,3,497,Honorable,+1(73),,,,+3(286),-1,-50,,+(58),,,-1
196,,杭州师范大学,一隅之梦,张朝,陈俊安,蔡宇欣,,,True,3,508,Honorable,+2(152),,,,+4(207),,-24,,+(29),,,
,,成都市第七中学,tybbs 和他的朋友们,,,,,,False,3,508,,+3(108),,,,-1,,+2(268),,+(32),,,
197,100,湖南理工学院,流泪猫猫头,金烜宇,阳金里,梁韧,,,True,3,510,Honorable,+1(117),,,,+5(238),,-8,,+(35),,,
,,厦门双十中学,双十中学,,,,,,False,3,511,,+1(44),,,,+6(217),-4,,,+2(70),,,
198,,哈尔滨工业大学（深圳）,这么出题是吧,蔡易轩,李潭啸,徐子昂,,,True,3,526,Honorable,+1(75),,,,-6,,+4(241),,+1(90),,,
199,,昆山杜克大学,什么时候能报销报名费,胡子,袁天骏,成秉翰,,,True,3,531,Honorable,+1(99),,,,+4(242),,,,+2(50),,,-3
200,,香港中文大学（深圳）,WTYTO,杨久知,涂宵箫,王泽诚,,,True,3,535,Honorable,+3(61),,,,-11,,+5(284),-4,+(30),,,
,,西安铁一中国际合作学校,大唐盛世,,,,,,False,3,536,,+1(147),,,,,-4,+2(269),,+(60),,,
,,北京邮电大学,零叉八C,,,,,,False,3,541,,+4(204),,,,-18,-4,+2(158),,+1(39),,,
201,101,湘潭大学,海之霸,李子熙,魏志高,程书涵,,,True,3,543,Honorable,+2(146),,,,-6,-4,+3(279),,+(18),,,
202,,西北工业大学,#N/A,王景珩,张天翔,牛马思元,,,True,3,549,Honorable,+1(68),,,,-1,,+6(245),,+2(56),,,
203,,杭州电子科技大学,杭电4队,张雨泽,罗传杰,杨钧昊,,,True,3,554,Honorable,+3(160),,,,-9,,+(235),,+1(79),,,
,,西北工业大学附属中学,星光,,,,,,False,3,560,,+2(88),,,,+7(259),-4,-4,,+(33),,,
,,浙江省余姚中学,命名空间,,,,,,False,3,564,,+1(59),,,,,+3(290),-3,,+1(115),,,
204,102,北京林业大学,上林花似锦,付耀刚,余行健,张锦秀,,,True,3,573,Honorable,+(39),,,,-9,,+9(251),,+2(63),,,
,,北京市第八十中学,三思后行,,,,,,False,3,585,,+1(60),,,,+4(276),,-2,,+3(89),,,
205,,武汉理工大学,曼波哈基米大战贤者三异鸟,孙晨奥,周泽鹏,邢家童,,,True,3,598,Honorable,+5(86),,,,+5(255),-6,,,+(57),,,
,,长沙市雅礼中学,被老爸打队,,,,,,False,3,600,,+(36),,,,-8,-1,+9(298),,+2(46),,,
206,,南京邮电大学,关于我转生到南邮在ACM赛场打暴力这档事,刘沛城,赵聿祺,王普立,,,True,3,620,Honorable,+2(98),,,,+1(279),,-15,,+1(163),,,
207,,山东大学,猫学长，靠谱！,钟以楠,陈方航,刘智豪,,,True,3,624,Honorable,+1(114),,,,+5(296),-2,-1,,+1(74),,,
208,,西北大学,越来越好,姜博宇,易李彦翰,安俊杰,,,True,3,649,Honorable,+3(207),,,,,,+(288),,+1(74),,,
209,,长沙理工大学,流萤,赵翰熙,刘振林,陈师贤,,,True,3,696,Honorable,+1(70),,,,+8(294),,-8,,+2(112),,,
,,中雅培粹学校,红烧胖头鱼,,,,,,False,3,790,,+6(112),,,,,,+4(238),,+5(140),,,
,,代码源,白矮星,,,,,,False,3,800,,+2(152),,,,+13(291),,-2,,+1(37),,,
,,西安市铁一中学,铁，铁，铁，铁死了,,,,,,False,2,59,,+(40),,,,-5,,,-3,+(19),,,
210,,山东大学,不是你怎么连高脚鸟都打不过,周何,王在烜,许蕴朴,,,True,2,62,Honorable,+(41),,,,-10,,-12,,+(21),,,
211,,南开大学,强基计划我爱你,郭军凯,赵思远,车昱辉,,,True,2,74,Honorable,+(37),,,,-6,-2,-3,-2,+(37),,,-11
,,江西师范大学,eroengine和他的代码手,,,,,,False,2,81,,+1(42),,,,-14,,-2,-5,+(19),,,
212,,湖南理工学院,君不见高堂评测悲全WA,郭烨铖,费峥宇,林卫昱,,,True,2,86,Honorable,+(37),,,,-8,,,,+(49),,,
213,,华中科技大学,原来改队名真的能拿金,方昀昊,陈浩天,李海疆,,,True,2,88,Honorable,+(61),,,,-5,,-1,-8,+(27),,,
214,103,山东科技大学,柏林号,徐熙睿,张一炜,许维杰,,,True,2,90,Honorable,+(60),,,,-10,,,,+(30),,,
215,,山东大学,应用随机过程,苏岳,王源鑫,李玉庭,,,True,2,93,Honorable,+(45),,,,-8,-5,-6,,+(48),,,
216,,哈尔滨工程大学,"throw new UnknownException(""希腊奶"");",金炜东,蒋渡,王亦凡,,,True,2,93,Honorable,+1(56),-1,-1,-1,-3,-1,-8,,+(17),-1,,
217,,浙江理工大学,马拉车算法算车拉马,姚仁杰,汤丰玮,卢一鸣,,,True,2,94,Honorable,+(60),,,,-10,-3,,,+(34),,,
218,104,江苏大学,扫一遍就过了,赵安杰,庞政,张道正,,,True,2,95,Honorable,+(62),,,,-7,-1,-2,,+(33),,,
219,,西安交通大学,天狼星的心脏,刘一可,洪家庆,许孜诚,,,True,2,96,Honorable,+1(55),,,,-9,,-8,,+(21),,,
220,105,浙大宁波理工学院,青梅绿茶,吴东,吴泽坤,涂荣基,,,True,2,101,Honorable,+(73),,,,-4,,-5,,+(28),,,
221,,西安交通大学,唐人,杨润轩,李纳川,刘欣楠,,,True,2,105,Honorable,+1(52),,,,,-3,-11,-2,+(33),,,
222,,南开大学,粥畜已除一害,杨澍,李佳璞,章壹程,,,True,2,106,Honorable,+(75),,,,-10,,-5,,+(31),,,
223,,西安交通大学,正在评测中,吴夏天,王博想,邱宇成,,,True,2,109,Honorable,+(71),,,,-7,,-4,,+(38),,,
224,106,成都信息工程大学,帝企鹅,林莫豪,李奕乐,刘雨葳,,,True,2,111,Honorable,+(64),,,,-8,,-13,,+1(27),,,
225,,北京交通大学,白夜追风,陈可致,殷澄宇,杨展宇,,,True,2,111,Honorable,+(77),,,,-14,,-4,,+(34),,,
,,长春工业大学人文信息学院,要和我打一辈子算法竞赛吗,,,,,,False,2,114,,+1(64),,,,-5,,-1,,+(30),,,
226,107,绍兴理工学院,场场打铜的杂鱼大哥哥,陈佳俊,谢琳涵,江亚君,,,True,2,117,Honorable,+1(63),,,,,,-17,,+(34),,,
227,,长沙理工大学,Sakura,唐彪,马艺,谭焱文,,,True,2,118,Honorable,+(89),,,,-6,,-29,,+(29),,,
228,,武汉大学,日之道途,徐嘉浩,张涵,李澍,,,True,2,119,Honorable,+2(57),,,,,-7,-11,,+(22),,,
229,108,浙江机电职业技术大学,兔八鸽,林宇曈,洪志伦,应程杰,,,True,2,120,Honorable,+1(69),,,,-9,,-11,,+(31),,,
230,,香港中文大學,香港电视台,杨砚泽,张译丰,阮立成,,,True,2,125,Honorable,+1(71),,,,-3,,-10,-1,+(34),,,
,,深圳外国语学校,打铁队,,,,,,False,2,127,,+(53),,,,-4,-10,,,+(74),,,
231,109,中国矿业大学（北京）,守村人,郭天茁,史坪巧,罗心伟,,,True,2,132,Honorable,+(102),,,,-3,,-8,,+(30),,,
,,南阳理工学院,给队友端茶倒水,,,,,,False,2,136,,+(76),,,,-5,,,,+(60),,,
232,,西南交通大学,一次买够？？！,郑欢庆,徐明山,丁昱,,,True,2,136,Honorable,+(82),,,,,,-7,-1,+(54),,,
233,,北京理工大学,香蕉的感觉不奇妙,梁思源,王翔宇,叶子宁,,,True,2,137,Honorable,+2(67),,,,-12,,-4,,+(30),,,
234,,华中师范大学,退役玩家旅游团,张凯文,杨波,汪祺祺,,,True,2,137,Honorable,+(80),,,,-8,-4,,,+(57),,,
235,,国防科技大学,茉香茉语茉清梦,杨淇斌,尤炜豪,王俊博,,,True,2,138,Honorable,+2(52),,,,-2,,-6,,+(46),,,
236,110,中国地质大学（武汉）,不可思议之国的爱丽丝正在梦游仙境,李诏天,陈学海,何坤良,,,True,2,139,Honorable,+1(85),,,,-7,,,,+(34),,,
237,,西安电子科技大学,喵亦或鱼,冯子诚,文童宇,谢睿杰,,,True,2,141,Honorable,+(20),,,,-1,,-2,,+1(101),,,
,,成都市第七中学,Re_Strawberrj,,,,,,False,2,144,,+1(89),,,,-9,,-1,,+(35),,,
238,111,西南科技大学,此生仅有的机会,游克峰,刘雨凡,朱杰,,,True,2,147,Honorable,+(79),,,,-3,,-2,,+1(48),,,
239,112,中国石油大学（华东）,中石大2005,刘亚宁,杨立鑫,韩绍泽,,,True,2,148,Honorable,+1(80),,,,-4,,-4,,+(48),,,
,,东南大学,打CPC打的,,,,,,False,2,148,,+1(80),,,,-3,,,,+(48),,,
240,,国防科技大学,青铜时代号,李泽锴,王荣航,蒋卓彧,,,True,2,148,Honorable,+1(103),,,,,,-7,,+(25),,,
241,113,福建理工大学,猿农舟,陈鹏,郑晟睿,林舜华,,,True,2,153,Honorable,+1(65),,,,-10,,-6,,+1(48),,,
242,,北京航空航天大学,会挽雕弓如满月,梁钧著,傅可树,马一,,,True,2,155,Honorable,+1(55),,,,-14,,,,+1(60),,,
243,,香港大学,今天必须取个队名,夏铭飞,杨明天,吴浩元,,,True,2,156,Honorable,+1(47),,,,-9,,,,+(89),,,
244,,香港理工大学,香港难民,付冠赫,张昊霖,陈俊儒,,,True,2,160,Honorable,+1(103),,,,,,-3,,+(37),,,
,,山西大学附属中学校,随机队名,,,,,,False,2,161,,+1(93),,,,-1,,-12,,+(48),,,
,,宁波大学,泥巴动物园,,,,,,False,2,167,,+(130),,,,,,-11,,+(37),,,
245,114,深圳大学,你头怎么尖尖的,何元捷,邱晓睿,佘洽聪,,,True,2,172,Honorable,+(33),,,,-5,,-1,,+(139),,,
246,,浙江万里学院,棱镜,王力澜,袁礼赞,钱沁浩,,,True,2,173,Honorable,+2(90),,,,-7,,-4,,+(43),,,
,,中雅培粹学校,胖头鱼刺身,,,,,,False,2,175,,+1(98),,,,,,-13,,+(57),,,
,,北京信息科技大学,梦幻小丑,,,,,,False,2,186,,+3(94),,,,-8,,,-1,+(32),,,
247,,杭州电子科技大学,杭电0队,林炜钦,梅瑞贤,万扬,,,True,2,188,Honorable,+2(72),,,,-5,-2,-2,,+(76),,,
248,,浙江师范大学,分秒易逝，V我5时,兰博望,刘思源,许凯胤,,,True,2,191,Honorable,+3(84),,,,-1,,-10,,+1(27),,,
249,115,香港浸会大学,霸道隊友：上一世成爲黑紅的我重回ICPC西安，這一次我全都要。,蒋润浩,吴铮,贾子涵,,,True,2,192,Honorable,+2(72),,,,-18,,-6,,+2(40),,,
250,116,暨南大学,怎么你俩都不在机房,刘昌源,黄一帆,郭彦培,,,True,2,192,Honorable,+(15),,,,,-1,-4,,+4(97),,,
,,中雅培粹学校,很骚的数学狂热宏定义,,,,,,False,2,193,,-11,,,,,,+(166),,+(27),,,
251,,东北大学,东北大学_秦都半唐,谢天石,张佳栋,黄宇帆,,,True,2,196,Honorable,+(80),,,,-5,,,,+1(96),,,
,,中雅培粹学校,清蒸胖头鱼,,,,,,False,2,197,,+3(78),,,,-7,,-7,,+1(39),,,
,,山东理工大学,我的青春ACM物语不会梦到吃货幽幽子,,,,,,False,2,198,,+1(111),,,,-5,,,,+(67),,,
,,山东省平邑第一中学,众众爱学考,,,,,,False,2,212,,+1(142),,,,-11,,,,+(50),,,
252,,东北大学,东北大学_面向样例程序设计,王百汇,施博文,董新畅,,,True,2,218,Honorable,+2(116),,,,-6,,-8,,+(62),,,
253,117,阿坝师范学院,火攻,陈李鑫,李先笙,胡航,,,True,2,229,Honorable,+1(124),,,,-2,,,,+1(65),,,
,,上海理工大学,宇宙无敌焚神龙,,,,,,False,2,234,,+1(83),,,,-2,,,,+2(91),,,
254,118,南昌大学,雪月花,胡书惠,何超,满曜嘉,,,True,2,238,Honorable,+2(109),,,,-9,,-2,,+1(69),,,
255,119,广州大学,i * i = -1,黎俊豪,谢艺瀚,吴梓涵,,,True,2,239,Honorable,+2(111),,,,-2,,,,+(88),,,
,,中雅培粹学校,油炸胖头鱼,,,,,,False,2,244,,+1(71),,,,-5,,-1,,+3(93),,,
256,120,云南大学,华丽收场,周志昊,高凌豪,崔耀,,,True,2,251,Honorable,+3(146),,,,-1,,-10,,+(45),,,
,,成都市第七中学,大源队,,,,,,False,2,254,,+3(141),,,,,,,,+(53),,,
257,,南京航空航天大学,找对象,陈梓鹏,李章锐,吕海亮,,,True,2,255,Honorable,+4(130),,,,-1,,-11,,+(45),,,
258,121,上海师范大学,你带着二次元头像说我是二次元？,李至峰,林彬,王刚,,,True,2,256,Honorable,+3(136),,,,-7,,,,+(60),,,
,,西安工业大学,超级梦之队的icpc最后一舞,,,,,,False,2,258,,+2(162),-2,-1,-3,,,-12,,+1(36),-1,,
259,,湖南大学,凌空摘星,陈罡,朱潇庸,刘博文,,,True,2,262,Honorable,+1(152),,,,-2,,,,+1(70),,,
,,南阳理工学院,无敌噼里啪啦,,,,,,False,2,265,,+1(173),,,,,,-7,,+(72),,,
,,成都石室中学,队名未上传,,,,,,False,2,265,,-30,,,-1,,,+1(179),,+1(46),,,
,,杭州市第二中学,杭二GZC队,,,,,,False,2,266,,+1(79),-1,,,-7,,-4,,+2(127),,,
260,122,集美大学,因为暮色将终,姚远,周鑫,颜秉轩,,,True,2,278,Honorable,+1(182),,,,-16,,-4,,+1(56),,,
261,,南京理工大学,无知猫猫头,查怡安,徐菲阳,刘一欢,,True,True,2,280,Honorable,+3(175),,,,-4,,,,+(45),,,
262,123,南阳理工学院,一哥一演一挂机,毋华萍,周一涛,王士尧,,,True,2,286,Honorable,+3(190),,,,-6,,,,+(36),,,
,,江西科技学院附属中学,千年兵马俑，百年闭优G,,,,,,False,2,292,,+4(137),,,,-6,,,,+(75),,,
263,,南京大学,智慧之树,金昕炜,李睿星,陈新,,,True,2,292,Honorable,+3(191),,-4,,-1,,-3,,+(41),,,
264,,广东工业大学,qwq,冯天翔,廖家健,欧俊希,,,True,2,300,Honorable,+(168),,,,-3,,-1,,+(132),,,
265,,广东工业大学,jump！！！！,杨子弘,林俊耿,肖能翔,,,True,2,308,Honorable,+2(135),,,,-5,,-6,,+2(93),,,
266,,香港城市大学,此处应有一个队名,高立由,洪琛皓,王梵,,,True,2,317,Honorable,+2(190),,,,-2,,-2,,+1(67),,,
,,西北工业大学附属中学,阳光,,,,,,False,2,353,,+4(213),,,,,,-5,,+(60),,,-1
,,首都师范大学附属中学,ssf青牛队,,,,,,False,2,375,,+(117),,,,-2,,,-5,+3(198),,,
267,124,东北师范大学,运行错误,曹勇麟,齐昊坤,黎江楠,,,True,2,376,Honorable,+5(242),,,,,,-17,,+(34),,,
268,125,浙江工商大学,空花阳焰,薛强,王哲,徐贤涛,,,True,2,387,Honorable,-5,,,,+5(263),,,,+(24),,,
269,,南方科技大学,南方科技大学-皮尔森,钟雨薇,项楚涵,王紫漩,,True,True,2,389,Honorable,+6(196),,,,-4,-2,-6,,+(73),,,
270,126,西安欧亚学院,略去过程QED,林川翔,刘家瑞,吴天乐,,,True,2,395,Honorable,+2(236),,,,-1,,,,+2(79),,,
271,127,中国矿业大学,MineGPT5.0,龚子贤,李岘,高宏智,,,True,2,396,Honorable,+6(209),,,,,,-3,,+1(47),,,
272,,中国科学技术大学,摸鱼之魂终将归来,林度,温家睿,陈凌峰,,,True,2,431,Honorable,+3(137),,,,,,-2,,+4(154),,,
,,东北大学,acm少年与CE学姐,,,,,,False,2,432,,+3(114),,,,,,-4,,+4(178),,,-1
,,山东理工大学,唐龙历险记,,,,,,False,2,434,,+5(206),,,,,,,,+2(88),,,
273,,南方科技大学,来都来了再让我打一次acm吧,陈璐瑶,张嘉妤,李浩宇,,,True,2,459,Honorable,+1(70),,,,+5(269),-7,,,,,,
,,香港科技大学广州,迷路日,,,,,,False,2,493,,+2(258),,,,,,-5,,+2(155),,,
,,西北工业大学附属中学,月光,,,,,,False,2,505,,+5(93),,,-1,-10,-1,-7,-1,+4(232),-1,-3,-6
274,,华南理工大学,神秘的蛙,吴友郅,黄子豪,涂序有,,,True,2,515,Honorable,+2(158),,,,,,,,+5(217),,,
,,OpAn eI,偶遇 O3，强如哥哥，拼尽全力无法战胜,,,,,,False,2,521,,+4(246),,,,-1,,,,+5(95),,,
,,乐山师范学院,卖显卡的小女孩,,,,,,False,2,598,,+3(209),,,,,,,,+4(249),,,
275,128,河南理工大学,橙子往昔,王郅明,罗峻函,高嘉琦,,,True,2,663,Honorable,+5(202),,,,-2,,-1,,+6(241),,,
276,,同济大学,涅槃重生,白愈己,尚莉强,姜乃珲,,,True,1,37,Honorable,-13,,,,,,-14,,+(37),,-3,
,,深圳外国语学校,树上莫队,,,,,,False,1,43,,-7,,,,,,,,+(43),,,
277,129,沈阳理工大学,不祈者,闻家尉,李龙飞,朱闿宸,,,True,1,57,Honorable,-5,,,,,,-1,,+1(37),,,
,,浙江中医药大学,赛博老中医,,,,,,False,1,110,,-4,,,,,,,,+(110),,,
,,重庆市第一中学校,不吃麻辣香锅的私我,,,,,,False,1,118,,-6,,,,-9,,-1,,+1(98),,,
,,江苏海洋大学,好好学习，天天向上,,,,,,False,1,148,,-2,,,,,,-1,,+2(108),,,
,,陕西师范大学附属中学,陕西师范大学附属中学,,,,,,False,1,285,,+5(185),,,,,,-5,,,,,
278,,吉林大学,東雲端,席乐媛,孔泉智,徐梓博,,,True,1,305,Honorable,-8,,,,+1(285),,,,-4,,,
279,,香港理工大学,四川烟草,孟祥宇,张畅羽,严章洋,,,True,1,338,Honorable,+6(218),,,,-3,,,,-2,,,
,,西安交通大学附属中学,交大一队,,,,,,False,0,0,,,,,,,,,,,,,
,,西安交通大学附属中学,交大附中二队,,,,,,False,0,0,,,,,,,,,,,,,
,,江西科技学院附属中学,儒略日,,,,,,False,0,0,,,,,,,,,,,,,
,,西安工业大学,关于我们第一次打线下赛就是ecf这件事是不是搞错了什么,,,,,,False,0,0,,-5,,,,,,-1,,,,,
,,西安明德理工学院,啥都队,,,,,,False,0,0,,-3,,,,,,-3,,-1,,,
280,,武汉理工大学,怎么队名都没想好就要打ecf了,唐一弘,刘向奥,王起东,,,True,0,0,Honorable,-3,,,,,,,-4,-3,,,
,,西安明德理工学院,随便起吧,,,,,,False,0,0,,-10,,,,,,-5,,-5,,,
