Rank,School Rank,School,Team Name,Member1,Member2,Member3,Coach,Girl,Official,Solved,Penalty,Medal,A,B,C,D,E,F,G,H,I,J,K,L,M
1,1,北京大学,赤橙黄绿蓝紫,蒋凌宇,钱易,,,,True,12,1059,Gold,+1(32),+(53),+(238),+(89),+(75),+1(163),+2(25),+(203),+(18),+(35),+(45),+(3),-5
,,友情参赛,谁都没有想到被我们寄予厚望的…,杜瑜皓,彭思进,罗恺,,,False,11,1034,,+(12),+1(38),+(229),+(191),+(47),+2(159),+(44),-1,+1(70),+(53),+1(87),+(4),
2,2,清华大学,Escape,任舍予,郭雨豪,郑玄晔,,,True,11,1184,Gold,+(27),+(69),+3(233),+(141),+2(120),+(272),+(20),-3,+(51),+(18),+1(109),+(4),
3,,清华大学,报名晚了,董亦骐,钟自厚,崔隽章,,,True,11,1543,Gold,+2(56),+(69),+2(293),+(137),+6(166),+4(234),+(8),-1,+(37),+1(84),+2(116),+(3),
4,,北京大学,小杨树,杨欣烨,疏彦凯,肖千与,,,True,10,1294,Gold,+2(61),+(91),,+1(216),+2(221),+1(275),+(28),,+1(41),+(68),+(144),+(9),
5,,清华大学,Make 519 great again,冯政玮,肖子尧,吴畅,,,True,10,1315,Gold,+3(31),+(118),-3,+1(131),+4(146),+1(256),+1(18),,+1(43),+1(58),+1(217),+1(17),
6,3,浙江大学,WF 在逃三人团,李克成,周转,朱睿哲,,,True,10,1344,Gold,+(40),+1(66),,+1(264),+3(109),+(289),+(34),,+1(90),+(74),+(248),+(10),
7,4,中山大学,中山大学_没有想法,陈景泰,吴永聪,薛炜鹏,,,True,9,747,Gold,+(23),+(98),-1,+(151),+(82),,+1(15),,+(36),+(49),+3(207),+(6),
8,5,南方科技大学,南风点点,林政宇,薛哲,曾子华,,,True,9,926,Gold,+1(35),+(85),,+(234),+(138),,+(15),,+1(57),+(53),+2(218),+(11),
9,6,复旦大学,密码八个八,陈禹卓,杜泊谷,曾添琪,,,True,9,961,Gold,+(24),+(89),,+2(285),+1(149),-2,+(47),,+(35),+(55),+(202),+(15),
10,7,东北大学,东北大学_出毛！,苏焜,仝家驹,周尧,,,True,9,970,Gold,+1(53),+(80),,+1(241),+(104),-5,+2(40),,+(68),+2(32),+3(156),+(16),
11,8,南京大学,优质解答：我不知道,陈弘毅,林荣恩,郑欣,,,True,9,972,Gold,+(29),+(95),,+1(282),+1(143),,+(13),,+1(71),+1(58),+(171),+1(10),
12,9,中国科学技术大学,Ben神，启动,陈聆祎,陈骆鑫,樊澄宇,,,True,9,1017,Gold,+(57),+(103),,+1(285),+(187),-8,+(61),,+1(87),+1(27),+(144),+(6),
13,10,南京航空航天大学,错误,吕俊琪,赵乐坤,胡昊天,,,True,9,1020,Gold,+(46),+(145),,+3(258),+(214),-1,+1(36),,+(67),+(55),+(114),+(5),
14,,北京大学,饿鳄鱼,陈易涵,张乐天,程伟伦,,,True,9,1078,Gold,+3(47),+(95),,+2(231),+(210),-1,+(59),,+(70),+(104),+(155),+(7),
15,,南京大学,食堂难民走线和园卖花,杨宇轩,陈思睿,冯烨聪,,,True,9,1161,Gold,+(22),+(160),,+1(264),+3(190),,+(63),,+(46),+1(76),+(205),+1(15),
16,11,香港中文大学（深圳）,通顶雪道,忙秋阳,郭青硕,孙悠然,,,True,9,1202,Gold,+1(38),+(94),,-5,+4(147),+8(267),+1(56),,+(49),+(67),+1(179),+(5),
17,12,杭州电子科技大学,杭电3队,闻人雨泽,周靖凯,傅景康,,,True,9,1216,Gold,+(28),+(102),,+1(299),+2(231),,+(32),,+(49),+1(68),+2(280),+(7),
18,,北京大学,去年看错题了。,郑皓元,闫昕,汪之茗,,,True,9,1281,Gold,+3(50),+(141),,+3(249),+2(157),,+(17),,+2(41),+(58),+2(276),+2(12),
19,,南京大学,智慧之树,金昕炜,陈新,李睿星,,,True,9,1305,Gold,+1(30),+(105),,+4(243),+7(280),,+(25),,+2(95),+2(58),+1(122),+(7),
20,,复旦大学,学海无涯，回头是岸,崔博钧,阚子淳,莫骐彰,,,True,9,1311,Gold,+1(66),+(146),,+3(136),+(212),,+(39),,+2(198),+3(110),+1(196),+(8),
21,,浙江大学,托腮,陈君林,王子尧,黄旭彬,,,True,9,1312,Gold,+(37),+4(231),,+1(288),+(240),,+(50),,+1(85),+(97),+(145),+(19),
22,13,浙江工业大学,月球猫猫,陈泓睿,陆徐豪,李汶芝,,,True,8,720,Gold,+(26),+1(97),,-2,+3(169),,+2(30),,+(45),+1(59),+(142),+(12),
23,14,哈尔滨工业大学,W4p3r Fan Club,方智鉴,范嘉涵,孔敬德,,,True,8,811,Gold,+(21),+(116),,-2,+(146),,+(36),,+3(84),+1(69),+(252),+(7),
24,,中山大学,中山大学_古希腊掌管罚时的神,雷灏,覃锐麟,刘开予,,,True,8,835,Gold,+1(28),+(130),-3,-3,+1(72),,+2(60),,+2(95),+(100),+(198),+1(12),
25,,南方科技大学,南方科技大学-皮尔森,王紫漩,钟雨薇,项楚涵,,,True,8,1012,Gold,+1(79),+(100),,+6(245),-8,,+(19),,+2(129),+(57),+(194),+(9),
26,,中国科学技术大学,摸鱼之魂终将归来,温家睿,林度,陈凌峰,,,True,8,1041,Gold,+1(66),+(130),,+1(264),+2(225),,+(28),,+(141),+(79),-7,+1(8),
27,15,西安交通大学,宇宙将为你闪烁,王禹皓,石皓文,邓熙健,,,True,8,1047,Gold,+(17),+2(128),,-3,+2(272),,+1(38),,+1(158),+2(75),+1(172),+(7),
28,16,武汉科技大学,RELX悦刻幻影PRO,孙煜恒,朱俊杰,万家梁,,,True,8,1099,Gold,+1(60),+(159),,,+2(273),,+(26),,+(121),+4(88),+(217),+(15),
29,17,北京邮电大学,好好想想,司睿洋,尹昱钦,张泽文,,,True,8,1332,Gold,+(41),+(154),,,+2(229),,+1(62),,+4(222),+3(120),+2(257),+(7),
30,,南京大学,南小鸟,周相羽,贺卓宇,朱家辰,,,True,8,1508,Gold,+1(81),+2(250),,+6(296),+2(204),,+(112),,+3(136),+(139),,+(10),
31,,香港中文大学（深圳）,新建文件夹,莫骄阳,周信言,邓有权,,,True,7,600,Gold,+(28),+(139),,-1,+(199),,+(53),,+1(90),+(66),,+(5),
32,18,上海交通大学,电光火石的前奏,黄佳瑞,钱智煊,车昕宇,,,True,7,674,Silver,+1(37),+(131),,,-4,,+(28),,+1(102),+(73),+(258),+(5),
33,,上海交通大学,复活者联盟,赵有榛,黄烨威,张博钜,,,True,7,692,Silver,+1(93),+(122),,,-4,,+(56),,+1(85),+1(32),+(238),+(6),
34,19,四川大学,难题逆转小队,李名骕,杨轶涵,黄云垄,,,True,7,693,Silver,+1(11),+(103),,,-8,,+2(27),,+2(63),+1(68),+(284),+(17),
35,20,哈尔滨工程大学,我推的七海爆吃0721次罚时因为在原神启动,宿斯玮,黄凯鹏,吴兆昕,,,True,7,701,Silver,+1(32),+1(155),,-2,,,+(41),,+(129),+(63),+(233),+(8),
36,21,华南理工大学,神秘的蛙,涂序有,黄子豪,吴友郅,,,True,7,703,Silver,+1(45),+(120),,-1,+1(284),,+(44),,+(70),+(85),-1,+(15),
37,,上海交通大学,凌晨烈日晖光,柳烨,秦一苇,郝尚诚,,,True,7,708,Silver,+3(74),+(156),,,-8,,+(28),,+1(58),+(92),+(216),+(4),
38,22,华中科技大学,零,刘星佳,黄暄骜,刘铖,,,True,7,747,Silver,+1(80),+(119),,,-10,,+(45),,+1(105),+(70),+2(216),+1(12),
39,,杭州电子科技大学,杭电8队,金佳栋,许钟乐,余邦轩,,,True,7,795,Silver,+(38),+(165),,,+3(290),,+(34),,+1(86),+(94),-2,+(8),
40,,浙江大学,乌拉呀哈 呀哈乌拉,丁思韬,金政羽,余承恩,,,True,7,801,Silver,+1(27),+(155),,+1(278),-5,,+1(55),,+(95),+1(78),,+1(13),
41,23,浙江师范大学,该戒网瘾了,嵇纹垲,陈炯荣,张煜,,,True,7,814,Silver,+1(55),+(166),,,+2(269),,+(37),,+(86),+1(108),-1,+(13),
42,24,福州大学,最佳小丑,林东颖,傅安,江滢怡,,,True,7,830,Silver,+(50),+(171),,-3,+1(240),,+3(122),,+1(95),+(45),,+(7),
43,25,中国人民大学,嘉然今天创什么,李林豇,汪元森,任秦江,,,True,7,830,Silver,+(20),+1(195),,-3,+3(285),,+(26),,+3(91),+(44),,+1(9),
44,,华南理工大学,Fast Fast TLE,吴挺宇,吴尚鸿,甘景贤,,,True,7,835,Silver,+(61),+(175),,,-1,,+1(46),,+1(101),+1(125),+(254),+(13),
45,,杭州电子科技大学,杭电6队,张劭晗,陈煜,阮虹涛,,,True,7,925,Silver,+2(60),+(138),,,-3,,+1(73),,+3(201),+1(77),+1(176),+(40),
46,26,哈尔滨工业大学（深圳）,潜水小怪,孙宇开,羊柯伍,梁彬,,,True,7,931,Silver,+1(48),+1(210),,+1(163),-7,,+(14),,+4(158),+3(132),,+(6),
47,,杭州电子科技大学,杭电9队,冯松权,沈泽楷,沈栩冉,,,True,7,944,Silver,+(31),+(168),,,+3(294),,+2(98),,+1(98),+(123),-1,+(12),
48,,北京邮电大学,网瘾犯了求求你把牌子给我,刘益铭,陈杰祥,谢志宏,,,True,7,946,Silver,+(45),+(168),,-1,-3,,+2(70),,+(189),+2(92),+1(256),+1(6),
,,华为技术有限公司,逆光芭蕾,周湘阳,刘宸睿,陈鑫,,,False,7,957,,+2(55),+1(187),,,-7,,+2(60),,+1(112),+1(95),+1(254),+1(14),
49,27,山东理工大学,清纯白毛小萝莉,王鹤翱,从文杰,孙童乐,,,True,7,980,Silver,+(78),+(191),,,-1,,+(48),,+2(142),+1(107),+3(279),+(15),
50,28,华南农业大学,公司写题跟nm偷情一样,梁嘉俊,陈国豪,何勤政,,,True,7,980,Silver,+1(54),+1(225),,,-1,,+(27),,+3(190),+(95),+(280),+(9),
51,,华中科技大学,队里没人有想法导致的,方昀昊,陈浩天,李海疆,,,True,7,990,Silver,+1(85),+(171),,+4(284),,,+(38),,+(142),+2(120),,+(10),
52,29,浙江理工大学,马拉车算法算车拉马,姚仁杰,卢一鸣,汤丰玮,,,True,7,1010,Silver,+1(72),+1(253),-1,-1,-1,-1,+1(59),-1,+1(143),+(92),+(294),+(17),-1
53,30,哈尔滨工业大学（威海）,帅比队长还在征婚QQ2216541094,解裕懋,李义朋,沈晨阳,,,True,7,1018,Silver,+1(78),+1(116),,+1(275),-10,,+1(54),,+2(146),+2(140),,+2(9),
54,31,北京理工大学,卡批炉批和穹批,梁思源,李昂,郑润哲,,,True,7,1026,Silver,+2(74),+(145),,,,,+1(29),,+2(248),+(69),+5(253),+(8),
55,32,香港理工大学,cd CD,王骏峣,陈俊儒,张昊霖,,,True,7,1253,Silver,+1(84),+3(225),,,-6,,+(50),,+1(108),+4(119),+9(298),+(9),
56,33,昆山杜克大学,明天开始学算法,沈知远,成秉翰,"""Habib Debaya""",,,True,7,1347,Silver,+(50),+2(197),,,,,+1(65),,+6(194),+10(205),+(253),+(3),
57,34,华东师范大学,至此，一锤定音,冯顾炜,许乐,冯嘉一,,,True,7,1357,Silver,+1(79),+5(225),,,,,+1(48),,+5(216),+1(144),+4(293),+(12),
58,,哈尔滨工业大学,海星罐头,周书扬,李志轩,杜宇丰,,,True,6,456,Silver,+(26),+(147),,,-3,,+1(45),,+1(99),+2(53),-1,+(6),
59,35,重庆大学,不考计算几何就摆烂,葛轩铭,陈泆君,鲁永卓,,,True,6,492,Silver,+(42),+(226),,,-2,,+(33),,+(91),+1(67),,+(13),
60,36,中国石油大学（华东）,中石大2005,韩绍泽,杨立鑫,刘亚宁,,,True,6,497,Silver,+(45),+(180),,,-3,,+(31),,+1(119),+1(73),,+(9),
61,37,广州大学,i * i = -1,吴梓涵,谢艺瀚,黎俊豪,,,True,6,510,Silver,+(29),+(181),,,-10,,+1(58),,+1(99),+1(72),,+(11),
62,,西安交通大学,锦筝叹,李牧远,钟宇,曹思宇,,,True,6,519,Silver,+1(54),+1(141),,,,,+1(43),,+(91),+1(83),-8,+1(7),
63,,中国科学技术大学,随机化,涂建鹏,高华成,何煜恒,,,True,6,531,Silver,+1(35),+1(160),,-1,-9,,+1(21),,+1(104),+1(84),,+1(7),
64,38,南京理工大学,混沌蝴蝶,丁则文,吴俐伽,王一萌,,,True,6,531,Silver,+(50),+(201),,,-6,,+(40),,+1(159),+1(31),,+(10),
65,39,上海科技大学,耐撞王：牢然,居然,李建昊,王旻昊,,,True,6,533,Silver,+2(43),+(148),,,-7,,+(50),,+1(98),+1(77),-2,+1(17),
66,40,南开大学,粥畜除三害,章壹程,李佳璞,刘砚桐,,,True,6,547,Silver,+(40),+(168),,,-1,,+1(68),,+(105),+(133),,+(13),
67,41,北京航空航天大学,逆转光路的fumo,段岳辰,张子昱,任一杰,,,True,6,577,Silver,+1(21),+(202),,,-1,,+(56),,+1(180),+(43),-1,+1(15),
68,42,长沙理工大学,Sakura,唐彪,谭焱文,马艺,,,True,6,577,Silver,+(41),+1(262),,,-1,,+(53),,+(112),+(81),,+(8),
69,,北京航空航天大学,本科打ACM月薪三千,陈昊旸,林贝宁,杨斌涵,,,True,6,580,Silver,+1(49),+1(149),,-4,,,+1(74),,+1(100),+1(93),-7,+(15),
70,43,香港浸会大学,HKNU,吴铮,蒋润浩,贾子涵,,,True,6,583,Silver,+1(58),+(203),,,,,+1(33),,+2(102),+(73),-7,+1(14),
71,,西安交通大学,写都写了，交一发吧,贺睿杰,杨一帆,周品良,,,True,6,613,Silver,+1(42),+(271),,,-5,,+(30),,+1(95),+1(106),-3,+(9),
72,44,长沙学院,三脸懵逼,龚珊珊,曾令翔,罗宝升,,,True,6,625,Silver,+1(72),+(204),,,-10,,+1(44),,+(132),+(118),,+(15),
73,45,暨南大学,千古AC糕手，还看本队,郭彦培,刘昌源,王宇涛,,,True,6,626,Silver,+1(41),+(199),,,-4,,+(58),,+2(130),+1(80),,+1(18),
74,46,河南农业大学,青青一果,闫亚鑫,齐子昊,刘伟,,,True,6,640,Silver,+4(64),+(162),,,,,+1(22),,+(102),+3(118),-3,+(12),
75,,华中科技大学,奇思妙想,潘裕洲,苏畅,方逸凡,,,True,6,640,Silver,+(63),+(190),,,-4,,+3(49),,+(95),+1(115),-4,+1(28),
76,47,西湖大学,周周酱,周子涵,王子俊,周禹卿,,,True,6,640,Silver,+(48),+(230),,,,,+(61),,+1(174),+(96),,+(11),
77,,重庆大学,签不来到怎么办吧,张腾,胡远卓,周其星,,,True,6,642,Silver,+(78),+(198),,,,,+(47),,+1(148),+1(120),-7,+(11),
78,,北京航空航天大学,不拿金牌不报销,廖鹏飞,陈睿正,闫佳豪,,,True,6,643,Silver,+2(53),+1(166),,,,,+(34),,+2(145),+1(116),,+(9),
79,48,宁波大学,泥巴动物园,沈天佑,吴镇桥,林成峰,,,True,6,669,Silver,+1(31),+1(214),,,,,+1(53),,+3(150),+1(70),,+(11),
80,49,苏州大学,绫地宁宁公主,史华睿,林昱彤,周骁逸,,,True,6,670,Silver,+(82),+(199),,,,,+(58),,+1(108),+1(172),,+(11),
81,50,浙江万里学院,MikuFans,翁芝燕,赵之钰,竺夏,,,True,6,680,Silver,+2(76),+1(192),,,-1,,+1(50),,+1(145),+(101),,+(16),
82,51,广东工业大学,果粒橙,关津杰,邱列圻,张树程,,,True,6,697,Silver,+(40),+1(281),,,,,+(56),,+(179),+1(91),,+(10),
83,52,杭州师范大学,一隅之梦,张朝,蔡宇欣,陈俊安,,,True,6,698,Silver,+(59),+(248),,,-2,,+(79),,+2(148),+(113),,+(11),
84,53,中国计量大学,兄弟，我想拿牌,陈忠鹏,陈家齐,陈敏,,,True,6,708,Silver,+(68),+1(244),,,,,+1(54),,+3(157),+(76),,+(9),
85,54,东华大学,陈晓剑舞,杨文杰,孙逸凡,郭旭阳,,,True,6,732,Silver,+(58),+(276),,,-2,,+(112),,+(176),+(100),,+(10),
86,55,武汉工程大学,深藏blue 2.0,郭翰良,钱嘉豪,王尔强,,,True,6,737,Silver,+(38),+(271),,,,,+(100),,+(147),+(168),,+(13),
87,56,海南大学,聚珍伏虎丸,方政,吕珅,郑朴,,,True,6,738,Silver,+3(94),+(217),,,-1,,+(62),,+(156),+(137),-1,+(12),
88,57,东北大学秦皇岛分校,趁他们睡觉偷偷训一题,尹瀚磊,段俊宏,曹朝阳,,,True,6,738,Silver,+(54),+(177),,,,,+1(105),,+(217),+1(137),,+(8),
89,58,同济大学,登神长阶,张翔,林鑫宇,王琨瑀,,,True,6,739,Silver,+1(63),+(165),,,-1,,+1(38),,+6(220),+(86),,+(7),
90,,浙江工业大学,我太想进步了,黄陈兆鋆,朱科睿,苏雨钦,,,True,6,742,Silver,+(47),+(230),,-1,,,+1(70),,+1(245),+(89),,+(21),
91,,南开大学,amadeus,姚知言,黄尚扬,王乐琦,,,True,6,748,Silver,+(68),+1(200),,,,,+(44),,+1(298),+(88),,+(10),
92,,华中科技大学,冒泡猫虫,王尊玉,卞曜洋,吴佳黎,,,True,6,762,Silver,+(54),+1(165),,,-13,,+2(21),,+8(222),+(71),,+(9),
93,59,中国地质大学（北京）,玩机械动力玩的,许兴城,滕俊宁,盖林,,,True,6,769,Silver,+(62),+(238),,,-3,,+(43),,+3(197),+3(97),,+(12),
94,,南开大学,为什么要演奏acm,陈馨颍,陈伯远,曲恒睿,,,True,6,770,Bronze,+1(62),+1(249),,,,,+(56),,+(179),+2(126),-3,+(18),
95,60,武汉理工大学,曼波哈基米大战贤者三异鸟,周泽鹏,孙晨奥,邢家童,,,True,6,775,Bronze,+3(48),+2(188),,,-1,,+(56),,+6(132),+2(85),-3,+(6),
96,61,湖南工业大学,贪心肯定队,袁永健,吴玉峰,"""阿布都拉·阿布都克力木""",,,True,6,783,Bronze,+(49),+(267),,,,,+1(78),,+2(170),+(144),,+(15),-2
97,62,台州学院,转生异世界发现自己acm水平下降100倍,鲍科任,柯豪,陆嘉,,,True,6,797,Bronze,+1(92),+4(260),,,,,+(26),,+2(186),+(82),,+(11),
98,63,河南师范大学,帕鲁小队,冯常林,荆文超,徐熙涵,,,True,6,804,Bronze,+1(75),+(269),,,,,+2(58),,+3(157),+(106),,+(19),
99,,中国人民大学,数学都交给队友,刘嘉俊,孟珺,钱泽瑄,,,True,6,811,Bronze,+(98),+1(199),,,,,+4(151),,+1(125),+(106),,+(12),
100,64,深圳大学,秋秋你给我块金牌吧，我什么都绘做的,王荟斐,邹瀚泓,蔡子健,,,True,6,831,Bronze,+2(45),+(237),,,,,+3(81),,+2(189),+1(111),,+(8),
101,,福州大学,不AC不睡觉,丁杰,李盈盈,黄思睿,,,True,6,848,Bronze,+(39),+(210),,,,,+2(90),,+1(271),+2(126),,+(12),
102,65,西南科技大学,老东西,游克峰,刘雨凡,朱杰,,,True,6,853,Bronze,+(101),+1(273),,,,,+(59),,+(189),+3(139),,+(12),
103,66,集美大学,夏日重现,叶文定,道又铭,庄晓兵,,,True,6,868,Bronze,+2(93),+(296),,,,,+(45),,+1(232),+(126),,+(16),
104,67,湘潭大学,训练两年半，何日上绿名,方云卓,谢先皓,谢东骏,,,True,6,871,Bronze,+3(50),+(270),,,,,+3(75),,+2(173),+(131),-1,+(12),
105,68,天津大学,拼搏百天，我要上天津大学,于兴航,王然驰,马佳一,,,True,6,872,Bronze,+1(99),+3(269),,,-1,,+1(61),,+1(186),+(128),-2,+(9),
106,69,南京信息工程大学,教练提醒我们去成都要保护好自己,刘阳元,刘一鸣,曹煜珑,,,True,6,878,Bronze,+4(116),+(189),,,,,+(25),,+4(177),+2(162),,+(9),
107,,南京航空航天大学,DML,沈运之,邵嘉奇,任衍硕,,,True,6,882,Bronze,+(92),+2(299),,,,,+(60),,+1(207),+2(110),-2,+(14),
108,70,重庆邮电大学,邮电启动,潘乐乐,付宇新,赵俊超,,,True,6,894,Bronze,+(97),+1(253),,,,,+1(23),,+7(188),+(134),-6,+(19),
109,71,武汉商学院,冰雪聪明琪露诺,贾锐哲,魏翔,熊子豪,,,True,6,901,Bronze,+1(58),+(284),,,,,+(63),,+4(214),+4(92),,+(10),
110,72,河南理工大学,三皮城连败等收菜,李梦洋,张科文,马俊超,,,True,6,911,Bronze,+(37),+(278),,,,,+2(136),,+(219),+1(167),,+(14),
111,,浙江理工大学,小喷菇懒得喷,干佳立,余首荣,姜楠,,,True,6,913,Bronze,+2(60),+(241),,,,,+1(89),,+3(185),+(196),,+(22),
112,73,天津理工大学,阿米诺斯是小猫的意思,向东,李衍硕,龚志杰,,,True,6,935,Bronze,+(87),+9(265),,,-15,,+(58),,+(117),+3(156),,+(12),
113,74,浙江工商大学,理塘最速WA传说,林仁豪,陈孝乐,刘嘉炜,,,True,6,947,Bronze,+(64),+(209),,,,,+(124),,+5(297),+(141),,+(12),
114,,中山大学,中山大学＿Awful＿Choices,王泓皓,罗金浩,甘善铭,,,True,6,971,Bronze,+6(269),+(185),,,-8,,+1(19),,+3(225),+(63),,+(10),
115,75,广西大学,众,贾智卓,黄翠婷,韦书临,,,True,6,978,Bronze,+2(78),+(276),,,,,+1(158),,+2(210),+1(124),,+(12),
116,76,吉林大学,管埋员,张智祺,王恕,乔彦博,,,True,6,1009,Bronze,+10(101),+2(193),,,-13,,+6(107),,+(138),+1(86),,+(4),
117,77,浙大宁波理工学院,保不齐对,周艺杰,余健林,陈铮,,,True,6,1016,Bronze,+1(168),+(293),,,,,+1(71),,+(227),+1(185),,+(12),
118,78,西安理工大学,神秘的力量,马铭源,金钰奇,贾成杰,,,True,6,1049,Bronze,+1(56),+(258),,,-1,,+7(139),,+(235),+1(169),,+(12),
119,79,山东大学,黑算竞：打铁,滕家良,农烨明,杨师玉,,,True,6,1061,Bronze,+(60),+8(281),-1,-1,-1,-1,+1(45),-1,+5(165),+3(160),-1,+(10),-1
120,80,中国矿业大学,无名之辈,黄科海,梁浩均,周佳炜,,,True,6,1066,Bronze,+1(66),+(267),,,-3,,+5(186),,+3(206),+1(117),,+(24),
121,,东北大学,东北大学_好果汁,刘格显,贺康,房田峰,,,True,6,1099,Bronze,+(53),+(265),,,,,+2(108),,+8(281),+1(151),-1,+(21),
122,81,重庆工程学院,我只选帅康,张翔,陈博恒,胡鑫昊,,,True,6,1208,Bronze,+3(118),+2(256),-1,-1,-1,-1,+1(175),,+2(201),+2(144),,+1(94),
123,82,南昌大学,雪月花,何超,胡书惠,满曜嘉,,,True,6,1218,Bronze,+2(198),+(296),,-1,-1,,+2(131),,+1(230),+1(202),-1,+1(21),-1
124,,四川大学,在线光速幂,刘宇凡星,韩子睿,罗实,,,True,6,1237,Bronze,+1(88),+1(292),,,,,+6(187),,+3(228),+2(149),,+1(13),
125,83,中南大学,塞尔达天下第一,高显堤,李奕儒,杜泊西,,,True,6,1256,Bronze,+1(97),+3(293),,,,,+5(145),,+5(241),+3(129),,+(11),
126,84,绍兴理工学院,绍立功,江亚君,徐冕,谢琳涵,,,True,6,1360,Bronze,+5(71),+12(293),,,,,+1(95),,+(275),+3(181),,+(25),
127,,北京理工大学,你们可以抽象，但是别太抽象,蒋济遥,陈奕帆,刘济尧,,,True,5,331,Bronze,+(28),-7,,,,,+(52),,+(148),+(92),,+(11),
128,85,郑州大学,历史为什么选择了黄前久美子,罗飞云,彭俊儒,曹建壮,,,True,5,404,Bronze,+1(51),-1,,,-6,,+(58),,+2(147),+(77),,+(11),
129,,南京航空航天大学,找对象,陈梓鹏,吕海亮,李章锐,,,True,5,408,Bronze,+1(62),-4,,,,,+(38),,+1(142),+1(88),,+(18),
130,86,新疆大学,奇迹与你,古恩豪,黄梓峰,张志诚,,,True,5,445,Bronze,+(74),-3,,,,,+(40),,+2(160),+(119),,+(12),
131,,南京理工大学,太空猫猫头,陈宇航,许廷阳,谭清海,,,True,5,459,Bronze,+(46),-1,,,,,+(71),,+1(180),+(129),,+(13),
132,,哈尔滨工业大学（深圳）,怎么不算队名呢,于新莹,林亮宇,骆天赐,,,True,5,459,Bronze,+(34),-2,,,,,+1(77),,+1(202),+1(74),,+(12),
133,87,大连理工大学,可持久化猫猫虫自动机,刘博文,连茗暄,刘兆洲,,,True,5,460,Bronze,+2(109),,,,-8,,+1(31),,+1(101),+(128),,+(11),
134,88,成都信息工程大学,在梦里拼凑回忆,陈帅,王浩然,孟庆虎,,,True,5,476,Bronze,+(62),-3,,,,,+1(81),,+(194),+(103),,+(16),
135,,武汉理工大学,*幻想乡旅行团,刘泽宇,巫殷凯,胡书诚,,,True,5,485,Bronze,+(56),-1,,,,,+1(79),,+1(210),+(92),,+(8),
136,,东北大学,东北大学_根本睡不醒,林星希,曹鑫阳,戈文鑫,,,True,5,491,Bronze,+1(61),-1,,,,,+(42),,+1(209),+1(110),,+(9),
137,89,大连海事大学,代码演奏家,陈昊楠,张皓奕,廖易超,,,True,5,512,Bronze,+(71),,,,,,+2(53),,+2(158),+(136),,+(14),
138,90,西安电子科技大学,便乘计划WA舞台！,闵旭曈,邓思哲,李林,,,True,5,515,Bronze,+1(61),-6,,,-7,,+(73),,+2(172),+1(97),,+1(12),
139,,北京理工大学,过了样例也不队,何大鹏,邬宇炼,王舒晗,,,True,5,519,Bronze,+2(56),-2,,,-5,,+(125),,+2(152),+(87),,+(19),
140,,宁波大学,樱白之歌,李嘉琪,赵瑞杰,朱文豪,,,True,5,521,Bronze,+(53),+(237),,,,,+1(32),,-15,+3(106),,+(13),
141,,中国科学技术大学,五年OI三年IO,钱易,史启源,王少白,,,True,5,523,Bronze,+(46),+1(209),,,,,+1(129),,-3,+(90),,+(9),
142,91,北京交通大学,世纪难题,周一鸣,孙宁,邬健翔,,,True,5,539,Bronze,+1(36),+1(266),,,-2,,+(65),,-5,+1(101),,+(11),
143,92,成都理工大学,我嘞个豆豆啊,向坪君,陈家宝,张晨瑀,,,True,5,543,Bronze,+1(90),-3,,,,,+(55),,+1(223),+(123),,+(12),
144,,山东大学,泰山学院代表队,程前,吴浩明,郭雨欣,,,True,5,555,Bronze,+1(81),+(46),,,,,+1(152),,,+(207),,+(29),
145,,西南科技大学,今天也想见到你,时玉成,邓超文,张星宇,,,True,5,560,Bronze,+(96),-1,,,,,+(65),,+1(236),+(132),,+(11),
146,,南方科技大学,南方科技大学-利贝雷茨,徐晨钧,黄睿轩,李连馨,,,True,5,573,Bronze,+2(105),,,,,,+(41),,+3(187),+1(86),,+1(14),
147,93,南京邮电大学,说的道莉,王普立,李永鑫,陈昊泽,,,True,5,579,Bronze,+3(71),-4,,,,,+(31),,+4(228),+(96),,+(13),
148,,浙江工业大学,我们必须想像他们是幸福的,谢子杰,谢宇韬,郭正楠,,,True,5,593,Bronze,+1(61),,,,,,+2(78),,+3(210),+1(91),,+(13),
149,94,北京科技大学,我再试试,何开煜,董瑞洋,潘涵,,,True,5,601,Bronze,+2(46),-1,,,,,+1(62),,+2(266),+(85),,+1(22),
150,95,安徽大学,嗷呜嘎嘎,桑浩翔,胡明道,张嘉怡,,,True,5,610,Bronze,+2(104),-6,,,,,+(49),,+2(198),+1(152),,+(7),
151,,中山大学,中山大学_一个小队,周岱昕,陈钰炜,张耀天,,,True,5,619,Bronze,+2(89),,,,,,+(63),,+1(172),+2(137),,+2(18),
152,,哈尔滨工业大学,加载中，请稍后,刘明卓,刘靖文,郭健桓,,,True,5,625,Bronze,+1(69),-2,,,,,+(115),,+2(219),+1(130),,+(12),
153,,西安电子科技大学,关于起名字很随意这件事,杨润彬,李聿垲,吴奕玮,,,True,5,636,Bronze,+1(93),,,,,,+(50),,+2(219),+3(142),,+(12),
154,,深圳大学,SZU_Wrong answer on test 2,温家燊,肖俊祺,葛峻赫,,,True,5,637,Bronze,+2(49),-1,,,,,+1(125),,+1(199),+3(114),,+(10),
155,96,哈尔滨理工大学,哈理工01队CD,曾凡欧,杨梦杰,贾思博,,,True,5,641,Bronze,+2(102),+1(244),,,,,+(61),,,+1(123),,+1(11),
156,97,北京师范大学,云边路,姚述军,陈博,王佳一,,,True,5,655,Bronze,+1(83),-2,,,,,+(91),,+1(288),+(141),,+(12),
157,,湘潭大学,数据别和我作队,资刘宇凡,许秋宇,陈翔,,,True,5,671,Bronze,+(59),,,,,,+1(96),,+4(273),+1(75),,+1(28),
158,,杭州师范大学,五月的猫猫,陈科舟,殷吴辉,杨嘉福,,,True,5,675,Bronze,+3(62),+2(242),,,,,+1(97),,,+(133),,+(21),
159,98,莆田学院,口胡金牌题,许庆华,龚磊,黄佳威,,,True,5,681,Bronze,+(112),-10,,,,,+2(92),,+2(220),+(165),,+(12),
160,99,长安大学,神樱树,刘葆骐,田笑颜,高源,,,True,5,682,Bronze,+2(110),-1,,,,,+1(42),,+4(227),+1(129),,+(14),
161,,浙江工商大学,猫猫骑士团初探区域赛,卢嘉亮,张任杰,杨毅博,,,True,5,683,Bronze,+1(92),,,,,,+(63),,+5(299),+(100),,+(9),
162,,北京理工大学,哈哈你也想哈哈吗,张智文,周璟哲,吴迪晟,,,True,5,691,Bronze,+2(82),+1(205),,,,,+2(105),,,+2(151),,+(8),
163,,深圳大学,szu_OvO,岑健锋,唐浚源,张楠,,,True,5,701,Bronze,+5(109),-1,,,,,+(55),,+1(167),+4(155),,+(15),
164,100,福建理工大学,AC：从Debug到Accept开始的XCPC生活,周俊杰,连鑫焱,刘航,,,True,5,707,Bronze,+1(144),,,,,,+1(80),,+1(230),+(124),,+2(29),
165,101,中国传媒大学,啥,王思远,刘禹熹,黄屹,,,True,5,711,Bronze,+1(72),+3(251),,,,,+(123),,-2,+2(127),,+(18),
166,,浙江师范大学,干翻别人队,赵欣雨,汪暄暄,陈佳宜,,,True,5,717,Bronze,+1(143),,,,,,+1(113),,+1(219),+1(150),,+(12),
167,102,南昌航空大学,一周17节课艰难打acm,黄心磊,陈鹏,汤正泰,,,True,5,724,Bronze,+2(61),,,,,,+2(101),,+4(255),+(129),,+(18),
168,,成都信息工程大学,第一同构定理,常旭海,杨洋,赵多俊,,,True,5,733,Bronze,+(138),,,,,,+2(83),,+4(232),+(149),,+(11),
169,,北京邮电大学,4000g_Pt,冯国晟,于洋,马廷良,,,True,5,737,Bronze,+2(99),,,,,,+1(49),,+1(255),+2(204),,+(10),
170,,华南理工大学,我不知道我不会你们来,张辉洲,王腾岳,王烁云,,,True,5,738,Bronze,+(46),+3(275),,,,,+5(81),,,+1(124),,+1(12),
171,103,兰州大学,刚学会打字,郑宇航,梁宇昊,李欣杭,,,True,5,750,Bronze,+8(163),+(287),,,,,+1(33),,-9,+(78),,+(9),
172,104,武汉大学,重修数理基础,林喆霖,蔡子,范锦炜,,,True,5,760,Bronze,+1(111),+1(292),,,,,+(71),,,+2(197),,+(9),
173,105,中国地质大学（武汉）,地脉恒辉,刘耀楠,王佳豪,鲍炳辰,,,True,5,764,Bronze,+3(123),,,,,,+(65),,+2(287),+(160),,+(29),
174,,哈尔滨工程大学,坐岸观海，听十一月雨,张天磊,杜鹏宇,林鹏涵,,,True,5,778,Bronze,+1(208),-1,,,,,+(93),,+3(244),+1(122),,+(11),
175,,哈尔滨工业大学（威海）,一番断幺,朱圣方,王潇逸,郑尊文,,,True,5,797,Bronze,+3(97),,,,,,+(115),,+3(209),+(186),,+2(30),
176,106,山东师范大学,爆零就去玩原神,李佳恒,吕俊东,孙智毅,,,True,5,841,Bronze,+1(70),,,,,,+1(149),,+2(248),+(175),,+2(79),
177,107,东南大学,悄然谜响,陈琳昊,黄煜杰,周子航,,,True,5,849,Bronze,+(29),-2,,,,,+1(215),,+1(250),+5(206),,+(9),
178,108,华中农业大学,吃俺老孙一棒,孙宇恒,黄泽源,游宇珅,,,True,5,881,Bronze,+1(143),-1,,,,,+(41),,+3(277),+5(221),,+(19),
179,,华南农业大学,没有空的桌子了,巴云浩,吴文斌,林永鸿,,,True,5,882,Bronze,+3(118),,,,,,+2(142),,+4(250),+(175),,+(17),
180,109,上海大学,队名有五字,田凯文,靳红飞,杨天浩,,,True,5,887,Bronze,+1(111),-2,,,,,+5(128),,+3(226),+2(191),,+(11),
181,,广东工业大学,逸误,李俊贤,吴达武,易俊霖,,,True,5,887,Bronze,+1(74),-1,,,,,+3(146),,+5(291),+1(136),,+1(20),
182,110,厦门大学,辣味的烧卖,赵子越,林育立,季裕杰,,,True,5,903,Bronze,+4(141),+5(292),,,,,+1(90),,-5,+(124),,+2(16),
183,111,北京工业大学,双翼翱翔,江云天,王赫,刘航奇,,,True,5,921,Bronze,+(96),-1,,,,,+1(230),,+5(187),+(251),-1,+(37),
184,,东北大学,东北大学_叫什么随便吧,徐海,韩重,肖举涛,,,True,5,924,Bronze,+1(99),-1,,,,,+1(67),,+10(289),+2(151),,+1(18),
185,,吉林大学,高玩派对,拱垲,袁英麒,吕浩然,,,True,5,947,Bronze,+6(260),-3,,,,,+(70),,+2(229),+1(175),,+1(13),
186,112,大连理工大学盘锦校区,这技校真练技术,陈嘉佑,张正阳,杨镇熙,,,True,5,953,Bronze,+7(182),,,,,,+1(80),,+2(156),+3(215),,+2(20),
187,113,东北师范大学,巴别塔,项赞宇,贺金龙,齐进帅,,,True,5,953,Bronze,+1(145),,,,,,+5(104),,+6(259),+1(173),,+(12),
188,114,乐山师范学院,漫云征途,罗明杨,黄仪鸥,夏源泽,,,True,5,989,Honorable,+(110),,,,,,+8(128),,+2(290),+4(167),,+(14),
189,115,深圳技术大学,SZTU_圆你一个梦,李壮壮,肖文航,徐鑫,,,True,5,1107,Honorable,+4(136),,,,,,+1(190),,+9(288),+1(154),,+1(19),
190,116,国防科技大学,应知其所以然,左智文,张齐鑫,高英博,,,True,5,1127,Honorable,+2(69),,,,,,+2(89),,+11(286),+4(259),-1,+(44),
191,,同济大学,君与构造与构造之恋,李烨,鲁浩宇,杜宇轩,,,True,4,204,Honorable,+(50),,,,,,+(30),,-4,+2(75),-10,+(9),
192,,华东师范大学,河东食堂转生队,沈崇焕,刘俊毅,刘昕东,,,True,4,234,Honorable,+2(56),-5,,,-2,,+1(33),,-14,+(78),,+(7),
193,,重庆邮电大学,会A吗？会A的！,张膑予,燕绍雄,林地波,,,True,4,245,Honorable,+1(39),,,,,,+1(70),,-13,+1(64),,+(12),
194,,南京邮电大学,吹笛到天明,田晓亮,韩炜,陈卓然,,,True,4,256,Honorable,+(84),,,,,,+(48),,-18,+(115),,+(9),
195,117,华南师范大学,最后一页,严雍泽,吴彪生,徐书研,,,True,4,258,Honorable,+1(75),,,,,,+(40),,-4,+(110),,+(13),
196,118,河南大学,狗不理包子,尤铭,胡逢彬,孙小文,,,True,4,273,Honorable,+1(80),-3,,,,,+(66),,-7,+(98),,+(9),
197,,大连理工大学,dut别断电了我要打cf,徐易,吴胤祺,孟家祺,,,True,4,281,Honorable,+2(67),-2,,,,,+(35),,,+1(109),,+(10),
198,119,河海大学,不时以暴力算法tle的邻座acm同学,金炬光,杨帆,曾国琳?,,,True,4,287,Honorable,+(75),,,,,,+(51),,,+(120),,+1(21),
199,,浙江师范大学,使一颗心免于哀伤,厉峻宏,郭宝旭,项展,,,True,4,293,Honorable,+1(72),-4,,,,,+(82),,,+(95),,+(24),
200,,广西大学,这一发，贯穿星辰,李周详,梅松,孙怿翔,,,True,4,293,Honorable,+1(82),-2,,,,,+1(51),,-3,+(104),,+(16),
201,120,西北工业大学,智力不太好,王钎屹,吴映卓,罗隆华,,,True,4,311,Honorable,+(35),-2,,,,,+1(97),,-1,+1(117),,+(22),
202,121,山东科技大学,西塔克号,潘文硕,吕胜浩,李卓航,,,True,4,321,Honorable,+1(87),-1,,,,,+(145),,-2,+(57),,+(12),
203,,华南师范大学,野指针,林泽勋,罗为,李浩源,,,True,4,323,Honorable,+(85),,,,,,+(100),,-10,+(128),,+(10),
204,,西北工业大学,金牌归来，发现妻女流落街头,吴优,郝春博,刘伟业,,,True,4,328,Honorable,+1(70),,,,,,+(81),,-7,+1(122),,+(15),
205,122,广东工业大学揭阳校区,GDUTJY_彼岸之约,黄浩天,陈煜祺,向宇飞,,,True,4,330,Honorable,+1(91),,,,,,+2(64),,,+(106),,+(9),
206,123,天津工业大学,我上早八,吕佳乐,徐振业,李翊萌,,,True,4,339,Honorable,+(111),,,,,,+1(66),,-2,+1(90),,+1(12),
207,,广东工业大学,我想拿牌子,李耿豪,黄博,周建宏,,,True,4,343,Honorable,+(126),,,,,,+(54),,-5,+(147),,+(16),
208,,东华大学,虚拟机会梦见赛博纸带吗？,陈缪鑫,蔡晋,彭飞,,,True,4,345,Honorable,+(81),-5,,,,,+(148),,,+(106),,+(10),
209,124,西南民族大学,SCCPC*,姚焜,欧辉强,黄铭,,,True,4,347,Honorable,+1(96),,,,,,+1(84),,-4,+(114),,+(13),
210,,河南大学,604,程功,耿东阳,张亚豪,,,True,4,348,Honorable,+1(88),-4,,,,,+1(61),,,+1(126),,+(13),
211,125,西北大学,一定是那ICPC，它把大哥打至跪地，可能是迫大哥跟它回去做题目口牙,朱珈成,罗穰杰,梁家瑞,,,True,4,350,Honorable,+1(194),,,,,,+(36),,-1,+1(64),,+(16),
212,126,信息工程大学,新旬拔队,林万新,丁钧铖,张裕颉,,,True,4,354,Honorable,+2(83),,,,,,+(73),,-6,+(117),,+1(21),
213,127,山东财经大学,参与奖掠夺者,李锦月,陈代鑫,江文硕,,,True,4,370,Honorable,+(56),,,,,,+1(95),,-1,+2(123),,+1(16),
214,,西北工业大学,不想想队名,梁乐彬,韩正,蔡思博,,,True,4,371,Honorable,+2(95),-1,,,,,+(72),,-4,+1(132),,+(12),
215,,中国石油大学（华东）,中石大1997,王一同,徐烨,林嘉伟,,,True,4,374,Honorable,+1(99),,,,,,+(64),,,+1(154),,+(17),
216,,南京邮电大学,天使重构,胡乐安,崔晨曦,赵聿祺,,,True,4,381,Honorable,+2(86),-7,-1,,,,+2(79),,-4,+1(109),-2,+(7),
217,128,湖南科技大学,梦起云雾时,肖琦,李旭云,袁悦,,,True,4,388,Honorable,+2(98),,,,,,+(55),,-1,+1(129),,+1(26),
218,129,华中师范大学,白夜,易嘉鸣,潘芮锐,陈程,,,True,4,393,Honorable,+(38),-9,,,,,+3(156),,,+(125),,+(14),
219,,上海大学,清醒后才发现这是XCPC,韦杰恒,蔡轩,黄垒,,,True,4,395,Honorable,+1(92),,,,,,+1(68),,-6,+1(162),,+(13),
220,130,江西财经大学,她与银牌见合,王海峰,彭俊杰,李鑫,,,True,4,408,Honorable,+1(139),,,,,,+(42),,,+3(134),-4,+(13),
221,,天津工业大学,兄弟你好香,孙文杰,刘涛,程梧桐,,,True,4,415,Honorable,+2(113),,,,,,+1(89),,-10,+(141),,+(12),
222,,东北大学秦皇岛分校,空白名称,焦一晟,徐向博,闫一飞,,,True,4,416,Honorable,+(83),-1,,,,,+1(67),,,+3(151),,+1(15),
223,,四川大学,安全三方计算,张逸涵,邹昔贝,吴佳诚,,,True,4,417,Honorable,+1(51),,,,,,+2(191),,-5,+1(78),-1,+(17),
224,131,合肥大学,候鸟,王国梁,吕文杰,杨仕超,,,True,4,418,Honorable,+(139),,,,,,+(66),,,+1(180),,+(13),
225,,安徽大学,似乎有着能够令人AC的隐藏指令,刘圆博,许子桢,吕建强,,,True,4,421,Honorable,+1(120),,,,,,+1(48),,-1,+2(142),,+1(11),
226,132,安徽农业大学,题题不歪真君,李兹如,姜乐源,卢岳,,,True,4,423,Honorable,+1(100),,,,,,+2(82),,,+1(146),,+(15),
227,133,华东理工大学,别急我还在藏东西,谢榛,孙俊,李佳强,,,True,4,424,Honorable,+1(88),,,,,,+(104),,,+1(154),,+1(18),
228,134,浙江财经大学,踏雪寻梅,陈启亮,赵子腾,吴帆,,,True,4,427,Honorable,+(117),,,,,,+2(76),,-4,+1(149),,+(25),
229,135,中国海洋大学,错误没有答案,冯钰恒,陈岳阳,张成玺,,,True,4,428,Honorable,+2(90),-1,,,,,+1(118),,,+1(107),,+1(13),
230,,武汉理工大学,样例都没过怎么ac了,王雨辰,吴明洲,王浩丞,,,True,4,431,Honorable,+2(64),,,,,,+(90),,,+2(136),,+2(21),
231,136,华东交通大学,样例过了就算对,周贇杰,苏明亮,万文轩,,,True,4,431,Honorable,+1(136),,,,,,+1(71),,,+1(147),,+(17),
232,137,长春理工大学,yxh 带我飞,郎震,姚祥辉,李澹,,,True,4,434,Honorable,+1(107),,,,,,+2(85),,-8,+(143),,+1(19),
233,,华东师范大学,OI，启动,周恒立,路修远,董芷鉴,,,True,4,440,Honorable,+3(133),,,,,,+1(73),,,+(118),,+1(16),
234,138,上海应用技术大学,ICPC非常好_使我的队名抽象,毛梓进,马小鹏,项家挺,,,True,4,440,Honorable,+3(114),,,,,,+2(71),,-12,+(135),,+(20),
235,139,郑州轻工业大学,VP Expert,王少杰,赵梓昊,高福涛,,,True,4,451,Honorable,+(77),,,,,,+1(155),,,+(182),,+(17),
236,140,香港科技大学广州,S属性大爆发,黄俊良,李宇堃,张思达,,,True,4,452,Honorable,+(93),,,,,,+1(111),,-2,+2(177),,+(11),
237,141,武汉纺织大学,我的青春AC物语果然没有恋爱,刘洋,周黄灏,裘贺宝,,,True,4,456,Honorable,+2(168),-1,,,,,+2(77),,,+(119),,+(12),
238,,山东大学,签到人,史博文,徐聚礼,张林翰,,,True,4,459,Honorable,+1(53),-4,,,,,+(180),,,+3(128),,+(18),
239,,郑州轻工业大学,遇事不决从容应队,薛晓煜,夏高祥,栗闫恒,,,True,4,480,Honorable,+1(92),,,,,,+(132),,,+2(178),,+(18),
240,142,湖南理工学院,锈湖,杨可,陈娜,费峥宇,,,True,4,490,Honorable,+(71),-2,,,,,+2(123),,,+1(193),,+1(23),
241,,武汉大学,JumPing win,魏俊涛,戴天奕,杨锦熙,,,True,4,495,Honorable,+3(207),,,,,,+(72),,,+1(129),,+(7),
242,,浙江财经大学,幻想家在幻想时间幻想ac,朱腾,陈超,冯裕钵,,,True,4,499,Honorable,+4(119),,,,,,+1(98),,-1,+1(150),,+(12),
243,143,西南大学,西大暴龙队,蒋麟洲,孙舒源,刘益鸣,,,True,4,505,Honorable,+1(121),,,,,,+1(144),,,+1(167),,+(13),
244,144,山东大学（威海）,挽圆神挽的,童延,陆柯旭,钟菡树,,,True,4,525,Honorable,+2(144),,,,,,+1(93),,,+2(174),,+(14),
245,145,江西农业大学,浩~能不能拿牌啊？,廖伦浩,罗宇豪,徐浩东,,,True,4,539,Honorable,+3(164),-1,,,,,+(85),,,+1(194),,+(16),
246,,山东理工大学,我有铁牌,杨国强,宋润桐,朱嘉超,,,True,4,544,Honorable,+2(152),,,,,,+(108),,-7,+1(201),,+(23),
247,,福州大学,苦来兮苦,陈建宇,庄宇烽,杨云飞,,,True,4,557,Honorable,+3(131),,,,,,+2(171),,,+1(124),,+(11),
248,146,西华大学,夏日限定的告白,肖代阳,谢维文,赵熙,,,True,4,557,Honorable,+1(177),,,,,,+1(81),,-1,+1(216),,+(23),
249,147,合肥工业大学,天天做早操队,王腾昊,舒雨飞,韩昆桦,,,True,4,560,Honorable,+1(182),,,,,,+1(45),,-12,+6(163),,+(10),
250,148,浙大城市学院,冬雪涟,郭申申,鲁俊杰,张洋鸣,,,True,4,562,Honorable,+2(65),-8,,,,,+3(156),,-1,+3(164),,+(17),
251,,西北工业大学,兄弟你不香了,万梓宸,涂思亮,魏子尧,,,True,4,568,Honorable,+2(122),,,,,,+1(73),,,+3(186),,+2(27),
252,,武汉大学,方块人转生成铁牌选手,丁启航,石炜,陈新尧,,,True,4,569,Honorable,+3(109),,,,,,+1(221),,-1,+1(129),,+(10),
253,149,吉利学院,吉利太美,罗志豪,何正,严嘉诚,,,True,4,604,Honorable,+2(208),,,,,,+2(117),,-1,+2(72),,+2(47),
254,,国防科技大学,项王不惘,梁庭宇,张洋,孙睿宇,,,True,4,632,Honorable,+1(245),,,,,,+1(90),,-6,+1(219),,+(18),
255,150,贵州大学,猫猫也想要拿牌,杨毅,冯林,孟坤林,,,True,4,646,Honorable,+2(206),,,,,,+2(114),,,+(225),,+(21),
256,151,北京林业大学,皓腕凝霜雪,蔡优,管穗京,梅涵,,,True,4,676,Honorable,+3(175),,,,,,+(165),,-1,+2(227),,+(9),
257,152,北京化工大学,#define WA AC,杨嘉明,彭天祺,陈昊然,,,True,4,679,Honorable,+1(78),,,,,,+2(193),,,+5(236),,+(12),
258,153,阜阳师范大学,又双叒叕到了难搞的时候,胡召鑫,张美星,邢文俊,,,True,4,680,Honorable,+8(169),-1,,,,,+1(90),,-1,+2(188),,+(13),
259,154,东北林业大学,世纪末彼岸花丛中的死之结界,刘宋凯,李敬,赵天鑫,,,True,4,680,Honorable,+3(202),,,,,,+4(107),,-4,+1(189),,+(22),
260,155,浙江农林大学,我直直直直直接给你坐下,朱冠霖,黄志腾,赵亭旭,,,True,4,684,Honorable,+2(151),,,,,,+2(96),,,+2(225),,+1(72),
261,156,温州大学,温大十一队,杨嘉诚,盛飞扬,黄力垚,,,True,4,690,Honorable,+(143),,,,,,+4(203),,,+1(229),,+(15),
262,157,西南交通大学,很内向在电脑前不敢写代码,谢栩珲,胥琪,王一帆,,,True,4,735,Honorable,+5(261),,,,,,+2(149),,,+1(155),,+(10),
263,158,中国矿业大学（北京）,燐光,饶汉青,闵俊宝,金大业,,,True,4,738,Honorable,+1(167),,,,,,+4(258),,-2,+(203),,+(10),
264,159,阿坝师范学院,火攻,李先笙,胡航,陈李鑫,,,True,4,742,Honorable,+1(123),,,,,,+(209),,,+2(236),,+3(54),
265,,北京师范大学,打完就回去搬砖,丁余健,凤晨阳,陆祖亿,,,True,4,746,Honorable,+2(110),,,,,,+3(187),,-2,+4(249),,+(20),
266,160,湖南师范大学,师大之星,叶欣睿,王鸿杰,周鸿志,,,True,4,747,Honorable,+(107),,,,,,+9(240),,,+3(147),,+(13),
267,161,西安邮电大学,AAC退役小作文批发所,董子豪,马悦凯,何润泽,,,True,4,748,Honorable,+(108),,,,,,+4(263),,,+2(215),,+1(22),
268,,浙江农林大学,再交100罚,卢成荣,戴晓毅,丁煜,,,True,4,749,Honorable,+2(197),,,,-2,,+2(179),,,+2(235),,+(18),
269,,天津大学,谦虚好学的玛卡巴卡们,王一丁,王子轩,廖浩然,,,True,4,765,Honorable,+2(263),,,,,,+2(172),,-1,+(225),-1,+(25),
270,162,湖南大学,对对队,刘泽益,文卓,陈智权,,,True,4,775,Honorable,+2(163),,,,,,+5(178),,,+2(223),,+1(11),
271,163,北京理工大学珠海学院,果宝三剑客,翁彦峰,肖正阳,李国胜,,,True,4,783,Honorable,+1(146),,,,,,+1(290),,,+2(244),,+(23),
272,164,重庆移通学院,世界の中心、ACCEPTでを叫ぶ,李德立,韩世杰,袁馨渝,,,True,4,786,Honorable,+10(219),,,,,,+2(118),,+(196),-13,,+(13),
273,,上海大学,塔尖粉丝团,殷天悦,刘洲宏,席睿扬,,,True,4,795,Honorable,+3(89),-10,,,,,+5(231),,,+5(205),,+(10),
274,165,成都东软学院,回复四级的重启人生,周志宏,徐佳杰,廖永东,,,True,4,812,Honorable,+1(102),,,,,,+4(243),,,+(276),,+2(51),
275,,中国传媒大学,憧憬成为AC高手,谢嘉彤,龙岑华,李思扬,,,True,4,822,Honorable,+4(255),,,,,,+(173),,,+3(241),,+(13),
276,166,河南工业大学,just do it,汪明超,凡亚豪,曹子鹏,,,True,4,839,Honorable,+3(197),,,,,,+2(100),,,+4(271),,+2(51),
277,,中南大学,新建文件夹,吴让尧,王冠楠,李佑唐,,,True,4,860,Honorable,+5(163),,,,,,+1(218),,,+1(225),,+2(74),
278,167,中南民族大学,想队名比过题难,林俊彦,陈宇轩,魏子杰,,,True,4,890,Honorable,+2(164),,,,,,+1(257),,,+4(282),,+1(27),
279,,北京交通大学,明湖鸭,王九旺,程依康,梁曦霖,,,True,4,921,Honorable,+3(206),,,,,,+1(143),,-1,+9(293),,+(19),
280,168,嘉应学院,爱是最强自在法,钟棋宇,王嘉贤,罗祉茗,,,True,4,1060,Honorable,+1(178),,,,,,+5(299),,,+4(180),,+5(103),
281,,长沙理工大学,负优化大湿,肖志翔,夏昱,赖贝尔,,,True,4,1092,Honorable,+5(163),,,,,,+1(266),,,+6(254),,+2(129),
282,,西南交通大学,即便转生为美少女也要打ACM,倪阳,曹创,林泽宇,,,True,3,292,Honorable,-1,,,,,,+1(163),,,+(96),,+(13),
283,169,福建师范大学,秘封俱乐部,林廷钧,姚耀宇,陈薪霖,,,True,3,299,Honorable,+(79),,,,,,-7,,,+1(181),,+(19),
284,170,西南财经大学,两菜一汤,朱哲含,蒋思翔,钟富城,,,True,3,330,Honorable,+(155),,,,,,+1(97),,,-7,,+1(38),
285,,西北大学,偶遇公务员强如怪物，拼尽全力无法战胜,顾舜天,颜晓轶,吴莹,,,True,3,362,Honorable,+(68),,,,,,-4,,,+1(178),,+2(56),
286,,贵州大学,只要在这欧庇克莱歌剧院我芙宁娜德枫丹魔神芙卡洛斯就连世间的诸神都可以审判,史昌盛,黄康,宋超,,,True,3,373,Honorable,+1(57),,,,,,+3(225),,,-10,,+(11),
287,171,中国民航大学,把思路逆转过来！,邓琦川,黄甜甜,宋梦雨,,,True,3,415,Honorable,+1(134),,,,,,+1(90),,-1,-1,,+4(71),
288,172,西北农林科技大学,西西务农者不嘻嘻,向闽星,曹广友,贾棋萌,,,True,3,442,Honorable,+(147),,,,,,-10,,,+1(253),-2,+(22),
289,,西南民族大学,夜阑风静欲归时，唯有一江明月碧琉璃,詹宁康,张楚豪,苗家纯,,,True,3,454,Honorable,+2(78),,,,,,-11,,,+1(220),,+3(36),
290,173,太原理工大学,一个复杂度n的n的阶乘次方的阶乘的算法,张亚奇,张洲洋,吴光义,,,True,3,467,Honorable,+(128),,,,,,-7,,,+4(212),-5,+(47),
291,,天津大学,少爷和老奴,蒋茜,仇静逸,王煜杰,,,True,3,468,Honorable,+2(99),,,,,,+3(255),,,-11,,+(14),
292,,山东师范大学,樱高轻音部,张兴晨,路宇欣,魏淑英,,,True,3,471,Honorable,+3(123),,,,,,-4,,,+1(217),,+1(31),
293,174,宁夏大学,超级面包,陈治平,李明航,杜鑫宇,,,True,3,502,Honorable,+4(176),,,,,,-3,,,+(230),,+(16),
294,,海南大学,暮染烟岚,王宇烁,宋庆宾,魏鑫,,,True,3,505,Honorable,+1(100),,,,,,+3(280),,,-5,,+1(25),
295,175,大连大学,选择困难症犯了,汤世軒,郑卫,何彦东,,,True,3,512,Honorable,+4(211),,,,,,+2(146),,,-7,,+1(15),
296,,山东科技大学,光明号,李少栋,鲁文健,斯睦飞,,,True,3,534,Honorable,+2(235),,,,,,-4,,,+4(166),,+(13),
297,,绍兴理工学院,难铜,叶其浩,张益恒,朱振磊,,,True,3,557,Honorable,+1(135),,,,,,+1(256),,,,,+4(46),
298,176,青岛理工大学,醉里挑灯看键盘,邢少洋,吴秀彦,韩泽川,,,True,3,574,Honorable,+3(190),,,,,,+5(188),,,-7,,+1(16),
299,,集美大学,我样例过了,王力恒,林敬炜,谢业成,,,True,3,581,Honorable,+3(204),,,,,,+3(219),,,,,+(38),
300,177,重庆交通大学,乌木威尔维恩耶尔吐温威乌温穆本欧萨斯,王墨,向鸿锐,陈星求,,,True,3,583,Honorable,+3(89),,,,,,+5(291),,,-7,,+1(23),
301,178,湖南城市学院,看着队友打代码,申宇健,曹杰林,何凯,,,True,3,596,Honorable,+4(298),,,,,,+(193),,,-3,,+(25),
302,179,江苏大学,再见了，所有的ICPC,任屹涵,秦强民,刘名俊,,,True,3,645,Honorable,-4,,,,,,+1(62),,-3,+14(272),,+(11),
303,180,上海海洋大学,WA也是A,周郁涵,吕天佑,王和平,,,True,3,649,Honorable,+(131),,,,,,,,,+6(291),,+2(67),
304,181,江西理工大学,精英小分队,虞诗敏,王陆毅,曾欣媛,,,True,2,217,Honorable,+1(119),,,-1,,,-4,,,-9,,+2(38),
305,,西南财经大学,贴上SWUFE，大显神威,肖旭仁,刘勇杰,刘俊宏,,,True,2,555,Honorable,,,,,,,+1(197),,,-6,,+5(238),
306,182,电子科技大学成都学院,平安喜乐丶,吴泽东,何如玉,吕文凯,,,True,2,642,Honorable,,,,,,,+6(231),,,,,+2(251),
307,183,南阳师范学院,因为太菜就把暴力循环点满了,王文磊,林磊,张成林,,,True,1,81,Honorable,-15,,,,,,-3,,,-4,,+2(41),
308,,,,,,,,,True,0,0,,,,,,,,,,,,,,
