学校,ICPConline1,ICPConline2,CCPC网络赛,ICPC西安,CCPC高职赛,CCPC女生赛,ICPC成都,ICPC武汉,CCPC哈尔滨,ICPC南京,CCPC济南,ICPC沈阳,CCPC郑州,ICPC上海,CCPC重庆,ICPC香港,ICPC ECFinal,CCPC总决赛,Δ
北京大学,1684.0,1890.0,2052.0,2118.0,2118.0,2121.0,2177.0,2299.0,2404.0,2440.0,2532.0,2608.0,2681.0,2746.0,2812.0,2868,2777,2844,67.0
清华大学,1617.0,1808.0,1955.0,2068.0,2068.0,2097.0,2225.0,2291.0,2278.0,2395.0,2366.0,2366.0,2431.0,2431.0,2333.0,2250,2427,2507,80.0
浙江大学,1650.0,1771.0,1908.0,1954.0,1954.0,1954.0,1999.0,2051.0,2091.0,2075.0,2141.0,2252.0,2252.0,2300.0,2364.0,2364,2383,2441,58.0
复旦大学,1631.0,1799.0,1799.0,1869.0,1869.0,1869.0,1977.0,2027.0,1995.0,2111.0,2182.0,2162.0,2203.0,2311.0,2311.0,2397,2424,2380,-44.0
中山大学,1578.0,1737.0,1870.0,1969.0,1969.0,1976.0,1993.0,2095.0,2072.0,2082.0,2082.0,2037.0,2123.0,2190.0,2261.0,2192,2232,2308,76.0
上海交通大学,1524.0,1662.0,1750.0,1957.0,1957.0,1957.0,2079.0,2096.0,2145.0,2123.0,2126.0,2154.0,2170.0,2258.0,2187.0,2270,2383,2280,-103.0
哈尔滨工业大学,1598.0,1728.0,1809.0,1809.0,1809.0,1949.0,1902.0,2012.0,2012.0,1984.0,2108.0,2170.0,2153.0,2003.0,2038.0,2139,2175,2249,74.0
杭州电子科技大学,1573.0,1631.0,1783.0,1895.0,1895.0,1937.0,1881.0,1913.0,2025.0,1985.0,1941.0,1917.0,1903.0,1906.0,2103.0,2104,2064,2122,58.0
中国科学技术大学,1564.0,1681.0,1795.0,1894.0,1894.0,1794.0,1901.0,1915.0,1983.0,2071.0,1992.0,2074.0,2165.0,2164.0,2138.0,2138,2182,2120,-62.0
武汉大学,1538.0,1667.0,1730.0,1745.0,1745.0,1752.0,1841.0,1841.0,1795.0,1915.0,1930.0,2072.0,2024.0,2066.0,2069.0,1991,2007,2112,105.0
电子科技大学,1607.0,1607.0,1685.0,1707.0,1707.0,1707.0,1707.0,1820.0,1820.0,1924.0,2090.0,2081.0,2005.0,2041.0,2010.0,1988,2057,2094,37.0
东北大学,1528.0,1694.0,1741.0,1700.0,1700.0,1689.0,1818.0,1875.0,1798.0,1797.0,1717.0,1717.0,1933.0,1913.0,2029.0,2029,2073,2083,10.0
南京大学,1560.0,1735.0,1806.0,1855.0,1855.0,1855.0,1891.0,1914.0,1916.0,1931.0,1969.0,2026.0,2069.0,2129.0,2028.0,2031,2045,2073,28.0
香港中文大学,,1533.0,1533.0,1533.0,1533.0,1533.0,1670.0,1825.0,1825.0,1736.0,1736.0,1866.0,1866.0,1966.0,1966.0,1937,2057,2057,
中国人民大学,1520.0,1617.0,1712.0,1745.0,1745.0,1745.0,1787.0,1871.0,1784.0,1862.0,1902.0,1971.0,2016.0,1887.0,1863.0,1891,1952,2050,98.0
北京交通大学,1506.0,1564.0,1728.0,1745.0,1745.0,1745.0,1707.0,1740.0,1947.0,1874.0,1974.0,1992.0,2059.0,1940.0,1940.0,1940,1888,2015,127.0
北京航空航天大学,1535.0,1644.0,1734.0,1786.0,1786.0,1786.0,1871.0,1865.0,2009.0,1961.0,1933.0,1958.0,2013.0,2028.0,1958.0,1992,1972,2014,42.0
西安交通大学,1552.0,1628.0,1683.0,1679.0,1679.0,1679.0,1724.0,1789.0,1861.0,1868.0,1833.0,1986.0,1944.0,1963.0,1927.0,1990,2010,2010,0.0
北京理工大学,1493.0,1589.0,1657.0,1781.0,1781.0,1725.0,1750.0,1750.0,1717.0,1790.0,1790.0,1815.0,1765.0,1829.0,1982.0,1982,2022,2002,-20.0
香港科技大学广州,1584.0,1649.0,1673.0,1645.0,1645.0,1576.0,1548.0,1599.0,1741.0,1854.0,1892.0,1899.0,1935.0,1935.0,2015.0,2046,1978,1995,17.0
香港中文大学（深圳）,1568.0,1636.0,1694.0,1619.0,1619.0,1858.0,1858.0,1833.0,1748.0,1828.0,1890.0,1828.0,1718.0,1649.0,1623.0,1836,1923,1968,45.0
四川大学,1515.0,1643.0,1719.0,1807.0,1807.0,1804.0,1811.0,1858.0,1861.0,1933.0,2007.0,1955.0,1946.0,1899.0,1826.0,1763,1856,1957,101.0
吉林大学,1540.0,1677.0,1787.0,1806.0,1806.0,1864.0,1804.0,1929.0,1856.0,1819.0,1863.0,1842.0,1961.0,1957.0,1936.0,2014,2069,1942,-127.0
华中科技大学,1503.0,1585.0,1674.0,1754.0,1754.0,1690.0,1769.0,1844.0,1848.0,1892.0,1951.0,1953.0,1997.0,2013.0,1976.0,1834,1851,1939,88.0
同济大学,1486.0,1614.0,1704.0,1667.0,1667.0,1825.0,1774.0,1852.0,1867.0,1844.0,1798.0,1926.0,1900.0,1862.0,1972.0,1955,1896,1931,35.0
南方科技大学,1590.0,1673.0,1774.0,1795.0,1795.0,1795.0,1856.0,1732.0,1746.0,1746.0,1860.0,1811.0,1803.0,1868.0,1911.0,1987,1993,1910,-83.0
西北工业大学,1533.0,1624.0,1641.0,1588.0,1588.0,1588.0,1683.0,1725.0,1666.0,1758.0,1704.0,1819.0,1783.0,1900.0,1957.0,1858,1823,1892,69.0
山东大学,1501.0,1558.0,1624.0,1634.0,1634.0,1681.0,1786.0,1822.0,1866.0,1859.0,1859.0,1934.0,1874.0,1931.0,1991.0,1838,1892,1884,-8.0
东南大学,1522.0,1613.0,1754.0,1856.0,1856.0,1838.0,1749.0,1779.0,1762.0,1691.0,1686.0,1724.0,1823.0,1764.0,1788.0,1864,1907,1875,-32.0
北京邮电大学,1502.0,1587.0,1637.0,1724.0,1724.0,1724.0,1736.0,1718.0,1836.0,1869.0,1954.0,1933.0,1917.0,1972.0,1891.0,1903,1907,1862,-45.0
广东工业大学,1543.0,1684.0,1773.0,1741.0,1741.0,1736.0,1870.0,1849.0,1759.0,1900.0,1901.0,1794.0,1784.0,1790.0,1931.0,1809,1909,1852,-57.0
湘潭大学,1492.0,1568.0,1559.0,1504.0,1504.0,1504.0,1474.0,1522.0,1612.0,1645.0,1686.0,1763.0,1722.0,1828.0,1776.0,1803,1803,1852,49.0
浙江工业大学,1546.0,1644.0,1684.0,1773.0,1773.0,1773.0,1699.0,1712.0,1712.0,1841.0,1847.0,1728.0,1793.0,1719.0,1785.0,1785,1830,1847,17.0
北京师范大学,1443.0,1567.0,1663.0,1652.0,1652.0,1658.0,1577.0,1528.0,1461.0,1649.0,1732.0,1674.0,1640.0,1837.0,1822.0,1822,1837,1840,3.0
香港大学,1352.0,1533.0,1533.0,1533.0,1533.0,1533.0,1533.0,1533.0,1533.0,1579.0,1579.0,1579.0,1579.0,1581.0,1581.0,1781,1836,1836,
厦门大学,1511.0,1603.0,1650.0,1699.0,1699.0,1628.0,1702.0,1709.0,1736.0,1791.0,1725.0,1700.0,1802.0,1698.0,1808.0,1808,1798,1827,29.0
福州大学,1510.0,1633.0,1644.0,1587.0,1587.0,1629.0,1671.0,1742.0,1747.0,1917.0,1950.0,1914.0,1790.0,1821.0,1873.0,1846,1857,1817,-40.0
重庆邮电大学,1494.0,1554.0,1583.0,1638.0,1638.0,1598.0,1503.0,1558.0,1634.0,1713.0,1663.0,1605.0,1605.0,1639.0,1792.0,1671,1691,1795,104.0
济南大学,1518.0,1464.0,1518.0,1630.0,1630.0,1630.0,1630.0,1691.0,1691.0,1691.0,1784.0,1676.0,1752.0,1723.0,1723.0,1723,1753,1788,35.0
南开大学,1499.0,1577.0,1625.0,1712.0,1712.0,1683.0,1708.0,1733.0,1718.0,1781.0,1774.0,1810.0,1815.0,1809.0,1774.0,1842,1790,1771,-19.0
南京理工大学,1479.0,1604.0,1609.0,1587.0,1587.0,1587.0,1624.0,1669.0,1639.0,1641.0,1723.0,1723.0,1641.0,1731.0,1804.0,1804,1837,1770,-67.0
浙江师范大学,1482.0,1543.0,1636.0,1590.0,1590.0,1691.0,1719.0,1745.0,1738.0,1723.0,1718.0,1681.0,1753.0,1762.0,1809.0,1694,1669,1762,93.0
南京航空航天大学,1516.0,1619.0,1654.0,1680.0,1680.0,1680.0,1751.0,1654.0,1610.0,1610.0,1643.0,1539.0,1669.0,1712.0,1668.0,1748,1735,1749,14.0
武汉理工大学,1448.0,1532.0,1630.0,1652.0,1652.0,1652.0,1613.0,1683.0,1672.0,1585.0,1691.0,1603.0,1614.0,1675.0,1683.0,1637,1664,1747,83.0
浙江理工大学,1485.0,1571.0,1604.0,1722.0,1722.0,1673.0,1614.0,1607.0,1629.0,1646.0,1591.0,1706.0,1713.0,1779.0,1896.0,1834,1836,1744,-92.0
哈尔滨工业大学（深圳）,1549.0,1610.0,1704.0,1778.0,1778.0,1778.0,1827.0,1812.0,1883.0,1864.0,1880.0,1844.0,1880.0,1825.0,1821.0,1810,1826,1742,-84.0
湖南大学,1530.0,1554.0,1624.0,1567.0,1567.0,1560.0,1577.0,1661.0,1564.0,1506.0,1519.0,1501.0,1492.0,1605.0,1642.0,1642,1732,1742,10.0
华东师范大学,1475.0,1546.0,1586.0,1623.0,1623.0,1698.0,1745.0,1785.0,1832.0,1782.0,1735.0,1827.0,1846.0,1809.0,1831.0,1831,1780,1740,-40.0
华南理工大学,1487.0,1563.0,1609.0,1689.0,1689.0,1689.0,1701.0,1695.0,1760.0,1771.0,1750.0,1812.0,1822.0,1828.0,1811.0,1783,1785,1738,-47.0
北京建筑大学,1526.0,1439.0,1530.0,1530.0,1530.0,1530.0,1530.0,1430.0,1520.0,1520.0,1520.0,1534.0,1534.0,1629.0,1699.0,1699,1671,1709,38.0
湖南师范大学,1468.0,1533.0,1645.0,1712.0,1712.0,1712.0,1712.0,1680.0,1774.0,1656.0,1633.0,1607.0,1530.0,1673.0,1694.0,1694,1661,1708,47.0
杭州师范大学,1399.0,1492.0,1540.0,1600.0,1600.0,1673.0,1649.0,1673.0,1673.0,1618.0,1671.0,1593.0,1507.0,1543.0,1669.0,1669,1698,1707,9.0
哈尔滨工业大学（威海）,1498.0,1614.0,1737.0,1691.0,1691.0,1691.0,1762.0,1766.0,1669.0,1735.0,1724.0,1605.0,1718.0,1672.0,1706.0,1593,1702,1687,-15.0
香港科技大学,,1494.0,1494.0,1494.0,1494.0,1494.0,1494.0,1494.0,1494.0,1603.0,1603.0,1536.0,1536.0,1627.0,1627.0,1623,1686,1686,
南京邮电大学,1471.0,1539.0,1595.0,1652.0,1652.0,1583.0,1654.0,1619.0,1605.0,1607.0,1648.0,1634.0,1653.0,1593.0,1514.0,1614,1665,1685,20.0
上海纽约大学,1489.0,1567.0,1632.0,1700.0,1700.0,1700.0,1640.0,1605.0,1728.0,1602.0,1495.0,1440.0,1440.0,1686.0,1686.0,1590,1620,1682,62.0
西湖大学,1508.0,1593.0,1644.0,1706.0,1706.0,1682.0,1737.0,1830.0,1799.0,1820.0,1894.0,1889.0,1932.0,1848.0,1724.0,1724,1800,1682,-118.0
兰州大学,1462.0,1519.0,1563.0,1534.0,1534.0,1456.0,1484.0,1530.0,1530.0,1557.0,1557.0,1708.0,1729.0,1620.0,1676.0,1676,1714,1677,-37.0
河南大学,1505.0,1537.0,1527.0,1501.0,1501.0,1501.0,1503.0,1534.0,1661.0,1674.0,1640.0,1722.0,1722.0,1625.0,1625.0,1625,1596,1675,79.0
重庆大学,1490.0,1558.0,1598.0,1622.0,1622.0,1608.0,1517.0,1522.0,1552.0,1560.0,1550.0,1581.0,1706.0,1615.0,1615.0,1615,1634,1669,35.0
西安电子科技大学,1497.0,1551.0,1625.0,1679.0,1679.0,1679.0,1709.0,1696.0,1704.0,1726.0,1646.0,1748.0,1791.0,1772.0,1760.0,1613,1651,1665,14.0
东北大学秦皇岛分校,1513.0,1593.0,1609.0,1603.0,1603.0,1533.0,1643.0,1726.0,1834.0,1740.0,1779.0,1731.0,1704.0,1756.0,1737.0,1675,1626,1660,34.0
中国传媒大学,1433.0,1518.0,1581.0,1538.0,1538.0,1560.0,1597.0,1652.0,1717.0,1651.0,1600.0,1641.0,1571.0,1686.0,1751.0,1751,1722,1649,-73.0
上海科技大学,1465.0,1546.0,1590.0,1661.0,1661.0,1662.0,1659.0,1651.0,1663.0,1593.0,1666.0,1661.0,1637.0,1606.0,1594.0,1557,1579,1648,69.0
上海理工大学,1480.0,1557.0,1640.0,1640.0,1640.0,1640.0,1673.0,1621.0,1611.0,1619.0,1619.0,1645.0,1645.0,1569.0,1571.0,1571,1643,1643,
中国科学院大学,1444.0,1509.0,1533.0,1490.0,1490.0,1398.0,1501.0,1563.0,1594.0,1617.0,1700.0,1712.0,1712.0,1595.0,1595.0,1595,1654,1642,-12.0
广州大学,1451.0,1509.0,1581.0,1646.0,1646.0,1646.0,1574.0,1574.0,1574.0,1580.0,1580.0,1531.0,1553.0,1484.0,1501.0,1559,1622,1622,
暨南大学,1458.0,1471.0,1493.0,1465.0,1465.0,1648.0,1647.0,1749.0,1749.0,1647.0,1575.0,1562.0,1666.0,1696.0,1677.0,1721,1665,1621,-44.0
华东理工大学,1488.0,1546.0,1579.0,1511.0,1511.0,1511.0,1503.0,1541.0,1486.0,1494.0,1439.0,1561.0,1561.0,1525.0,1577.0,1577,1490,1620,130.0
中南大学,1495.0,1545.0,1611.0,1511.0,1511.0,1511.0,1598.0,1630.0,1670.0,1690.0,1637.0,1669.0,1671.0,1602.0,1646.0,1646,1636,1609,-27.0
厦门理工学院,1440.0,1387.0,1340.0,1340.0,1340.0,1340.0,1485.0,1428.0,1520.0,1424.0,1417.0,1402.0,1373.0,1373.0,1373.0,1661,1579,1606,27.0
华南师范大学,1462.0,1523.0,1546.0,1561.0,1561.0,1666.0,1611.0,1631.0,1631.0,1654.0,1641.0,1674.0,1662.0,1699.0,1666.0,1587,1604,1604,
绍兴理工学院,1464.0,1554.0,1634.0,1634.0,1634.0,1634.0,1634.0,1579.0,1579.0,1579.0,1579.0,1572.0,1627.0,1627.0,1627.0,1627,1602,1602,
浙江农林大学,1466.0,1496.0,1526.0,1485.0,1485.0,1468.0,1540.0,1509.0,1509.0,1474.0,1474.0,1624.0,1579.0,1589.0,1642.0,1642,1601,1601,
杭州电子科技大学信息工程学院,1348.0,1467.0,1415.0,1415.0,1415.0,1415.0,1415.0,1346.0,1346.0,1526.0,1456.0,1456.0,1456.0,1544.0,1544.0,1544,1596,1596,
深圳大学,1477.0,1514.0,1557.0,1533.0,1533.0,1506.0,1505.0,1526.0,1473.0,1495.0,1490.0,1569.0,1555.0,1679.0,1600.0,1480,1592,1592,
河海大学,1424.0,1498.0,1587.0,1593.0,1593.0,1508.0,1468.0,1567.0,1556.0,1633.0,1700.0,1733.0,1715.0,1662.0,1728.0,1692,1655,1591,-64.0
大连理工大学,1475.0,1549.0,1595.0,1625.0,1625.0,1625.0,1648.0,1721.0,1724.0,1759.0,1722.0,1752.0,1739.0,1707.0,1741.0,1711,1677,1586,-91.0
宁波大学,1430.0,1493.0,1535.0,1551.0,1551.0,1551.0,1501.0,1548.0,1548.0,1564.0,1638.0,1631.0,1571.0,1495.0,1496.0,1496,1496,1586,90.0
国防科技大学,,1453.0,1488.0,1516.0,1516.0,1516.0,1555.0,1545.0,1545.0,1594.0,1552.0,1663.0,1711.0,1637.0,1600.0,1600,1550,1580,30.0
惠州学院,1401.0,1398.0,1468.0,1468.0,1468.0,1434.0,1434.0,1434.0,1440.0,1440.0,1504.0,1534.0,1534.0,1491.0,1491.0,1579,1579,1579,0.0
南京大学苏州校区,,,1458.0,1458.0,1458.0,1486.0,1486.0,1486.0,1486.0,1486.0,1545.0,1545.0,1618.0,1618.0,1618.0,1618,1618,1563,-55.0
重庆理工大学,,1478.0,1478.0,1478.0,1478.0,1478.0,1536.0,1536.0,1536.0,1491.0,1491.0,1491.0,1491.0,1491.0,1512.0,1512,1559,1559,
香港中文大學,1556.0,1556.0,1556.0,1556.0,1556.0,1556.0,1556.0,1556.0,1556.0,1556.0,1556.0,1556.0,1556.0,1556.0,1556.0,1556,1556,1556,
华中师范大学,1436.0,1498.0,1535.0,1511.0,1511.0,1536.0,1463.0,1518.0,1496.0,1516.0,1445.0,1506.0,1566.0,1482.0,1516.0,1517,1517,1554,37.0
天津大学,1435.0,1494.0,1551.0,1542.0,1542.0,1665.0,1619.0,1638.0,1618.0,1594.0,1589.0,1630.0,1656.0,1628.0,1587.0,1574,1599,1554,-45.0
北京城市学院,1447.0,1457.0,1446.0,1446.0,1446.0,1446.0,1415.0,1415.0,1412.0,1412.0,1412.0,1419.0,1419.0,1419.0,1575.0,1575,1575,1553,-22.0
哈尔滨工程大学,1470.0,1513.0,1534.0,1507.0,1507.0,1418.0,1395.0,1460.0,1515.0,1523.0,1490.0,1499.0,1559.0,1516.0,1472.0,1492,1492,1548,56.0
江南大学,1439.0,1483.0,1561.0,1494.0,1494.0,1494.0,1494.0,1421.0,1421.0,1515.0,1560.0,1479.0,1570.0,1515.0,1515.0,1514,1540,1548,8.0
东莞理工学院,1437.0,1448.0,1447.0,1357.0,1357.0,1357.0,1281.0,1222.0,1295.0,1246.0,1246.0,1460.0,1460.0,1460.0,1460.0,1533,1545,1545,
江苏大学,1476.0,1521.0,1521.0,1526.0,1526.0,1526.0,1470.0,1530.0,1530.0,1547.0,1624.0,1624.0,1547.0,1640.0,1640.0,1640,1617,1545,-72.0
西南交通大学,1396.0,1389.0,1385.0,1443.0,1443.0,1443.0,1463.0,1463.0,1463.0,1463.0,1463.0,1463.0,1463.0,1463.0,1463.0,1545,1545,1545,
北京化工大学,1461.0,1461.0,1465.0,1383.0,1383.0,1383.0,1335.0,1421.0,1421.0,1548.0,1573.0,1539.0,1595.0,1549.0,1549.0,1549,1505,1538,33.0
湖南城市学院,1454.0,1492.0,1535.0,1535.0,1535.0,1535.0,1535.0,1484.0,1484.0,1563.0,1563.0,1547.0,1543.0,1543.0,1538.0,1538,1538,1538,
武汉科技大学,1398.0,1460.0,1575.0,1589.0,1589.0,1589.0,1489.0,1566.0,1566.0,1544.0,1450.0,1566.0,1467.0,1568.0,1511.0,1511,1535,1535,
温州大学,1372.0,1464.0,1437.0,1384.0,1384.0,1384.0,1384.0,1541.0,1502.0,1402.0,1550.0,1479.0,1479.0,1538.0,1538.0,1538,1504,1530,26.0
蒙古国立大学,,,,,,,,1405.0,1405.0,1426.0,1426.0,1426.0,1426.0,1405.0,1405.0,1528,1528,1528,
中国石油大学（华东）,1481.0,1493.0,1493.0,1527.0,1527.0,1527.0,1575.0,1505.0,1505.0,1513.0,1513.0,1530.0,1530.0,1582.0,1582.0,1582,1525,1525,
浙江工商大学,1432.0,1471.0,1506.0,1504.0,1504.0,1411.0,1484.0,1495.0,1627.0,1610.0,1605.0,1611.0,1543.0,1530.0,1472.0,1529,1529,1525,-4.0
上海大学,1484.0,1518.0,1558.0,1521.0,1521.0,1470.0,1472.0,1538.0,1567.0,1626.0,1649.0,1664.0,1725.0,1725.0,1709.0,1582,1577,1521,-56.0
长沙理工大学,1478.0,1502.0,1552.0,1457.0,1457.0,1457.0,1575.0,1503.0,1503.0,1505.0,1502.0,1504.0,1435.0,1578.0,1571.0,1571,1521,1521,
北京工业大学,1419.0,1490.0,1499.0,1578.0,1578.0,1578.0,1474.0,1445.0,1513.0,1450.0,1450.0,1553.0,1579.0,1592.0,1592.0,1505,1552,1519,-33.0
南京信息工程大学,1449.0,1500.0,1559.0,1598.0,1598.0,1598.0,1600.0,1679.0,1712.0,1705.0,1708.0,1655.0,1593.0,1558.0,1592.0,1592,1606,1514,-92.0
山东大学（威海）,1446.0,1482.0,1538.0,1513.0,1513.0,1513.0,1557.0,1599.0,1677.0,1593.0,1640.0,1650.0,1650.0,1572.0,1572.0,1662,1584,1511,-73.0
湖南科技大学,1456.0,1491.0,1556.0,1523.0,1523.0,1523.0,1499.0,1437.0,1462.0,1516.0,1471.0,1482.0,1508.0,1553.0,1591.0,1591,1591,1510,-81.0
深圳职业技术大学,1367.0,1369.0,1380.0,1380.0,1457.0,1457.0,1457.0,1457.0,1457.0,1457.0,1457.0,1488.0,1514.0,1514.0,1514.0,1514,1514,1509,-5.0
西南科技大学,1415.0,1430.0,1488.0,1424.0,1424.0,1505.0,1480.0,1392.0,1392.0,1392.0,1392.0,1423.0,1429.0,1366.0,1380.0,1507,1507,1507,
华南农业大学,1472.0,1497.0,1500.0,1474.0,1474.0,1472.0,1438.0,1429.0,1458.0,1507.0,1465.0,1459.0,1459.0,1544.0,1544.0,1501,1503,1503,
北京科技大学,1450.0,1503.0,1504.0,1564.0,1564.0,1564.0,1564.0,1573.0,1573.0,1475.0,1475.0,1515.0,1515.0,1433.0,1433.0,1433,1499,1499,
中国矿业大学（北京）,1420.0,1415.0,1475.0,1475.0,1475.0,1475.0,1475.0,1440.0,1456.0,1456.0,1503.0,1554.0,1503.0,1498.0,1498.0,1498,1498,1498,
北京林业大学,1412.0,1464.0,1514.0,1449.0,1449.0,1585.0,1561.0,1517.0,1542.0,1486.0,1508.0,1565.0,1565.0,1591.0,1591.0,1591,1492,1492,
南京农业大学,1425.0,1454.0,1425.0,1460.0,1460.0,1460.0,1460.0,1509.0,1509.0,1507.0,1507.0,1452.0,1452.0,1492.0,1492.0,1492,1492,1492,
河北工程大学,1412.0,1403.0,1392.0,1312.0,1312.0,1312.0,1376.0,1376.0,1376.0,1376.0,1376.0,1496.0,1496.0,1496.0,1496.0,1496,1492,1492,
成都信息工程大学,1459.0,1498.0,1530.0,1572.0,1572.0,1610.0,1628.0,1629.0,1689.0,1602.0,1617.0,1552.0,1545.0,1440.0,1420.0,1509,1475,1491,16.0
澳门大学,1409.0,1477.0,1477.0,1477.0,1477.0,1477.0,1477.0,1494.0,1494.0,1494.0,1494.0,1494.0,1494.0,1494.0,1494.0,1485,1485,1485,
成都大学,1383.0,1415.0,1433.0,1433.0,1433.0,1433.0,1465.0,1445.0,1445.0,1445.0,1445.0,1362.0,1431.0,1431.0,1439.0,1484,1484,1484,
上海财经大学,1403.0,1427.0,1443.0,1443.0,1443.0,1443.0,1443.0,1473.0,1436.0,1436.0,1436.0,1403.0,1403.0,1403.0,1471.0,1471,1471,1471,
东北师范大学,1442.0,1503.0,1500.0,1508.0,1508.0,1508.0,1495.0,1430.0,1497.0,1403.0,1403.0,1515.0,1515.0,1542.0,1542.0,1542,1519,1471,-48.0
电子科技大学中山学院,1431.0,1427.0,1439.0,1498.0,1498.0,1498.0,1477.0,1477.0,1477.0,1477.0,1477.0,1459.0,1459.0,1496.0,1470.0,1470,1470,1470,
西南财经大学,1428.0,1482.0,1500.0,1472.0,1472.0,1552.0,1527.0,1574.0,1574.0,1530.0,1547.0,1473.0,1473.0,1375.0,1380.0,1463,1470,1470,
北京信息科技大学,1413.0,1467.0,1499.0,1574.0,1574.0,1574.0,1574.0,1525.0,1594.0,1594.0,1581.0,1581.0,1581.0,1581.0,1581.0,1581,1520,1469,-51.0
中国石油大学（北京）,1463.0,1463.0,1463.0,1463.0,1463.0,1463.0,1463.0,1463.0,1463.0,1463.0,1463.0,1463.0,1463.0,1463.0,1463.0,1463,1463,1463,
中央财经大学,1423.0,1433.0,1433.0,1433.0,1433.0,1433.0,1433.0,1421.0,1421.0,1421.0,1421.0,1421.0,1421.0,1462.0,1462.0,1462,1462,1462,
宁波财经学院,1328.0,1405.0,1429.0,1429.0,1429.0,1429.0,1429.0,1429.0,1429.0,1406.0,1376.0,1376.0,1376.0,1505.0,1505.0,1505,1461,1461,
山东理工大学,1430.0,1455.0,1490.0,1547.0,1547.0,1456.0,1502.0,1444.0,1458.0,1494.0,1502.0,1549.0,1456.0,1476.0,1459.0,1448,1461,1461,
西安欧亚学院,1406.0,1393.0,1399.0,1401.0,1401.0,1401.0,1401.0,1401.0,1401.0,1401.0,1401.0,1457.0,1457.0,1457.0,1461.0,1461,1461,1461,
井冈山大学,1364.0,1371.0,1349.0,1317.0,1317.0,1317.0,1317.0,1317.0,1317.0,1317.0,1317.0,1317.0,1317.0,1317.0,1317.0,1459,1459,1459,
东北林业大学,1407.0,1433.0,1433.0,1433.0,1433.0,1433.0,1433.0,1400.0,1410.0,1344.0,1344.0,1458.0,1458.0,1458.0,1458.0,1458,1458,1458,
安徽大学,1421.0,1428.0,1459.0,1459.0,1459.0,1459.0,1434.0,1406.0,1406.0,1513.0,1513.0,1559.0,1542.0,1524.0,1524.0,1524,1458,1458,
广西大学,1417.0,1414.0,1455.0,1483.0,1483.0,1483.0,1425.0,1441.0,1415.0,1486.0,1454.0,1522.0,1511.0,1511.0,1493.0,1520,1458,1458,
长沙学院,1411.0,1369.0,1387.0,1459.0,1459.0,1459.0,1459.0,1459.0,1459.0,1459.0,1459.0,1443.0,1443.0,1443.0,1455.0,1455,1455,1455,
集美大学,1402.0,1468.0,1479.0,1388.0,1388.0,1388.0,1341.0,1472.0,1472.0,1465.0,1574.0,1550.0,1516.0,1560.0,1590.0,1590,1504,1454,-50.0
青岛大学,1418.0,1419.0,1403.0,1403.0,1403.0,1403.0,1361.0,1295.0,1295.0,1340.0,1421.0,1418.0,1418.0,1454.0,1454.0,1454,1454,1454,
中国地质大学（北京）,1473.0,1448.0,1410.0,1421.0,1421.0,1421.0,1409.0,1409.0,1409.0,1511.0,1511.0,1537.0,1537.0,1537.0,1537.0,1516,1453,1453,
浙大宁波理工学院,1433.0,1433.0,1468.0,1480.0,1480.0,1480.0,1497.0,1516.0,1488.0,1513.0,1452.0,1429.0,1486.0,1502.0,1453.0,1453,1453,1453,
湖南农业大学,1408.0,1413.0,1442.0,1416.0,1416.0,1421.0,1421.0,1421.0,1421.0,1421.0,1421.0,1467.0,1467.0,1467.0,1453.0,1453,1453,1453,
重庆移通学院,1376.0,1378.0,1323.0,1323.0,1323.0,1323.0,1406.0,1406.0,1406.0,1406.0,1412.0,1412.0,1412.0,1412.0,1412.0,1452,1452,1452,
南通理工学院,,1449.0,1449.0,1449.0,1449.0,1449.0,1449.0,1449.0,1449.0,1449.0,1449.0,1449.0,1449.0,1449.0,1449.0,1449,1449,1449,
河北师范大学,1445.0,1482.0,1518.0,1557.0,1557.0,1486.0,1429.0,1390.0,1510.0,1422.0,1422.0,1455.0,1365.0,1408.0,1457.0,1457,1457,1449,-8.0
南通大学,1383.0,1369.0,1332.0,1372.0,1372.0,1372.0,1372.0,1429.0,1429.0,1470.0,1470.0,1470.0,1470.0,1446.0,1446.0,1446,1446,1446,
广东外语外贸大学,1428.0,1476.0,1445.0,1417.0,1417.0,1384.0,1312.0,1337.0,1337.0,1380.0,1380.0,1371.0,1371.0,1371.0,1446.0,1446,1446,1446,
河南农业大学,1402.0,1423.0,1436.0,1395.0,1395.0,1426.0,1503.0,1405.0,1459.0,1443.0,1443.0,1446.0,1486.0,1486.0,1486.0,1486,1444,1444,
浙大城市学院,1453.0,1497.0,1562.0,1552.0,1552.0,1627.0,1620.0,1534.0,1485.0,1554.0,1617.0,1499.0,1492.0,1452.0,1491.0,1491,1498,1444,-54.0
浙江机电职业技术大学,1425.0,1460.0,1460.0,1469.0,1483.0,1483.0,1483.0,1419.0,1407.0,1407.0,1471.0,1471.0,1471.0,1443.0,1443.0,1443,1443,1443,
中国民航大学,1411.0,1446.0,1445.0,1387.0,1387.0,1462.0,1581.0,1572.0,1580.0,1559.0,1501.0,1452.0,1452.0,1512.0,1512.0,1512,1442,1442,
西安科技大学,,1369.0,1414.0,1389.0,1389.0,1389.0,1389.0,1403.0,1394.0,1394.0,1394.0,1394.0,1439.0,1439.0,1439.0,1439,1439,1439,
南昌大学,1396.0,1420.0,1423.0,1423.0,1423.0,1423.0,1403.0,1448.0,1448.0,1448.0,1448.0,1501.0,1501.0,1485.0,1434.0,1434,1434,1434,
深圳技术大学,1438.0,1494.0,1516.0,1561.0,1561.0,1578.0,1533.0,1458.0,1493.0,1413.0,1376.0,1327.0,1327.0,1440.0,1522.0,1476,1464,1433,-31.0
中国矿业大学,1455.0,1466.0,1499.0,1441.0,1441.0,1441.0,1389.0,1411.0,1430.0,1412.0,1366.0,1446.0,1480.0,1432.0,1432.0,1432,1432,1432,
重庆工程学院,1460.0,1401.0,1492.0,1492.0,1492.0,1492.0,1502.0,1403.0,1403.0,1529.0,1496.0,1391.0,1391.0,1298.0,1464.0,1464,1432,1432,
华北电力大学保定,1436.0,1463.0,1482.0,1482.0,1482.0,1482.0,1496.0,1491.0,1491.0,1502.0,1542.0,1460.0,1469.0,1469.0,1391.0,1391,1391,1424,33.0
赣东学院,,1400.0,1444.0,1444.0,1444.0,1444.0,1444.0,1444.0,1444.0,1444.0,1444.0,1444.0,1393.0,1393.0,1424.0,1424,1424,1424,
长春理工大学,1444.0,1475.0,1511.0,1577.0,1577.0,1486.0,1403.0,1406.0,1453.0,1394.0,1412.0,1387.0,1404.0,1490.0,1419.0,1419,1423,1423,
浙江财经大学,1404.0,1443.0,1457.0,1455.0,1455.0,1396.0,1321.0,1403.0,1403.0,1360.0,1342.0,1261.0,1261.0,1419.0,1419.0,1419,1419,1419,
天津理工大学,1375.0,1395.0,1437.0,1437.0,1437.0,1437.0,1437.0,1437.0,1418.0,1418.0,1418.0,1416.0,1416.0,1416.0,1416.0,1416,1416,1416,
新疆大学,1386.0,1419.0,1447.0,1378.0,1378.0,1378.0,1336.0,1397.0,1406.0,1467.0,1467.0,1468.0,1468.0,1544.0,1462.0,1462,1416,1416,
厦门大学嘉庚学院,1401.0,1387.0,1381.0,1381.0,1381.0,1381.0,1381.0,1381.0,1381.0,1381.0,1381.0,1314.0,1314.0,1313.0,1313.0,1415,1415,1415,
天津工业大学,1407.0,1396.0,1425.0,1367.0,1367.0,1367.0,1396.0,1433.0,1454.0,1480.0,1480.0,1456.0,1456.0,1456.0,1456.0,1415,1415,1415,
武汉纺织大学,1455.0,1490.0,1585.0,1558.0,1558.0,1558.0,1471.0,1494.0,1494.0,1524.0,1515.0,1413.0,1425.0,1385.0,1415.0,1415,1415,1415,
苏州大学,1453.0,1484.0,1496.0,1540.0,1540.0,1453.0,1428.0,1409.0,1471.0,1425.0,1393.0,1517.0,1513.0,1509.0,1516.0,1516,1482,1413,-69.0
华东政法大学,,1412.0,1412.0,1412.0,1412.0,1412.0,1412.0,1412.0,1412.0,1412.0,1412.0,1412.0,1412.0,1412.0,1412.0,1412,1412,1412,
北方工业大学,1424.0,1421.0,1421.0,1421.0,1421.0,1409.0,1409.0,1377.0,1377.0,1329.0,1329.0,1440.0,1440.0,1471.0,1471.0,1471,1411,1411,
台州学院,1474.0,1494.0,1559.0,1563.0,1563.0,1482.0,1441.0,1401.0,1401.0,1322.0,1322.0,1405.0,1506.0,1449.0,1491.0,1491,1482,1410,-72.0
黑龙江大学,1410.0,1404.0,1369.0,1369.0,1369.0,1369.0,1290.0,1290.0,1326.0,1364.0,1364.0,1430.0,1430.0,1430.0,1430.0,1410,1410,1410,
中国计量大学,1441.0,1457.0,1512.0,1436.0,1436.0,1436.0,1416.0,1536.0,1514.0,1489.0,1489.0,1486.0,1543.0,1486.0,1486.0,1486,1498,1406,-92.0
大连理工大学盘锦校区,1390.0,1428.0,1436.0,1436.0,1436.0,1436.0,1436.0,1470.0,1450.0,1380.0,1380.0,1367.0,1367.0,1406.0,1406.0,1406,1406,1406,
山东科技大学,1469.0,1531.0,1557.0,1588.0,1588.0,1635.0,1530.0,1490.0,1565.0,1490.0,1471.0,1492.0,1469.0,1446.0,1464.0,1381,1381,1406,25.0
广西师范大学,1379.0,1378.0,1379.0,1406.0,1406.0,1440.0,1440.0,1440.0,1440.0,1440.0,1440.0,1412.0,1398.0,1417.0,1406.0,1406,1406,1406,
金华职业技术大学,,,,,1547.0,1547.0,1547.0,1547.0,1547.0,1547.0,1462.0,1462.0,1462.0,1462.0,1462.0,1462,1462,1405,-57.0
西南民族大学,1442.0,1449.0,1502.0,1493.0,1493.0,1595.0,1490.0,1521.0,1478.0,1428.0,1428.0,1375.0,1375.0,1339.0,1390.0,1390,1404,1404,
南京工程学院,1420.0,1432.0,1406.0,1406.0,1406.0,1406.0,1406.0,1346.0,1346.0,1346.0,1346.0,1448.0,1448.0,1448.0,1448.0,1448,1400,1400,
中央民族大学,1321.0,1266.0,1378.0,1378.0,1378.0,1378.0,1378.0,1378.0,1297.0,1297.0,1297.0,1297.0,1297.0,1297.0,1399.0,1399,1399,1399,
香港城市大学,1350.0,1386.0,1386.0,1386.0,1386.0,1386.0,1386.0,1296.0,1296.0,1218.0,1218.0,1218.0,1218.0,1332.0,1332.0,1376,1379,1398,19.0
昆山杜克大学,1345.0,1386.0,1386.0,1386.0,1386.0,1386.0,1430.0,1353.0,1353.0,1398.0,1398.0,1355.0,1355.0,1355.0,1355.0,1397,1397,1397,
湖南工业大学,1370.0,1345.0,1370.0,1370.0,1370.0,1370.0,1370.0,1407.0,1407.0,1407.0,1407.0,1407.0,1407.0,1407.0,1397.0,1397,1397,1397,
衡阳师范学院,1365.0,1377.0,1430.0,1430.0,1430.0,1430.0,1430.0,1430.0,1430.0,1430.0,1430.0,1430.0,1451.0,1451.0,1397.0,1397,1397,1397,
阜阳师范大学,1382.0,1386.0,1478.0,1402.0,1402.0,1402.0,1402.0,1367.0,1367.0,1367.0,1312.0,1312.0,1410.0,1410.0,1396.0,1396,1396,1396,
合肥工业大学,1388.0,1416.0,1414.0,1355.0,1355.0,1355.0,1416.0,1385.0,1355.0,1310.0,1381.0,1381.0,1432.0,1480.0,1395.0,1395,1395,1395,
长安大学,1394.0,1432.0,1469.0,1505.0,1505.0,1524.0,1518.0,1519.0,1452.0,1465.0,1465.0,1486.0,1480.0,1377.0,1395.0,1395,1395,1395,
哈尔滨理工大学,1384.0,1403.0,1417.0,1347.0,1347.0,1347.0,1347.0,1347.0,1349.0,1349.0,1349.0,1392.0,1392.0,1399.0,1393.0,1393,1393,1393,
辽宁大学,1379.0,1370.0,1394.0,1355.0,1355.0,1501.0,1501.0,1501.0,1465.0,1465.0,1465.0,1437.0,1414.0,1393.0,1393.0,1393,1393,1393,
深圳北理莫斯科大学,,,1392.0,1392.0,1392.0,1392.0,1392.0,1392.0,1392.0,1392.0,1392.0,1392.0,1392.0,1392.0,1392.0,1392,1392,1392,
安徽理工大学,,1393.0,1434.0,1434.0,1434.0,1434.0,1434.0,1434.0,1431.0,1431.0,1431.0,1431.0,1391.0,1391.0,1391.0,1391,1391,1391,
成都锦城学院,1391.0,1373.0,1419.0,1386.0,1386.0,1386.0,1386.0,1386.0,1351.0,1351.0,1380.0,1380.0,1380.0,1380.0,1286.0,1388,1388,1388,
贵州大学,1422.0,1391.0,1390.0,1390.0,1390.0,1417.0,1382.0,1318.0,1318.0,1368.0,1342.0,1335.0,1335.0,1388.0,1388.0,1388,1388,1388,
广东技术师范大学,1386.0,1401.0,1367.0,1367.0,1367.0,1367.0,1367.0,1367.0,1367.0,1367.0,1367.0,1298.0,1298.0,1402.0,1402.0,1387,1387,1387,
山东管理学院,1387.0,1338.0,1362.0,1362.0,1362.0,1362.0,1362.0,1362.0,1362.0,1362.0,1386.0,1386.0,1386.0,1386.0,1386.0,1386,1386,1386,
湖南理工学院,1426.0,1416.0,1473.0,1418.0,1418.0,1421.0,1449.0,1362.0,1362.0,1289.0,1289.0,1269.0,1353.0,1269.0,1385.0,1385,1385,1385,
西北大学,1457.0,1505.0,1514.0,1520.0,1520.0,1472.0,1552.0,1521.0,1517.0,1449.0,1382.0,1533.0,1428.0,1466.0,1376.0,1376,1385,1385,
西安邮电大学,1382.0,1416.0,1391.0,1312.0,1312.0,1371.0,1376.0,1406.0,1406.0,1406.0,1406.0,1437.0,1437.0,1365.0,1365.0,1384,1384,1384,
香港理工大学,1429.0,1412.0,1412.0,1412.0,1412.0,1412.0,1461.0,1480.0,1480.0,1415.0,1415.0,1415.0,1415.0,1342.0,1342.0,1408,1378,1378,
西南大学,1404.0,1442.0,1492.0,1492.0,1492.0,1429.0,1413.0,1469.0,1482.0,1388.0,1388.0,1464.0,1411.0,1452.0,1446.0,1376,1376,1376,
华东交通大学,1397.0,1359.0,1284.0,1375.0,1375.0,1375.0,1375.0,1375.0,1375.0,1375.0,1375.0,1375.0,1375.0,1375.0,1375.0,1375,1375,1375,
重庆科技大学,1450.0,1467.0,1421.0,1445.0,1445.0,1445.0,1435.0,1435.0,1435.0,1435.0,1435.0,1435.0,1435.0,1435.0,1375.0,1375,1375,1375,
重庆城市科技学院,1384.0,1434.0,1410.0,1332.0,1332.0,1367.0,1422.0,1351.0,1351.0,1351.0,1351.0,1351.0,1351.0,1351.0,1373.0,1373,1373,1373,
南阳理工学院,1441.0,1445.0,1412.0,1404.0,1404.0,1476.0,1391.0,1368.0,1368.0,1304.0,1304.0,1356.0,1402.0,1324.0,1367.0,1288,1288,1372,84.0
西安理工大学,1448.0,1457.0,1447.0,1469.0,1469.0,1530.0,1482.0,1441.0,1441.0,1436.0,1476.0,1400.0,1400.0,1370.0,1370.0,1370,1370,1370,
大连海事大学,1458.0,1511.0,1489.0,1548.0,1548.0,1548.0,1490.0,1431.0,1447.0,1381.0,1319.0,1298.0,1292.0,1402.0,1402.0,1402,1369,1369,
烟台大学,1372.0,1359.0,1368.0,1368.0,1368.0,1368.0,1368.0,1368.0,1368.0,1368.0,1369.0,1369.0,1369.0,1369.0,1369.0,1369,1369,1369,
南京工业大学,1416.0,1387.0,1434.0,1434.0,1434.0,1434.0,1364.0,1430.0,1430.0,1467.0,1475.0,1429.0,1367.0,1367.0,1367.0,1367,1367,1367,
南京晓庄学院,1410.0,1407.0,1358.0,1358.0,1358.0,1358.0,1358.0,1358.0,1358.0,1363.0,1363.0,1366.0,1366.0,1366.0,1366.0,1366,1366,1366,
成都理工大学,1405.0,1406.0,1406.0,1469.0,1469.0,1400.0,1454.0,1463.0,1463.0,1463.0,1463.0,1488.0,1488.0,1488.0,1424.0,1424,1366,1366,
西安工业大学,1368.0,1363.0,1363.0,1357.0,1357.0,1357.0,1357.0,1354.0,1354.0,1354.0,1354.0,1354.0,1354.0,1364.0,1364.0,1364,1364,1364,
浙江科技大学,1426.0,1419.0,1445.0,1445.0,1445.0,1445.0,1499.0,1528.0,1528.0,1459.0,1393.0,1347.0,1347.0,1446.0,1446.0,1446,1363,1363,
南京财经大学,,,1362.0,1362.0,1362.0,1362.0,1362.0,1362.0,1362.0,1362.0,1362.0,1362.0,1362.0,1362.0,1362.0,1362,1362,1362,
江西师范大学,1432.0,1422.0,1382.0,1425.0,1425.0,1425.0,1351.0,1469.0,1469.0,1397.0,1397.0,1308.0,1308.0,1434.0,1434.0,1434,1361,1361,
福建农林大学,1355.0,1325.0,1325.0,1325.0,1325.0,1325.0,1325.0,1325.0,1325.0,1325.0,1325.0,1325.0,1325.0,1361.0,1361.0,1361,1361,1361,
郑州经贸学院,1375.0,1390.0,1382.0,1368.0,1368.0,1368.0,1368.0,1368.0,1368.0,1368.0,1368.0,1394.0,1394.0,1394.0,1361.0,1361,1361,1361,
韩山师范学院,1365.0,1365.0,1365.0,1365.0,1365.0,1365.0,1365.0,1365.0,1365.0,1365.0,1365.0,1365.0,1365.0,1365.0,1361.0,1361,1361,1361,
哈尔滨理工大学荣成,1360.0,1360.0,1360.0,1360.0,1360.0,1360.0,1360.0,1360.0,1360.0,1360.0,1360.0,1360.0,1360.0,1360.0,1360.0,1360,1360,1360,
浙江广厦建设职业技术大学,1385.0,1368.0,1357.0,1357.0,1357.0,1357.0,1357.0,1357.0,1357.0,1357.0,1357.0,1357.0,1357.0,1357.0,1357.0,1357,1357,1357,
湖北大学,1387.0,1396.0,1396.0,1396.0,1396.0,1396.0,1396.0,1357.0,1357.0,1357.0,1357.0,1357.0,1357.0,1357.0,1357.0,1357,1357,1357,
丽水学院,1351.0,1324.0,1400.0,1400.0,1400.0,1400.0,1418.0,1422.0,1422.0,1422.0,1347.0,1347.0,1356.0,1356.0,1356.0,1356,1356,1356,
广东亚视演艺职业学院,,,,,1356.0,1356.0,1356.0,1356.0,1356.0,1356.0,1356.0,1356.0,1356.0,1356.0,1356.0,1356,1356,1356,
湖南工程学院,,1356.0,1356.0,1356.0,1356.0,1356.0,1356.0,1356.0,1356.0,1356.0,1356.0,1356.0,1356.0,1356.0,1356.0,1356,1356,1356,
安徽农业大学,1373.0,1397.0,1427.0,1427.0,1427.0,1427.0,1427.0,1427.0,1427.0,1429.0,1429.0,1418.0,1355.0,1355.0,1355.0,1355,1355,1355,
西北农林科技大学,,1420.0,1394.0,1443.0,1443.0,1443.0,1351.0,1351.0,1351.0,1351.0,1351.0,1355.0,1355.0,1355.0,1355.0,1355,1355,1355,
上海第二工业大学,1398.0,1388.0,1398.0,1398.0,1398.0,1398.0,1398.0,1398.0,1362.0,1362.0,1362.0,1293.0,1293.0,1354.0,1354.0,1354,1354,1354,
东华大学,1466.0,1521.0,1596.0,1686.0,1686.0,1688.0,1604.0,1572.0,1479.0,1475.0,1552.0,1522.0,1439.0,1391.0,1391.0,1391,1437,1353,-84.0
商丘师范学院,1395.0,1395.0,1395.0,1419.0,1419.0,1419.0,1419.0,1419.0,1353.0,1353.0,1353.0,1353.0,1353.0,1353.0,1353.0,1353,1353,1353,
山东建筑大学,1345.0,1330.0,1288.0,1317.0,1317.0,1317.0,1317.0,1317.0,1317.0,1317.0,1353.0,1353.0,1353.0,1353.0,1353.0,1353,1353,1353,
潍坊学院,1353.0,1353.0,1353.0,1353.0,1353.0,1353.0,1353.0,1353.0,1353.0,1353.0,1353.0,1353.0,1353.0,1353.0,1353.0,1353,1353,1353,
西华大学,1439.0,1437.0,1475.0,1551.0,1551.0,1466.0,1377.0,1366.0,1366.0,1300.0,1402.0,1402.0,1478.0,1478.0,1376.0,1358,1353,1353,
金陵科技学院,,1353.0,1353.0,1353.0,1353.0,1353.0,1353.0,1353.0,1353.0,1353.0,1353.0,1353.0,1353.0,1353.0,1353.0,1353,1353,1353,
江西财经大学,1390.0,1448.0,1446.0,1428.0,1428.0,1428.0,1426.0,1413.0,1375.0,1322.0,1322.0,1359.0,1359.0,1330.0,1330.0,1352,1352,1352,
兰州理工大学,,1351.0,1351.0,1351.0,1351.0,1351.0,1351.0,1351.0,1351.0,1351.0,1351.0,1351.0,1351.0,1351.0,1351.0,1351,1351,1351,
杭州医学院,,,1351.0,1351.0,1351.0,1351.0,1351.0,1351.0,1351.0,1351.0,1351.0,1351.0,1351.0,1351.0,1351.0,1351,1351,1351,
浙江农林大学暨阳学院,,,1351.0,1351.0,1351.0,1351.0,1351.0,1351.0,1351.0,1351.0,1351.0,1351.0,1351.0,1351.0,1351.0,1351,1351,1351,
南昌航空大学,1396.0,1423.0,1465.0,1415.0,1415.0,1415.0,1415.0,1488.0,1488.0,1502.0,1502.0,1439.0,1349.0,1372.0,1350.0,1350,1350,1350,
香港城市大学东莞,1417.0,1408.0,1380.0,1380.0,1380.0,1380.0,1379.0,1401.0,1401.0,1380.0,1380.0,1350.0,1350.0,1350.0,1350.0,1350,1350,1350,
武昌首义学院,1386.0,1373.0,1316.0,1316.0,1316.0,1316.0,1316.0,1316.0,1316.0,1316.0,1316.0,1316.0,1316.0,1316.0,1316.0,1427,1348,1348,
贵州师范大学,1398.0,1374.0,1347.0,1347.0,1347.0,1347.0,1347.0,1347.0,1347.0,1347.0,1347.0,1347.0,1347.0,1347.0,1347.0,1347,1347,1347,
四川农业大学,1391.0,1384.0,1347.0,1347.0,1347.0,1347.0,1293.0,1264.0,1264.0,1264.0,1264.0,1264.0,1264.0,1240.0,1210.0,1346,1346,1346,
安徽工业大学,1333.0,1289.0,1263.0,1263.0,1263.0,1346.0,1346.0,1346.0,1346.0,1346.0,1346.0,1346.0,1346.0,1346.0,1346.0,1346,1346,1346,
长江师范学院,,1346.0,1346.0,1346.0,1346.0,1346.0,1346.0,1346.0,1346.0,1346.0,1346.0,1346.0,1346.0,1346.0,1346.0,1346,1346,1346,
邵阳学院,,,1345.0,1345.0,1345.0,1345.0,1345.0,1345.0,1345.0,1345.0,1345.0,1345.0,1345.0,1345.0,1345.0,1345,1345,1345,
福建师范大学,1385.0,1393.0,1400.0,1400.0,1400.0,1399.0,1399.0,1399.0,1399.0,1399.0,1399.0,1386.0,1386.0,1386.0,1396.0,1343,1343,1343,
云南大学,1434.0,1397.0,1398.0,1427.0,1427.0,1427.0,1486.0,1452.0,1452.0,1389.0,1389.0,1309.0,1309.0,1309.0,1318.0,1318,1342,1342,
宁波城市职业技术学院,,,,,1342.0,1342.0,1342.0,1342.0,1342.0,1342.0,1342.0,1342.0,1342.0,1342.0,1342.0,1342,1342,1342,
汕头大学,1383.0,1345.0,1342.0,1342.0,1342.0,1342.0,1342.0,1342.0,1342.0,1342.0,1342.0,1342.0,1342.0,1342.0,1342.0,1342,1342,1342,
龙岩学院,,,,1342.0,1342.0,1342.0,1342.0,1342.0,1342.0,1342.0,1342.0,1342.0,1342.0,1342.0,1342.0,1342,1342,1342,
中国农业大学,1431.0,1443.0,1454.0,1454.0,1454.0,1374.0,1453.0,1455.0,1486.0,1396.0,1396.0,1341.0,1341.0,1341.0,1341.0,1341,1341,1341,
河南科技大学,1362.0,1348.0,1341.0,1341.0,1341.0,1341.0,1341.0,1341.0,1341.0,1341.0,1341.0,1341.0,1341.0,1341.0,1341.0,1341,1341,1341,
无锡学院,1366.0,1330.0,1312.0,1340.0,1340.0,1340.0,1340.0,1340.0,1340.0,1340.0,1340.0,1340.0,1340.0,1340.0,1340.0,1340,1340,1340,
温州商学院,1393.0,1405.0,1382.0,1382.0,1288.0,1288.0,1288.0,1288.0,1299.0,1299.0,1299.0,1348.0,1348.0,1340.0,1340.0,1340,1340,1340,
齐鲁工业大学,1416.0,1381.0,1380.0,1411.0,1411.0,1411.0,1341.0,1331.0,1331.0,1355.0,1344.0,1398.0,1404.0,1306.0,1306.0,1340,1340,1340,
哈尔滨石油学院,,1339.0,1339.0,1339.0,1339.0,1339.0,1339.0,1339.0,1339.0,1339.0,1339.0,1339.0,1339.0,1339.0,1339.0,1339,1339,1339,
青岛理工大学,1381.0,1364.0,1416.0,1416.0,1416.0,1416.0,1416.0,1416.0,1378.0,1378.0,1372.0,1372.0,1339.0,1339.0,1339.0,1339,1339,1339,
燕山大学,1354.0,1350.0,1317.0,1323.0,1323.0,1323.0,1323.0,1323.0,1323.0,1323.0,1323.0,1338.0,1338.0,1338.0,1338.0,1338,1338,1338,
黄冈师范学院,1367.0,1350.0,1347.0,1347.0,1347.0,1323.0,1323.0,1338.0,1338.0,1338.0,1338.0,1338.0,1338.0,1338.0,1338.0,1338,1338,1338,
山西大学,1353.0,1323.0,1363.0,1324.0,1324.0,1324.0,1324.0,1306.0,1306.0,1306.0,1306.0,1306.0,1337.0,1337.0,1337.0,1337,1337,1337,
浙江万里学院,1408.0,1397.0,1387.0,1387.0,1387.0,1378.0,1348.0,1375.0,1375.0,1363.0,1318.0,1271.0,1334.0,1337.0,1337.0,1337,1337,1337,
青岛科技大学,1372.0,1383.0,1383.0,1383.0,1383.0,1383.0,1383.0,1383.0,1383.0,1383.0,1383.0,1337.0,1337.0,1337.0,1337.0,1337,1337,1337,
北京电子科技学院,1330.0,1297.0,1297.0,1297.0,1297.0,1297.0,1297.0,1273.0,1273.0,1273.0,1203.0,1203.0,1203.0,1336.0,1336.0,1336,1336,1336,
首都师范大学,,1336.0,1336.0,1336.0,1336.0,1336.0,1336.0,1336.0,1336.0,1336.0,1336.0,1336.0,1336.0,1336.0,1336.0,1336,1336,1336,
佳木斯大学,,,1335.0,1335.0,1335.0,1335.0,1335.0,1335.0,1335.0,1335.0,1335.0,1335.0,1335.0,1335.0,1335.0,1335,1335,1335,
广州理工学院,,1335.0,1335.0,1335.0,1335.0,1335.0,1335.0,1335.0,1335.0,1335.0,1335.0,1335.0,1335.0,1335.0,1335.0,1335,1335,1335,
郑州升达经贸管理学院,,1335.0,1335.0,1335.0,1335.0,1335.0,1335.0,1335.0,1335.0,1335.0,1335.0,1335.0,1335.0,1335.0,1335.0,1335,1335,1335,
浙江水利水电学院,1361.0,1333.0,1333.0,1333.0,1333.0,1333.0,1333.0,1333.0,1333.0,1333.0,1333.0,1333.0,1333.0,1333.0,1333.0,1333,1333,1333,
湖南中医药大学,1332.0,1308.0,1305.0,1305.0,1305.0,1333.0,1333.0,1333.0,1333.0,1333.0,1333.0,1333.0,1333.0,1333.0,1333.0,1333,1333,1333,
上海电机学院,,,1332.0,1332.0,1332.0,1332.0,1332.0,1332.0,1332.0,1332.0,1332.0,1332.0,1332.0,1332.0,1332.0,1332,1332,1332,
延安大学西安创新学院,1378.0,1346.0,1375.0,1375.0,1375.0,1375.0,1375.0,1375.0,1332.0,1332.0,1332.0,1332.0,1332.0,1332.0,1332.0,1332,1332,1332,
郑州大学,1413.0,1448.0,1440.0,1437.0,1437.0,1422.0,1370.0,1375.0,1313.0,1306.0,1258.0,1288.0,1288.0,1332.0,1332.0,1332,1332,1332,
中国石油大学北京克拉玛依校区,1358.0,1415.0,1429.0,1438.0,1438.0,1438.0,1438.0,1438.0,1438.0,1438.0,1468.0,1379.0,1379.0,1407.0,1407.0,1331,1331,1331,
澳门城市大学,,,,,,,,,,,,,,,,1331,1331,1331,
信阳师范大学,1371.0,1363.0,1330.0,1330.0,1330.0,1330.0,1330.0,1330.0,1330.0,1330.0,1330.0,1330.0,1330.0,1330.0,1330.0,1330,1330,1330,
内蒙古民族大学,,1330.0,1330.0,1330.0,1330.0,1330.0,1330.0,1330.0,1330.0,1330.0,1330.0,1330.0,1330.0,1330.0,1330.0,1330,1330,1330,
广东培正学院,1335.0,1398.0,1383.0,1383.0,1383.0,1383.0,1330.0,1330.0,1330.0,1330.0,1330.0,1330.0,1330.0,1330.0,1330.0,1330,1330,1330,
江苏科技大学,1378.0,1391.0,1336.0,1336.0,1336.0,1336.0,1336.0,1336.0,1336.0,1330.0,1330.0,1330.0,1330.0,1330.0,1330.0,1330,1330,1330,
三峡大学,1380.0,1372.0,1382.0,1457.0,1457.0,1376.0,1376.0,1371.0,1371.0,1371.0,1371.0,1371.0,1371.0,1371.0,1329.0,1329,1329,1329,
安徽信息工程学院,,,1329.0,1329.0,1329.0,1329.0,1329.0,1329.0,1329.0,1329.0,1329.0,1329.0,1329.0,1329.0,1329.0,1329,1329,1329,
安徽工程大学,,,,,,,,,,,1329.0,1329.0,1329.0,1329.0,1329.0,1329,1329,1329,
成都东软学院,1387.0,1333.0,1307.0,1307.0,1307.0,1307.0,1271.0,1271.0,1271.0,1271.0,1271.0,1271.0,1271.0,1271.0,1271.0,1329,1329,1329,
江西新能源科技职业学院,,,,,1329.0,1329.0,1329.0,1329.0,1329.0,1329.0,1329.0,1329.0,1329.0,1329.0,1329.0,1329,1329,1329,
南京审计大学,,1328.0,1328.0,1328.0,1328.0,1328.0,1328.0,1328.0,1328.0,1328.0,1328.0,1328.0,1328.0,1328.0,1328.0,1328,1328,1328,
石家庄铁道大学,1360.0,1322.0,1308.0,1308.0,1308.0,1308.0,1308.0,1308.0,1308.0,1308.0,1328.0,1328.0,1328.0,1328.0,1328.0,1328,1328,1328,
莆田学院,1422.0,1448.0,1449.0,1506.0,1506.0,1506.0,1506.0,1436.0,1436.0,1436.0,1362.0,1350.0,1362.0,1328.0,1328.0,1328,1328,1328,
南京邮电大学通达学院,,1327.0,1327.0,1327.0,1327.0,1327.0,1327.0,1327.0,1327.0,1327.0,1327.0,1327.0,1327.0,1327.0,1327.0,1327,1327,1327,
哈尔滨信息工程学院,,1327.0,1327.0,1327.0,1327.0,1327.0,1327.0,1327.0,1327.0,1327.0,1327.0,1327.0,1327.0,1327.0,1327.0,1327,1327,1327,
山东中医药大学,,,,,,,,,,,1326.0,1326.0,1326.0,1326.0,1326.0,1326,1326,1326,
河北科技大学,1326.0,1326.0,1326.0,1326.0,1326.0,1326.0,1326.0,1326.0,1326.0,1326.0,1326.0,1326.0,1326.0,1326.0,1326.0,1326,1326,1326,
中原工学院,1344.0,1336.0,1362.0,1362.0,1362.0,1362.0,1362.0,1362.0,1362.0,1362.0,1362.0,1362.0,1325.0,1325.0,1325.0,1325,1325,1325,
福建理工大学,1427.0,1459.0,1496.0,1493.0,1493.0,1493.0,1561.0,1481.0,1395.0,1372.0,1402.0,1345.0,1371.0,1330.0,1284.0,1284,1323,1323,
丽水职业技术学院,,,,,1322.0,1322.0,1322.0,1322.0,1322.0,1322.0,1322.0,1322.0,1322.0,1322.0,1322.0,1322,1322,1322,
绍兴文理学院,1403.0,1389.0,1381.0,1381.0,1381.0,1455.0,1455.0,1386.0,1386.0,1386.0,1386.0,1328.0,1328.0,1322.0,1322.0,1322,1322,1322,
长春大学,,,,,,,,,1322.0,1322.0,1322.0,1322.0,1322.0,1322.0,1322.0,1322,1322,1322,
东北农业大学,1358.0,1371.0,1386.0,1386.0,1386.0,1379.0,1379.0,1302.0,1325.0,1346.0,1346.0,1321.0,1321.0,1321.0,1321.0,1321,1321,1321,
泉州信息工程学院,1321.0,1321.0,1321.0,1321.0,1321.0,1321.0,1321.0,1321.0,1321.0,1321.0,1321.0,1321.0,1321.0,1321.0,1321.0,1321,1321,1321,
武汉纺织大学外经贸学院,,1320.0,1320.0,1320.0,1320.0,1320.0,1320.0,1320.0,1320.0,1320.0,1320.0,1320.0,1320.0,1320.0,1320.0,1320,1320,1320,
安阳师范学院,1427.0,1450.0,1438.0,1438.0,1438.0,1438.0,1438.0,1375.0,1375.0,1375.0,1375.0,1421.0,1401.0,1319.0,1319.0,1319,1319,1319,
武汉软件工程职业学院,,,,,1409.0,1409.0,1409.0,1342.0,1342.0,1342.0,1308.0,1308.0,1308.0,1308.0,1308.0,1308,1308,1319,11.0
江西科技学院,,1319.0,1319.0,1319.0,1319.0,1319.0,1319.0,1319.0,1319.0,1319.0,1319.0,1319.0,1319.0,1319.0,1319.0,1319,1319,1319,
白城师范学院,,,,,,,,,1319.0,1319.0,1319.0,1319.0,1319.0,1319.0,1319.0,1319,1319,1319,
东北石油大学,,,,,,,,1318.0,1318.0,1318.0,1318.0,1318.0,1318.0,1318.0,1318.0,1318,1318,1318,
内蒙古农业大学,,,,,,,,,,,,,1318.0,1318.0,1318.0,1318,1318,1318,
北京师范大学珠海校区,1357.0,1348.0,1348.0,1348.0,1348.0,1348.0,1348.0,1348.0,1318.0,1318.0,1318.0,1318.0,1318.0,1318.0,1318.0,1318,1318,1318,
哈尔滨理工大学威海,,,1365.0,1365.0,1365.0,1365.0,1365.0,1365.0,1318.0,1318.0,1318.0,1318.0,1318.0,1318.0,1318.0,1318,1318,1318,
广东东软学院,1394.0,1405.0,1422.0,1463.0,1463.0,1463.0,1463.0,1463.0,1463.0,1463.0,1463.0,1376.0,1376.0,1376.0,1350.0,1318,1318,1318,
沈阳工程学院,,1318.0,1318.0,1318.0,1318.0,1318.0,1318.0,1318.0,1318.0,1318.0,1318.0,1318.0,1318.0,1318.0,1318.0,1318,1318,1318,
淮北理工学院,1378.0,1334.0,1318.0,1318.0,1318.0,1318.0,1318.0,1318.0,1318.0,1318.0,1318.0,1318.0,1318.0,1318.0,1318.0,1318,1318,1318,
深圳理工大学,,,1318.0,1318.0,1318.0,1318.0,1318.0,1318.0,1318.0,1318.0,1318.0,1318.0,1318.0,1318.0,1318.0,1318,1318,1318,
湖南涉外经济学院,1389.0,1389.0,1331.0,1331.0,1331.0,1331.0,1331.0,1331.0,1318.0,1318.0,1318.0,1318.0,1318.0,1318.0,1318.0,1318,1318,1318,
防灾科技学院,,,1318.0,1318.0,1318.0,1318.0,1318.0,1318.0,1318.0,1318.0,1318.0,1318.0,1318.0,1318.0,1318.0,1318,1318,1318,
兰州交通大学,,,1317.0,1317.0,1317.0,1317.0,1317.0,1317.0,1317.0,1317.0,1317.0,1317.0,1317.0,1317.0,1317.0,1317,1317,1317,
宁波诺丁汉大学,1317.0,1317.0,1317.0,1317.0,1317.0,1317.0,1317.0,1317.0,1317.0,1317.0,1317.0,1317.0,1317.0,1317.0,1317.0,1317,1317,1317,
武汉商学院,1344.0,1375.0,1337.0,1337.0,1337.0,1337.0,1337.0,1285.0,1285.0,1285.0,1285.0,1317.0,1317.0,1317.0,1317.0,1317,1317,1317,
河北科技师范学院,,1317.0,1317.0,1317.0,1317.0,1317.0,1317.0,1317.0,1317.0,1317.0,1317.0,1317.0,1317.0,1317.0,1317.0,1317,1317,1317,
河南城建学院,,1317.0,1317.0,1317.0,1317.0,1317.0,1317.0,1317.0,1317.0,1317.0,1317.0,1317.0,1317.0,1317.0,1317.0,1317,1317,1317,
云南财经大学,1316.0,1316.0,1316.0,1316.0,1316.0,1316.0,1316.0,1316.0,1316.0,1316.0,1316.0,1316.0,1316.0,1316.0,1316.0,1316,1316,1316,
山西农业大学,,,1316.0,1316.0,1316.0,1316.0,1316.0,1316.0,1316.0,1316.0,1316.0,1316.0,1316.0,1316.0,1316.0,1316,1316,1316,
泰州学院,,1316.0,1316.0,1316.0,1316.0,1316.0,1316.0,1316.0,1316.0,1316.0,1316.0,1316.0,1316.0,1316.0,1316.0,1316,1316,1316,
浙江经贸职业技术学院,,,1316.0,1316.0,1316.0,1316.0,1316.0,1316.0,1316.0,1316.0,1316.0,1316.0,1316.0,1316.0,1316.0,1316,1316,1316,
宜春学院,1315.0,1315.0,1315.0,1315.0,1315.0,1315.0,1315.0,1315.0,1315.0,1315.0,1315.0,1315.0,1315.0,1315.0,1315.0,1315,1315,1315,
浙江海洋大学,,1315.0,1315.0,1315.0,1315.0,1315.0,1315.0,1315.0,1315.0,1315.0,1315.0,1315.0,1315.0,1315.0,1315.0,1315,1315,1315,
广州商学院,1314.0,1314.0,1314.0,1314.0,1314.0,1314.0,1314.0,1314.0,1314.0,1314.0,1314.0,1314.0,1314.0,1314.0,1314.0,1314,1314,1314,
广西医科大学,,,1314.0,1314.0,1314.0,1314.0,1314.0,1314.0,1314.0,1314.0,1314.0,1314.0,1314.0,1314.0,1314.0,1314,1314,1314,
怀化学院,1384.0,1377.0,1352.0,1352.0,1352.0,1352.0,1352.0,1352.0,1352.0,1352.0,1352.0,1352.0,1352.0,1314.0,1314.0,1314,1314,1314,
湖北工业大学工程技术学院,1314.0,1314.0,1314.0,1314.0,1314.0,1314.0,1314.0,1314.0,1314.0,1314.0,1314.0,1314.0,1314.0,1314.0,1314.0,1314,1314,1314,
滁州学院,1328.0,1314.0,1314.0,1314.0,1314.0,1314.0,1314.0,1314.0,1314.0,1314.0,1314.0,1314.0,1314.0,1314.0,1314.0,1314,1314,1314,
郑州轻工业大学,1405.0,1409.0,1437.0,1417.0,1417.0,1429.0,1420.0,1399.0,1441.0,1448.0,1496.0,1496.0,1496.0,1393.0,1390.0,1390,1390,1314,-76.0
四川轻化工大学,,,1313.0,1313.0,1313.0,1313.0,1313.0,1313.0,1313.0,1313.0,1313.0,1313.0,1313.0,1313.0,1313.0,1313,1313,1313,
安徽师范大学,1414.0,1441.0,1462.0,1462.0,1462.0,1584.0,1584.0,1545.0,1545.0,1447.0,1542.0,1460.0,1401.0,1320.0,1320.0,1340,1340,1313,-27.0
江苏理工学院,1313.0,1313.0,1313.0,1313.0,1313.0,1313.0,1313.0,1313.0,1313.0,1313.0,1313.0,1313.0,1313.0,1313.0,1313.0,1313,1313,1313,
泉州师范学院,1357.0,1385.0,1382.0,1382.0,1382.0,1382.0,1318.0,1318.0,1318.0,1318.0,1318.0,1389.0,1389.0,1389.0,1313.0,1313,1313,1313,
湛江科技学院,,1313.0,1313.0,1313.0,1313.0,1313.0,1313.0,1313.0,1313.0,1313.0,1313.0,1313.0,1313.0,1313.0,1313.0,1313,1313,1313,
上海海事大学,1381.0,1344.0,1301.0,1291.0,1291.0,1292.0,1292.0,1292.0,1292.0,1292.0,1292.0,1292.0,1292.0,1312.0,1312.0,1312,1312,1312,
中南林业科技大学,1395.0,1378.0,1359.0,1359.0,1359.0,1359.0,1328.0,1328.0,1328.0,1328.0,1328.0,1348.0,1348.0,1348.0,1348.0,1312,1312,1312,
宁波工程学院,1370.0,1377.0,1432.0,1432.0,1432.0,1432.0,1432.0,1432.0,1426.0,1426.0,1354.0,1354.0,1354.0,1354.0,1354.0,1312,1312,1312,
广东海洋大学,1350.0,1312.0,1312.0,1312.0,1312.0,1312.0,1312.0,1312.0,1312.0,1312.0,1312.0,1312.0,1312.0,1312.0,1312.0,1312,1312,1312,
广州南方学院,1313.0,1291.0,1312.0,1312.0,1312.0,1312.0,1312.0,1312.0,1312.0,1312.0,1312.0,1312.0,1312.0,1312.0,1312.0,1312,1312,1312,
新蒙古理工学院,,,,,,,,,,,,,,,,1312,1312,1312,
河南科技职业大学,,,1320.0,1320.0,1312.0,1312.0,1312.0,1312.0,1312.0,1312.0,1312.0,1312.0,1312.0,1312.0,1312.0,1312,1312,1312,
湖南人文科技学院,1421.0,1378.0,1385.0,1385.0,1385.0,1385.0,1385.0,1332.0,1332.0,1332.0,1332.0,1378.0,1378.0,1378.0,1312.0,1312,1312,1312,
重庆对外经贸学院,,,1312.0,1312.0,1312.0,1312.0,1312.0,1312.0,1312.0,1312.0,1312.0,1312.0,1312.0,1312.0,1312.0,1312,1312,1312,
上海建桥学院,1311.0,1311.0,1311.0,1311.0,1311.0,1311.0,1311.0,1311.0,1311.0,1311.0,1311.0,1311.0,1311.0,1311.0,1311.0,1311,1311,1311,
中国地质大学（武汉）,1452.0,1415.0,1415.0,1365.0,1365.0,1365.0,1408.0,1387.0,1387.0,1469.0,1469.0,1384.0,1384.0,1311.0,1311.0,1311,1311,1311,
河北师范大学附属民族学院,,,1311.0,1311.0,1311.0,1311.0,1311.0,1311.0,1311.0,1311.0,1311.0,1311.0,1311.0,1311.0,1311.0,1311,1311,1311,
肇庆学院,,1311.0,1311.0,1311.0,1311.0,1311.0,1311.0,1311.0,1311.0,1311.0,1311.0,1311.0,1311.0,1311.0,1311.0,1311,1311,1311,
芜湖学院,,1311.0,1311.0,1311.0,1311.0,1311.0,1311.0,1311.0,1311.0,1311.0,1311.0,1311.0,1311.0,1311.0,1311.0,1311,1311,1311,
重庆电子科技职业大学,,,1311.0,1311.0,1311.0,1311.0,1311.0,1311.0,1311.0,1311.0,1311.0,1311.0,1311.0,1311.0,1311.0,1311,1311,1311,
中国人民公安大学,,,1310.0,1310.0,1310.0,1310.0,1310.0,1310.0,1310.0,1310.0,1310.0,1310.0,1310.0,1310.0,1310.0,1310,1310,1310,
兰州城市学院,1310.0,1310.0,1310.0,1310.0,1310.0,1310.0,1310.0,1310.0,1310.0,1310.0,1310.0,1310.0,1310.0,1310.0,1310.0,1310,1310,1310,
北京师范大学香港浸会大学联合国际学院,1401.0,1359.0,1373.0,1373.0,1373.0,1409.0,1409.0,1409.0,1409.0,1409.0,1409.0,1335.0,1335.0,1335.0,1281.0,1310,1310,1310,
武汉工商学院,,,1310.0,1310.0,1310.0,1310.0,1310.0,1310.0,1310.0,1310.0,1310.0,1310.0,1310.0,1310.0,1310.0,1310,1310,1310,
浙江纺织服装职业技术学院,,,,,1310.0,1310.0,1310.0,1310.0,1310.0,1310.0,1310.0,1310.0,1310.0,1310.0,1310.0,1310,1310,1310,
衢州职业技术学院,,1310.0,1310.0,1310.0,1310.0,1310.0,1310.0,1310.0,1310.0,1310.0,1310.0,1310.0,1310.0,1310.0,1310.0,1310,1310,1310,
西北民族大学,,1310.0,1310.0,1310.0,1310.0,1310.0,1310.0,1310.0,1310.0,1310.0,1310.0,1310.0,1310.0,1310.0,1310.0,1310,1310,1310,
通化师范学院,,,,,,,,,1310.0,1310.0,1310.0,1310.0,1310.0,1310.0,1310.0,1310,1310,1310,
内蒙古大学,1343.0,1350.0,1387.0,1387.0,1387.0,1387.0,1387.0,1387.0,1360.0,1363.0,1373.0,1373.0,1309.0,1309.0,1309.0,1309,1309,1309,
南华大学,1367.0,1340.0,1340.0,1309.0,1309.0,1309.0,1309.0,1309.0,1309.0,1309.0,1309.0,1309.0,1309.0,1309.0,1309.0,1309,1309,1309,
广西城市职业大学,,,,,,,,,,,,,,,1309.0,1309,1309,1309,
湖南工商大学,,,1390.0,1390.0,1390.0,1390.0,1390.0,1390.0,1390.0,1390.0,1390.0,1390.0,1390.0,1390.0,1309.0,1309,1309,1309,
蒙古科技大学,,,,,,,,,,,,,,,,1309,1309,1309,
遂宁职业学院,,,1308.0,1308.0,1308.0,1308.0,1308.0,1308.0,1308.0,1308.0,1308.0,1308.0,1308.0,1308.0,1308.0,1308,1308,1308,
郑州航空工业管理学院,,1308.0,1308.0,1308.0,1308.0,1308.0,1308.0,1308.0,1308.0,1308.0,1308.0,1308.0,1308.0,1308.0,1308.0,1308,1308,1308,
河南师范大学,1467.0,1482.0,1484.0,1485.0,1485.0,1555.0,1558.0,1545.0,1557.0,1515.0,1515.0,1473.0,1456.0,1442.0,1442.0,1370,1307,1307,
浙江工业职业技术学院,,1363.0,1293.0,1293.0,1378.0,1378.0,1378.0,1378.0,1378.0,1378.0,1329.0,1329.0,1307.0,1307.0,1307.0,1307,1307,1307,
长春财经学院,,1307.0,1307.0,1307.0,1307.0,1307.0,1307.0,1307.0,1307.0,1307.0,1307.0,1307.0,1307.0,1307.0,1307.0,1307,1307,1307,
嘉应学院,1348.0,1327.0,1301.0,1301.0,1301.0,1306.0,1306.0,1306.0,1306.0,1306.0,1306.0,1306.0,1306.0,1306.0,1306.0,1306,1306,1306,
曲阜师范大学,1347.0,1314.0,1306.0,1306.0,1306.0,1306.0,1306.0,1306.0,1306.0,1306.0,1306.0,1306.0,1306.0,1306.0,1306.0,1306,1306,1306,
阳光学院,,,,,,,,,,,,,1306.0,1306.0,1306.0,1306,1306,1306,
陆军工程大学,,1306.0,1306.0,1306.0,1306.0,1306.0,1306.0,1306.0,1306.0,1306.0,1306.0,1306.0,1306.0,1306.0,1306.0,1306,1306,1306,
青海民族大学,,1306.0,1306.0,1306.0,1306.0,1306.0,1306.0,1306.0,1306.0,1306.0,1306.0,1306.0,1306.0,1306.0,1306.0,1306,1306,1306,
苏州科技大学,1374.0,1375.0,1402.0,1402.0,1402.0,1402.0,1402.0,1402.0,1362.0,1305.0,1305.0,1305.0,1305.0,1305.0,1305.0,1305,1305,1305,
山东财经大学,1356.0,1342.0,1357.0,1357.0,1357.0,1372.0,1372.0,1372.0,1372.0,1372.0,1372.0,1372.0,1301.0,1301.0,1301.0,1301,1301,1301,
河北工业大学,1381.0,1412.0,1392.0,1344.0,1344.0,1344.0,1331.0,1366.0,1360.0,1360.0,1360.0,1385.0,1385.0,1385.0,1385.0,1301,1301,1301,
河南理工大学,1435.0,1466.0,1500.0,1565.0,1565.0,1486.0,1415.0,1371.0,1333.0,1289.0,1342.0,1363.0,1363.0,1314.0,1357.0,1357,1301,1301,
湖州师范学院,1391.0,1412.0,1419.0,1419.0,1419.0,1372.0,1372.0,1372.0,1372.0,1372.0,1372.0,1296.0,1296.0,1296.0,1301.0,1301,1301,1301,
河南财经政法大学,1340.0,1300.0,1300.0,1300.0,1300.0,1300.0,1300.0,1300.0,1300.0,1300.0,1300.0,1300.0,1300.0,1300.0,1300.0,1300,1300,1300,
浙江育英职业技术学院,1419.0,1385.0,1345.0,1291.0,1426.0,1426.0,1426.0,1358.0,1358.0,1358.0,1358.0,1280.0,1323.0,1323.0,1359.0,1359,1359,1300,-59.0
湖南财政经济学院,1377.0,1355.0,1365.0,1346.0,1346.0,1286.0,1286.0,1286.0,1286.0,1286.0,1286.0,1286.0,1286.0,1286.0,1300.0,1300,1300,1300,
石河子大学,1341.0,1299.0,1299.0,1299.0,1299.0,1299.0,1299.0,1299.0,1299.0,1299.0,1299.0,1299.0,1299.0,1299.0,1299.0,1299,1299,1299,
台州大学,,,,,,,,,,,,,,,,1298,1298,1298,
西交利物浦大学,1353.0,1295.0,1295.0,1295.0,1295.0,1295.0,1295.0,1295.0,1295.0,1295.0,1295.0,1295.0,1295.0,1295.0,1295.0,1295,1295,1295,
河北大学,1337.0,1337.0,1297.0,1297.0,1297.0,1297.0,1297.0,1297.0,1294.0,1294.0,1294.0,1294.0,1294.0,1294.0,1294.0,1294,1294,1294,
甘肃农业大学,1339.0,1294.0,1294.0,1294.0,1294.0,1294.0,1294.0,1294.0,1294.0,1294.0,1294.0,1294.0,1294.0,1294.0,1294.0,1294,1294,1294,
河南科技学院,1322.0,1298.0,1293.0,1293.0,1293.0,1293.0,1293.0,1293.0,1293.0,1293.0,1293.0,1293.0,1293.0,1293.0,1293.0,1293,1293,1293,
中国海洋大学,1369.0,1362.0,1408.0,1408.0,1408.0,1408.0,1408.0,1408.0,1408.0,1408.0,1369.0,1369.0,1292.0,1292.0,1292.0,1292,1292,1292,
四川师范大学,1365.0,1413.0,1426.0,1366.0,1366.0,1366.0,1299.0,1286.0,1286.0,1286.0,1286.0,1238.0,1238.0,1304.0,1291.0,1291,1291,1291,
上海杉达学院,1323.0,1290.0,1290.0,1290.0,1290.0,1290.0,1290.0,1290.0,1290.0,1290.0,1290.0,1290.0,1290.0,1290.0,1290.0,1290,1290,1290,
北京中医药大学,,1365.0,1290.0,1290.0,1290.0,1290.0,1290.0,1290.0,1290.0,1290.0,1290.0,1290.0,1290.0,1290.0,1290.0,1290,1290,1290,
河南工程学院,1335.0,1329.0,1363.0,1363.0,1363.0,1324.0,1324.0,1324.0,1324.0,1324.0,1290.0,1290.0,1290.0,1290.0,1290.0,1290,1290,1290,
湖北汽车工业学院,1359.0,1318.0,1290.0,1290.0,1290.0,1290.0,1290.0,1290.0,1290.0,1290.0,1290.0,1290.0,1290.0,1290.0,1290.0,1290,1290,1290,
苏州工学院,1380.0,1362.0,1390.0,1390.0,1390.0,1447.0,1447.0,1379.0,1379.0,1357.0,1354.0,1354.0,1354.0,1290.0,1290.0,1290,1290,1290,
武汉轻工大学,1359.0,1311.0,1370.0,1298.0,1298.0,1298.0,1298.0,1341.0,1341.0,1341.0,1341.0,1341.0,1289.0,1289.0,1289.0,1289,1289,1289,
上海工程技术大学,1331.0,1311.0,1311.0,1311.0,1311.0,1311.0,1311.0,1311.0,1311.0,1311.0,1288.0,1288.0,1288.0,1288.0,1288.0,1288,1288,1288,
佛山大学,1354.0,1321.0,1288.0,1288.0,1288.0,1288.0,1288.0,1288.0,1288.0,1288.0,1288.0,1288.0,1288.0,1288.0,1288.0,1288,1288,1288,
安阳工学院,1414.0,1400.0,1400.0,1400.0,1400.0,1400.0,1400.0,1336.0,1336.0,1336.0,1360.0,1360.0,1288.0,1288.0,1288.0,1288,1288,1288,
扬州大学,1376.0,1331.0,1316.0,1313.0,1313.0,1313.0,1313.0,1313.0,1313.0,1288.0,1288.0,1288.0,1288.0,1288.0,1288.0,1288,1288,1288,
河北经贸大学,,1317.0,1317.0,1317.0,1317.0,1317.0,1317.0,1317.0,1288.0,1288.0,1288.0,1288.0,1288.0,1288.0,1288.0,1288,1288,1288,
湖北工业大学,1406.0,1434.0,1471.0,1509.0,1509.0,1509.0,1461.0,1431.0,1431.0,1500.0,1500.0,1405.0,1443.0,1374.0,1358.0,1358,1288,1288,
临沂大学,1418.0,1393.0,1353.0,1353.0,1353.0,1353.0,1353.0,1318.0,1318.0,1318.0,1305.0,1287.0,1287.0,1287.0,1287.0,1287,1287,1287,
北京印刷学院,1356.0,1333.0,1287.0,1287.0,1287.0,1287.0,1287.0,1287.0,1287.0,1287.0,1287.0,1287.0,1287.0,1287.0,1287.0,1287,1287,1287,
华北水利水电大学,1361.0,1316.0,1311.0,1311.0,1311.0,1311.0,1311.0,1311.0,1311.0,1311.0,1241.0,1241.0,1241.0,1241.0,1287.0,1287,1287,1287,
南京理工大学泰州科技学院,1322.0,1287.0,1287.0,1287.0,1287.0,1287.0,1287.0,1287.0,1287.0,1287.0,1287.0,1287.0,1287.0,1287.0,1287.0,1287,1287,1287,
沈阳理工大学,1397.0,1353.0,1389.0,1347.0,1347.0,1347.0,1347.0,1347.0,1347.0,1347.0,1347.0,1334.0,1287.0,1287.0,1287.0,1287,1287,1287,
湖南文理学院,,1314.0,1287.0,1287.0,1287.0,1287.0,1287.0,1287.0,1287.0,1287.0,1287.0,1287.0,1287.0,1287.0,1287.0,1287,1287,1287,
浙江外国语学院,1348.0,1327.0,1326.0,1326.0,1326.0,1326.0,1326.0,1326.0,1326.0,1326.0,1326.0,1326.0,1286.0,1286.0,1286.0,1286,1286,1286,
山东女子学院,,1338.0,1305.0,1305.0,1305.0,1305.0,1305.0,1305.0,1305.0,1305.0,1285.0,1285.0,1285.0,1285.0,1285.0,1285,1285,1285,
绍兴职业技术学院,,,1333.0,1333.0,1374.0,1374.0,1374.0,1374.0,1374.0,1374.0,1285.0,1285.0,1285.0,1285.0,1285.0,1285,1285,1285,
陕西师范大学,1389.0,1398.0,1419.0,1364.0,1364.0,1428.0,1428.0,1428.0,1428.0,1428.0,1428.0,1364.0,1364.0,1364.0,1285.0,1285,1285,1285,
北京语言大学,1325.0,1313.0,1284.0,1284.0,1284.0,1284.0,1284.0,1284.0,1284.0,1284.0,1284.0,1284.0,1284.0,1284.0,1284.0,1284,1284,1284,
宁德师范学院,1342.0,1341.0,1341.0,1341.0,1341.0,1341.0,1341.0,1341.0,1341.0,1341.0,1341.0,1341.0,1284.0,1284.0,1284.0,1284,1284,1284,
重庆交通大学,1339.0,1339.0,1284.0,1284.0,1284.0,1284.0,1284.0,1284.0,1284.0,1284.0,1284.0,1284.0,1284.0,1284.0,1284.0,1284,1284,1284,
大连民族大学,1377.0,1328.0,1304.0,1304.0,1304.0,1304.0,1304.0,1304.0,1295.0,1295.0,1295.0,1283.0,1283.0,1283.0,1283.0,1283,1283,1283,
山西财经大学,1330.0,1283.0,1283.0,1283.0,1283.0,1283.0,1283.0,1283.0,1283.0,1283.0,1283.0,1283.0,1283.0,1283.0,1283.0,1283,1283,1283,
沈阳师范大学,1388.0,1372.0,1378.0,1399.0,1399.0,1399.0,1399.0,1399.0,1399.0,1399.0,1313.0,1345.0,1333.0,1333.0,1283.0,1283,1283,1283,
珠海科技学院,1392.0,1370.0,1325.0,1325.0,1325.0,1325.0,1325.0,1325.0,1283.0,1283.0,1283.0,1283.0,1283.0,1283.0,1283.0,1283,1283,1283,
信息工程大学,1400.0,1433.0,1405.0,1384.0,1384.0,1415.0,1386.0,1316.0,1316.0,1316.0,1316.0,1312.0,1306.0,1282.0,1282.0,1282,1282,1282,
江西理工大学,1362.0,1348.0,1299.0,1299.0,1299.0,1309.0,1349.0,1282.0,1282.0,1282.0,1282.0,1282.0,1282.0,1282.0,1282.0,1282,1282,1282,
海南大学,1345.0,1314.0,1273.0,1273.0,1273.0,1282.0,1282.0,1282.0,1282.0,1282.0,1282.0,1282.0,1282.0,1282.0,1282.0,1282,1282,1282,
五邑大学,1369.0,1388.0,1327.0,1326.0,1326.0,1326.0,1326.0,1326.0,1326.0,1326.0,1326.0,1326.0,1326.0,1326.0,1326.0,1281,1281,1281,
唐山学院,1309.0,1281.0,1281.0,1281.0,1281.0,1281.0,1281.0,1281.0,1281.0,1281.0,1281.0,1281.0,1281.0,1281.0,1281.0,1281,1281,1281,
重庆文理学院,1366.0,1309.0,1281.0,1281.0,1281.0,1281.0,1281.0,1281.0,1281.0,1281.0,1281.0,1281.0,1281.0,1281.0,1281.0,1281,1281,1281,
济宁医学院,,1316.0,1280.0,1280.0,1280.0,1280.0,1280.0,1280.0,1280.0,1280.0,1280.0,1280.0,1280.0,1280.0,1280.0,1280,1280,1280,
广州华立学院,1334.0,1264.0,1299.0,1299.0,1299.0,1299.0,1299.0,1299.0,1299.0,1299.0,1299.0,1299.0,1299.0,1299.0,1279.0,1279,1279,1279,
上海师范大学,1373.0,1426.0,1388.0,1388.0,1388.0,1388.0,1338.0,1382.0,1382.0,1374.0,1364.0,1320.0,1320.0,1278.0,1278.0,1278,1278,1278,
天津科技大学,1326.0,1260.0,1277.0,1277.0,1277.0,1277.0,1277.0,1277.0,1277.0,1277.0,1277.0,1277.0,1277.0,1277.0,1277.0,1277,1277,1277,
武昌理工学院,1340.0,1287.0,1277.0,1277.0,1277.0,1277.0,1277.0,1277.0,1277.0,1277.0,1277.0,1277.0,1277.0,1277.0,1277.0,1277,1277,1277,
武汉职业技术大学,1315.0,1243.0,1257.0,1257.0,1277.0,1277.0,1277.0,1277.0,1277.0,1277.0,1277.0,1277.0,1277.0,1277.0,1277.0,1277,1277,1277,
闽南师范大学,1342.0,1295.0,1286.0,1286.0,1286.0,1286.0,1286.0,1286.0,1286.0,1286.0,1286.0,1286.0,1286.0,1276.0,1276.0,1276,1276,1276,
中北大学,1415.0,1394.0,1387.0,1387.0,1387.0,1310.0,1266.0,1248.0,1248.0,1244.0,1244.0,1286.0,1286.0,1286.0,1286.0,1274,1274,1274,
香港浸会大学,1334.0,1334.0,1334.0,1334.0,1334.0,1334.0,1334.0,1334.0,1334.0,1334.0,1334.0,1334.0,1334.0,1277.0,1277.0,1273,1273,1273,
青岛农业大学,1374.0,1346.0,1328.0,1317.0,1317.0,1317.0,1317.0,1259.0,1259.0,1259.0,1271.0,1271.0,1271.0,1271.0,1271.0,1271,1271,1271,
太原科技大学,1329.0,1281.0,1281.0,1281.0,1281.0,1269.0,1269.0,1269.0,1269.0,1269.0,1269.0,1269.0,1269.0,1269.0,1269.0,1269,1269,1269,
广西民族大学,1343.0,1328.0,1322.0,1268.0,1268.0,1268.0,1268.0,1268.0,1268.0,1268.0,1268.0,1268.0,1268.0,1268.0,1268.0,1268,1268,1268,
山东师范大学,1446.0,1433.0,1398.0,1407.0,1407.0,1407.0,1483.0,1478.0,1478.0,1429.0,1414.0,1378.0,1378.0,1298.0,1298.0,1298,1267,1267,
桂林电子科技大学,1364.0,1364.0,1373.0,1373.0,1373.0,1373.0,1373.0,1373.0,1323.0,1323.0,1323.0,1323.0,1323.0,1278.0,1266.0,1266,1266,1266,
陕西科技大学,1370.0,1350.0,1350.0,1266.0,1266.0,1266.0,1266.0,1266.0,1266.0,1266.0,1266.0,1266.0,1266.0,1266.0,1266.0,1266,1266,1266,
汉江师范学院,1409.0,1409.0,1344.0,1344.0,1344.0,1344.0,1344.0,1265.0,1265.0,1265.0,1265.0,1265.0,1265.0,1265.0,1265.0,1265,1265,1265,
北京交通大学威海,1332.0,1294.0,1264.0,1264.0,1264.0,1264.0,1264.0,1264.0,1264.0,1264.0,1264.0,1264.0,1264.0,1264.0,1264.0,1264,1264,1264,
北京理工大学珠海学院,1368.0,1341.0,1352.0,1266.0,1266.0,1264.0,1264.0,1264.0,1264.0,1264.0,1264.0,1264.0,1264.0,1264.0,1264.0,1264,1264,1264,
华中农业大学,1409.0,1445.0,1460.0,1472.0,1472.0,1386.0,1325.0,1368.0,1368.0,1414.0,1396.0,1369.0,1369.0,1305.0,1305.0,1305,1264,1264,
山东工商学院,1329.0,1299.0,1264.0,1264.0,1264.0,1264.0,1264.0,1264.0,1264.0,1264.0,1264.0,1264.0,1264.0,1264.0,1264.0,1264,1264,1264,
黑龙江科技大学,,,1354.0,1354.0,1354.0,1354.0,1354.0,1354.0,1264.0,1264.0,1264.0,1264.0,1264.0,1264.0,1264.0,1264,1264,1264,
华北理工大学,1344.0,1379.0,1331.0,1270.0,1270.0,1270.0,1270.0,1270.0,1270.0,1270.0,1270.0,1242.0,1242.0,1242.0,1242.0,1263,1263,1263,
江西理工大学南昌校区,,1348.0,1290.0,1290.0,1290.0,1290.0,1290.0,1290.0,1290.0,1290.0,1290.0,1290.0,1290.0,1290.0,1263.0,1263,1263,1263,
浙江工业大学之江学院,1340.0,1326.0,1364.0,1364.0,1364.0,1364.0,1365.0,1365.0,1365.0,1365.0,1292.0,1292.0,1292.0,1263.0,1263.0,1263,1263,1263,
中国矿业大学徐海学院,1319.0,1262.0,1262.0,1262.0,1262.0,1262.0,1262.0,1262.0,1262.0,1262.0,1262.0,1262.0,1262.0,1262.0,1262.0,1262,1262,1262,
华北科技学院,,1340.0,1262.0,1262.0,1262.0,1262.0,1262.0,1262.0,1262.0,1262.0,1262.0,1262.0,1262.0,1262.0,1262.0,1262,1262,1262,
衡水学院,1336.0,1251.0,1262.0,1262.0,1262.0,1262.0,1262.0,1262.0,1262.0,1262.0,1262.0,1262.0,1262.0,1262.0,1262.0,1262,1262,1262,
岳阳学院,1351.0,1326.0,1319.0,1319.0,1319.0,1319.0,1319.0,1319.0,1319.0,1319.0,1319.0,1319.0,1319.0,1319.0,1259.0,1259,1259,1259,
河南工业大学,1327.0,1305.0,1312.0,1278.0,1278.0,1278.0,1278.0,1288.0,1234.0,1234.0,1234.0,1234.0,1259.0,1259.0,1259.0,1259,1259,1259,
湖南科技学院,1349.0,1267.0,1259.0,1259.0,1259.0,1259.0,1259.0,1259.0,1259.0,1259.0,1259.0,1259.0,1259.0,1259.0,1259.0,1259,1259,1259,
上饶师范学院,1312.0,1258.0,1258.0,1258.0,1258.0,1258.0,1258.0,1258.0,1258.0,1258.0,1258.0,1258.0,1258.0,1258.0,1258.0,1258,1258,1258,
合肥工业大学宣城校区,1333.0,1365.0,1365.0,1365.0,1365.0,1365.0,1365.0,1365.0,1365.0,1365.0,1365.0,1365.0,1290.0,1290.0,1216.0,1258,1258,1258,
湖南工学院,1332.0,1296.0,1258.0,1258.0,1258.0,1258.0,1258.0,1258.0,1258.0,1258.0,1258.0,1258.0,1258.0,1258.0,1258.0,1258,1258,1258,
平顶山学院,,1323.0,1257.0,1257.0,1257.0,1257.0,1257.0,1257.0,1257.0,1257.0,1257.0,1257.0,1257.0,1257.0,1257.0,1257,1257,1257,
福建技术师范学院,,1336.0,1257.0,1257.0,1257.0,1257.0,1257.0,1257.0,1257.0,1257.0,1257.0,1257.0,1257.0,1257.0,1257.0,1257,1257,1257,
吉首大学,,,1328.0,1256.0,1256.0,1256.0,1256.0,1256.0,1256.0,1256.0,1256.0,1256.0,1256.0,1256.0,1256.0,1256,1256,1256,
广东金融学院,1357.0,1336.0,1307.0,1255.0,1255.0,1255.0,1255.0,1255.0,1255.0,1255.0,1255.0,1255.0,1255.0,1255.0,1255.0,1255,1255,1255,
盐城工学院,1341.0,1289.0,1289.0,1311.0,1311.0,1311.0,1311.0,1311.0,1311.0,1254.0,1254.0,1254.0,1254.0,1254.0,1254.0,1254,1254,1254,
北方民族大学,1312.0,1253.0,1253.0,1253.0,1253.0,1253.0,1253.0,1253.0,1253.0,1253.0,1253.0,1253.0,1253.0,1253.0,1253.0,1253,1253,1253,
南京师范大学,1379.0,1418.0,1381.0,1381.0,1381.0,1381.0,1329.0,1384.0,1384.0,1379.0,1379.0,1317.0,1317.0,1253.0,1253.0,1253,1253,1253,
厦门大学马来西亚分校,,,1322.0,1322.0,1322.0,1322.0,1322.0,1322.0,1322.0,1322.0,1253.0,1253.0,1253.0,1253.0,1253.0,1253,1253,1253,
宁波职业技术大学,1336.0,1326.0,1262.0,1262.0,1291.0,1291.0,1291.0,1291.0,1291.0,1291.0,1253.0,1253.0,1253.0,1253.0,1253.0,1253,1253,1253,
辽宁石油化工大学,,1308.0,1253.0,1253.0,1253.0,1253.0,1253.0,1253.0,1253.0,1253.0,1253.0,1253.0,1253.0,1253.0,1253.0,1253,1253,1253,
湖北第二师范学院,,1341.0,1342.0,1324.0,1324.0,1324.0,1324.0,1252.0,1252.0,1252.0,1252.0,1252.0,1252.0,1252.0,1252.0,1252,1252,1252,
西华师范大学,1358.0,1302.0,1250.0,1250.0,1250.0,1250.0,1252.0,1252.0,1252.0,1252.0,1252.0,1252.0,1252.0,1252.0,1252.0,1252,1252,1252,
上海电力大学,1438.0,1413.0,1451.0,1451.0,1451.0,1451.0,1405.0,1433.0,1376.0,1403.0,1372.0,1310.0,1271.0,1231.0,1251.0,1251,1251,1251,
东华理工大学,1359.0,1335.0,1312.0,1262.0,1262.0,1262.0,1262.0,1262.0,1262.0,1262.0,1262.0,1262.0,1210.0,1251.0,1251.0,1251,1251,1251,
武汉工程大学,1363.0,1434.0,1423.0,1333.0,1333.0,1349.0,1363.0,1383.0,1383.0,1338.0,1338.0,1299.0,1299.0,1330.0,1321.0,1251,1251,1251,
玉林师范学院,,1312.0,1251.0,1251.0,1251.0,1251.0,1251.0,1251.0,1251.0,1251.0,1251.0,1251.0,1251.0,1251.0,1251.0,1251,1251,1251,
常州大学,1334.0,1318.0,1310.0,1310.0,1310.0,1310.0,1310.0,1310.0,1310.0,1250.0,1250.0,1250.0,1250.0,1250.0,1250.0,1250,1250,1250,
广东工业大学揭阳校区,1393.0,1377.0,1363.0,1363.0,1363.0,1363.0,1363.0,1363.0,1363.0,1363.0,1363.0,1363.0,1363.0,1283.0,1283.0,1249,1249,1249,
浙江中医药大学,,,1413.0,1373.0,1373.0,1373.0,1373.0,1373.0,1329.0,1329.0,1329.0,1329.0,1329.0,1249.0,1249.0,1249,1249,1249,
长江大学,1392.0,1365.0,1344.0,1463.0,1463.0,1463.0,1463.0,1418.0,1418.0,1418.0,1418.0,1418.0,1418.0,1418.0,1347.0,1328,1248,1248,
中南民族大学,1405.0,1405.0,1412.0,1385.0,1385.0,1401.0,1401.0,1346.0,1346.0,1363.0,1363.0,1307.0,1307.0,1346.0,1306.0,1306,1245,1245,
哈尔滨学院,,1326.0,1282.0,1282.0,1282.0,1282.0,1282.0,1282.0,1245.0,1245.0,1245.0,1245.0,1245.0,1245.0,1245.0,1245,1245,1245,
辽宁科技大学,1337.0,1337.0,1276.0,1276.0,1276.0,1302.0,1302.0,1302.0,1302.0,1302.0,1302.0,1245.0,1245.0,1245.0,1245.0,1245,1245,1245,
北华大学,1374.0,1393.0,1331.0,1331.0,1331.0,1331.0,1331.0,1331.0,1348.0,1348.0,1265.0,1244.0,1244.0,1244.0,1244.0,1244,1244,1244,
大连理工大学城市学院,1346.0,1349.0,1309.0,1229.0,1229.0,1229.0,1229.0,1229.0,1229.0,1229.0,1229.0,1261.0,1244.0,1244.0,1244.0,1244,1244,1244,
重庆第二师范学院,1319.0,1319.0,1244.0,1244.0,1244.0,1244.0,1244.0,1244.0,1244.0,1244.0,1244.0,1244.0,1244.0,1244.0,1244.0,1244,1244,1244,
江汉大学,1375.0,1377.0,1360.0,1296.0,1296.0,1296.0,1296.0,1242.0,1242.0,1242.0,1242.0,1242.0,1242.0,1242.0,1242.0,1242,1242,1242,
天津商业大学,1351.0,1282.0,1241.0,1241.0,1241.0,1241.0,1241.0,1241.0,1241.0,1241.0,1241.0,1241.0,1241.0,1241.0,1241.0,1241,1241,1241,
徐州工程学院,1362.0,1354.0,1353.0,1334.0,1334.0,1311.0,1311.0,1303.0,1303.0,1241.0,1241.0,1241.0,1241.0,1241.0,1241.0,1241,1241,1241,
昭通学院,1309.0,1241.0,1241.0,1241.0,1241.0,1241.0,1241.0,1241.0,1241.0,1241.0,1241.0,1241.0,1241.0,1241.0,1241.0,1241,1241,1241,
上海应用技术大学,1347.0,1295.0,1295.0,1284.0,1284.0,1284.0,1284.0,1284.0,1284.0,1284.0,1284.0,1284.0,1284.0,1240.0,1240.0,1240,1240,1240,
南阳师范学院,1366.0,1380.0,1377.0,1342.0,1342.0,1262.0,1262.0,1262.0,1262.0,1262.0,1262.0,1253.0,1253.0,1253.0,1240.0,1240,1240,1240,
文华学院,,1322.0,1322.0,1322.0,1322.0,1322.0,1322.0,1240.0,1240.0,1240.0,1240.0,1240.0,1240.0,1240.0,1240.0,1240,1240,1240,
西安建筑科技大学,1319.0,1319.0,1273.0,1273.0,1273.0,1273.0,1273.0,1273.0,1240.0,1240.0,1240.0,1240.0,1240.0,1240.0,1240.0,1240,1240,1240,
贵州民族大学,1327.0,1240.0,1240.0,1240.0,1240.0,1240.0,1240.0,1240.0,1240.0,1240.0,1240.0,1240.0,1240.0,1240.0,1240.0,1240,1240,1240,
上海对外经贸大学,1330.0,1290.0,1238.0,1238.0,1238.0,1238.0,1238.0,1238.0,1238.0,1238.0,1238.0,1238.0,1238.0,1238.0,1238.0,1238,1238,1238,
河南水利与环境职业学院,,,1308.0,1308.0,1238.0,1238.0,1238.0,1238.0,1238.0,1238.0,1238.0,1238.0,1238.0,1238.0,1238.0,1238,1238,1238,
贵州工程应用技术学院,1324.0,1238.0,1238.0,1238.0,1238.0,1238.0,1238.0,1238.0,1238.0,1238.0,1238.0,1238.0,1238.0,1238.0,1238.0,1238,1238,1238,
哈尔滨华德学院,,,1313.0,1313.0,1313.0,1313.0,1313.0,1313.0,1237.0,1237.0,1237.0,1237.0,1237.0,1237.0,1237.0,1237,1237,1237,
山东农业大学,1389.0,1406.0,1416.0,1402.0,1402.0,1402.0,1402.0,1402.0,1402.0,1402.0,1335.0,1247.0,1237.0,1237.0,1237.0,1237,1237,1237,
沈阳工业大学,,1318.0,1237.0,1237.0,1237.0,1237.0,1237.0,1237.0,1237.0,1237.0,1237.0,1237.0,1237.0,1237.0,1237.0,1237,1237,1237,
太原理工大学,1393.0,1372.0,1364.0,1364.0,1364.0,1364.0,1364.0,1364.0,1364.0,1353.0,1353.0,1353.0,1353.0,1280.0,1280.0,1236,1236,1236,
西北师范大学,,1310.0,1294.0,1236.0,1236.0,1236.0,1236.0,1236.0,1236.0,1236.0,1236.0,1236.0,1236.0,1236.0,1236.0,1236,1236,1236,
南京工业职业技术大学,1320.0,1258.0,1233.0,1233.0,1233.0,1233.0,1233.0,1233.0,1233.0,1233.0,1233.0,1233.0,1233.0,1233.0,1233.0,1233,1233,1233,
武汉学院,1354.0,1295.0,1295.0,1295.0,1295.0,1295.0,1295.0,1233.0,1233.0,1233.0,1233.0,1233.0,1233.0,1233.0,1233.0,1233,1233,1233,
内蒙古科技大学包头师范学院,,,1313.0,1313.0,1313.0,1313.0,1313.0,1313.0,1313.0,1313.0,1313.0,1313.0,1232.0,1232.0,1232.0,1232,1232,1232,
青岛工学院,,,1315.0,1315.0,1315.0,1315.0,1315.0,1315.0,1232.0,1232.0,1232.0,1232.0,1232.0,1232.0,1232.0,1232,1232,1232,
东北电力大学,1311.0,1311.0,1231.0,1231.0,1231.0,1231.0,1231.0,1231.0,1231.0,1231.0,1231.0,1231.0,1231.0,1231.0,1231.0,1231,1231,1231,
福州外语外贸学院,1346.0,1290.0,1231.0,1231.0,1231.0,1231.0,1231.0,1231.0,1231.0,1231.0,1231.0,1231.0,1231.0,1231.0,1231.0,1231,1231,1231,
郑州工商学院,,1343.0,1316.0,1316.0,1316.0,1316.0,1316.0,1316.0,1316.0,1316.0,1316.0,1316.0,1231.0,1231.0,1231.0,1231,1231,1231,
辽宁师范大学,1316.0,1229.0,1229.0,1229.0,1229.0,1229.0,1229.0,1229.0,1229.0,1229.0,1229.0,1229.0,1229.0,1229.0,1229.0,1229,1229,1229,
安徽财经大学,1309.0,1309.0,1227.0,1227.0,1227.0,1227.0,1227.0,1227.0,1227.0,1227.0,1227.0,1227.0,1227.0,1227.0,1227.0,1227,1227,1227,
电子科技大学成都学院,1331.0,1275.0,1226.0,1226.0,1226.0,1226.0,1226.0,1226.0,1226.0,1226.0,1226.0,1226.0,1226.0,1226.0,1226.0,1226,1226,1226,
西藏民族大学,,1309.0,1309.0,1309.0,1309.0,1309.0,1309.0,1309.0,1309.0,1309.0,1309.0,1309.0,1309.0,1226.0,1226.0,1226,1226,1226,
中国计量大学现代科技学院,1342.0,1281.0,1309.0,1309.0,1309.0,1309.0,1309.0,1309.0,1309.0,1309.0,1309.0,1309.0,1309.0,1309.0,1225.0,1225,1225,1225,
辽宁工程技术大学,,,1309.0,1309.0,1309.0,1309.0,1309.0,1309.0,1309.0,1309.0,1309.0,1225.0,1225.0,1225.0,1225.0,1225,1225,1225,
河南建筑职业技术学院,,,1319.0,1319.0,1224.0,1224.0,1224.0,1224.0,1224.0,1224.0,1224.0,1224.0,1224.0,1224.0,1224.0,1224,1224,1224,
天津仁爱学院,1350.0,1316.0,1276.0,1276.0,1276.0,1236.0,1236.0,1257.0,1223.0,1223.0,1223.0,1223.0,1223.0,1223.0,1223.0,1223,1223,1223,
西南石油大学,1377.0,1345.0,1320.0,1320.0,1320.0,1231.0,1222.0,1222.0,1222.0,1222.0,1222.0,1222.0,1222.0,1222.0,1222.0,1222,1222,1222,
景德镇陶瓷大学,1337.0,1265.0,1221.0,1221.0,1221.0,1221.0,1221.0,1221.0,1221.0,1221.0,1221.0,1221.0,1221.0,1221.0,1221.0,1221,1221,1221,
南京林业大学,1361.0,1351.0,1302.0,1300.0,1300.0,1217.0,1217.0,1217.0,1217.0,1220.0,1220.0,1220.0,1220.0,1220.0,1220.0,1220,1220,1220,
鲁东大学,1399.0,1409.0,1403.0,1403.0,1403.0,1403.0,1364.0,1313.0,1257.0,1257.0,1243.0,1200.0,1200.0,1219.0,1219.0,1219,1219,1219,
九江学院,1335.0,1282.0,1218.0,1218.0,1218.0,1218.0,1218.0,1218.0,1218.0,1218.0,1218.0,1218.0,1218.0,1218.0,1218.0,1218,1218,1218,
山西工程科技职业大学,1326.0,1259.0,1218.0,1218.0,1218.0,1218.0,1218.0,1218.0,1218.0,1218.0,1218.0,1218.0,1218.0,1218.0,1218.0,1218,1218,1218,
延边大学,1317.0,1278.0,1218.0,1218.0,1218.0,1218.0,1218.0,1218.0,1218.0,1218.0,1218.0,1218.0,1218.0,1218.0,1218.0,1218,1218,1218,
湖北经济学院,1346.0,1346.0,1294.0,1294.0,1294.0,1294.0,1294.0,1217.0,1217.0,1217.0,1217.0,1217.0,1217.0,1217.0,1217.0,1217,1217,1217,
吉利学院,1352.0,1316.0,1277.0,1202.0,1202.0,1202.0,1213.0,1160.0,1205.0,1205.0,1205.0,1205.0,1205.0,1205.0,1216.0,1216,1216,1216,
广州城市理工学院,1349.0,1300.0,1246.0,1246.0,1246.0,1246.0,1246.0,1246.0,1246.0,1246.0,1246.0,1246.0,1246.0,1215.0,1215.0,1215,1215,1215,
重庆人文科技学院,1338.0,1338.0,1287.0,1287.0,1287.0,1287.0,1287.0,1287.0,1287.0,1287.0,1287.0,1287.0,1287.0,1287.0,1215.0,1215,1215,1215,
常州工学院,1323.0,1256.0,1214.0,1214.0,1214.0,1214.0,1214.0,1214.0,1214.0,1214.0,1214.0,1214.0,1214.0,1214.0,1214.0,1214,1214,1214,
华侨大学,1329.0,1297.0,1264.0,1217.0,1217.0,1217.0,1217.0,1217.0,1217.0,1217.0,1217.0,1217.0,1217.0,1213.0,1213.0,1213,1213,1213,
韶关学院,1349.0,1325.0,1313.0,1313.0,1313.0,1301.0,1301.0,1301.0,1301.0,1301.0,1301.0,1301.0,1301.0,1213.0,1213.0,1213,1213,1213,
四川信息职业技术学院,1318.0,1275.0,1220.0,1220.0,1212.0,1212.0,1212.0,1212.0,1212.0,1212.0,1212.0,1212.0,1212.0,1212.0,1212.0,1212,1212,1212,
江西水利电力大学,1347.0,1271.0,1212.0,1212.0,1212.0,1212.0,1212.0,1212.0,1212.0,1212.0,1212.0,1212.0,1212.0,1212.0,1212.0,1212,1212,1212,
南昌理工学院,1343.0,1298.0,1285.0,1254.0,1254.0,1211.0,1211.0,1211.0,1211.0,1211.0,1211.0,1211.0,1211.0,1211.0,1211.0,1211,1211,1211,
大连东软信息学院,1363.0,1293.0,1239.0,1239.0,1239.0,1239.0,1239.0,1239.0,1239.0,1239.0,1239.0,1210.0,1210.0,1210.0,1210.0,1210,1210,1210,
长春工业大学,1371.0,1318.0,1315.0,1248.0,1248.0,1248.0,1248.0,1248.0,1210.0,1210.0,1210.0,1210.0,1210.0,1210.0,1210.0,1210,1210,1210,
内蒙古工业大学,1355.0,1304.0,1247.0,1247.0,1247.0,1247.0,1247.0,1247.0,1247.0,1247.0,1247.0,1247.0,1209.0,1209.0,1209.0,1209,1209,1209,
江苏海洋大学,1371.0,1340.0,1307.0,1261.0,1261.0,1261.0,1261.0,1261.0,1209.0,1209.0,1209.0,1209.0,1209.0,1209.0,1209.0,1209,1209,1209,
江西农业大学,1423.0,1412.0,1434.0,1404.0,1404.0,1446.0,1481.0,1416.0,1416.0,1408.0,1408.0,1368.0,1368.0,1347.0,1293.0,1209,1209,1209,
保定学院,1315.0,1257.0,1206.0,1206.0,1206.0,1206.0,1206.0,1206.0,1206.0,1206.0,1206.0,1206.0,1206.0,1206.0,1206.0,1206,1206,1206,
南昌航空大学科技学院,1320.0,1257.0,1204.0,1204.0,1204.0,1204.0,1204.0,1204.0,1204.0,1204.0,1204.0,1204.0,1204.0,1204.0,1204.0,1204,1204,1204,
广州软件学院,1355.0,1354.0,1360.0,1282.0,1282.0,1203.0,1203.0,1203.0,1203.0,1203.0,1203.0,1203.0,1203.0,1203.0,1203.0,1203,1203,1203,
南京中医药大学,1323.0,1261.0,1202.0,1202.0,1202.0,1202.0,1202.0,1202.0,1202.0,1202.0,1202.0,1202.0,1202.0,1202.0,1202.0,1202,1202,1202,
湖北师范大学,1338.0,1325.0,1271.0,1271.0,1271.0,1271.0,1271.0,1209.0,1209.0,1209.0,1209.0,1209.0,1209.0,1201.0,1201.0,1201,1201,1201,
沈阳航空航天大学,,1318.0,1272.0,1272.0,1272.0,1272.0,1272.0,1272.0,1198.0,1198.0,1198.0,1199.0,1199.0,1199.0,1199.0,1199,1199,1199,
浙江金融职业学院,1331.0,1252.0,1186.0,1186.0,1252.0,1252.0,1252.0,1252.0,1252.0,1252.0,1252.0,1252.0,1252.0,1252.0,1199.0,1199,1199,1199,
山东石油化工学院,1331.0,1273.0,1198.0,1198.0,1198.0,1198.0,1198.0,1198.0,1198.0,1198.0,1198.0,1198.0,1198.0,1198.0,1198.0,1198,1198,1198,
琼台师范学院,1328.0,1272.0,1214.0,1214.0,1214.0,1196.0,1196.0,1196.0,1196.0,1196.0,1196.0,1196.0,1196.0,1196.0,1196.0,1196,1196,1196,
宁夏大学,1318.0,1270.0,1207.0,1191.0,1191.0,1191.0,1191.0,1191.0,1191.0,1191.0,1191.0,1191.0,1191.0,1191.0,1191.0,1191,1191,1191,
上海海洋大学,1400.0,1388.0,1379.0,1358.0,1358.0,1358.0,1358.0,1358.0,1358.0,1358.0,1281.0,1281.0,1281.0,1227.0,1227.0,1188,1188,1188,
北京邮电大学世纪学院,1318.0,1258.0,1185.0,1185.0,1185.0,1185.0,1185.0,1185.0,1185.0,1185.0,1185.0,1185.0,1185.0,1185.0,1185.0,1185,1185,1185,
昆明理工大学,1356.0,1377.0,1325.0,1325.0,1325.0,1325.0,1325.0,1325.0,1325.0,1243.0,1243.0,1308.0,1308.0,1273.0,1240.0,1185,1185,1185,
乐山师范学院,1364.0,1300.0,1277.0,1302.0,1302.0,1282.0,1244.0,1244.0,1244.0,1244.0,1244.0,1244.0,1226.0,1226.0,1184.0,1184,1184,1184,
唐山师范学院,,1326.0,1259.0,1259.0,1259.0,1259.0,1259.0,1259.0,1259.0,1259.0,1180.0,1180.0,1180.0,1180.0,1180.0,1180,1180,1180,
浙江传媒学院,,1316.0,1242.0,1242.0,1242.0,1177.0,1177.0,1177.0,1177.0,1177.0,1177.0,1177.0,1177.0,1177.0,1177.0,1177,1177,1177,
四川现代职业学院,1324.0,1268.0,1240.0,1240.0,1246.0,1246.0,1246.0,1246.0,1246.0,1246.0,1246.0,1246.0,1246.0,1246.0,1172.0,1172,1172,1172,
合肥大学,1386.0,1438.0,1416.0,1356.0,1356.0,1304.0,1221.0,1273.0,1273.0,1267.0,1267.0,1195.0,1212.0,1161.0,1161.0,1161,1161,1161,
福建商学院,1317.0,1235.0,1206.0,1206.0,1206.0,1206.0,1206.0,1206.0,1161.0,1161.0,1161.0,1161.0,1161.0,1161.0,1161.0,1161,1161,1161,
大连大学,1338.0,1289.0,1265.0,1210.0,1210.0,1210.0,1210.0,1210.0,1160.0,1160.0,1160.0,1160.0,1160.0,1160.0,1160.0,1160,1160,1160,
山东科技大学济南校区,1316.0,1277.0,1226.0,1226.0,1226.0,1160.0,1160.0,1160.0,1160.0,1160.0,1160.0,1160.0,1160.0,1160.0,1160.0,1160,1160,1160,
桂林航天工业学院,1314.0,1244.0,1244.0,1244.0,1212.0,1212.0,1212.0,1212.0,1212.0,1212.0,1212.0,1212.0,1212.0,1212.0,1159.0,1159,1159,1159,
梧州学院,1312.0,1268.0,1227.0,1227.0,1227.0,1227.0,1227.0,1227.0,1227.0,1227.0,1227.0,1227.0,1227.0,1227.0,1157.0,1157,1157,1157,
成都师范学院,1320.0,1252.0,1216.0,1216.0,1216.0,1216.0,1216.0,1216.0,1156.0,1156.0,1156.0,1156.0,1156.0,1156.0,1156.0,1156,1156,1156,
阿坝师范学院,1360.0,1390.0,1369.0,1345.0,1345.0,1256.0,1184.0,1184.0,1184.0,1184.0,1184.0,1150.0,1150.0,1150.0,1154.0,1154,1154,1154,
沈阳农业大学,1333.0,1288.0,1229.0,1229.0,1229.0,1229.0,1229.0,1229.0,1229.0,1229.0,1229.0,1153.0,1153.0,1153.0,1153.0,1153,1153,1153,
大连交通大学,1339.0,1297.0,1278.0,1224.0,1224.0,1224.0,1224.0,1224.0,1224.0,1224.0,1224.0,1150.0,1150.0,1150.0,1150.0,1150,1150,1150,
哈尔滨商业大学,1336.0,1283.0,1255.0,1255.0,1255.0,1255.0,1255.0,1255.0,1210.0,1210.0,1210.0,1145.0,1145.0,1145.0,1145.0,1145,1145,1145,
成都理工大学工程技术学院,1325.0,1256.0,1212.0,1145.0,1145.0,1145.0,1145.0,1145.0,1145.0,1145.0,1145.0,1145.0,1145.0,1145.0,1145.0,1145,1145,1145,
湖北中医药大学,1327.0,1248.0,1186.0,1186.0,1186.0,1211.0,1211.0,1143.0,1143.0,1143.0,1143.0,1143.0,1143.0,1143.0,1143.0,1143,1143,1143,
广西科技大学,1325.0,1287.0,1224.0,1224.0,1224.0,1224.0,1224.0,1224.0,1224.0,1224.0,1224.0,1224.0,1183.0,1183.0,1140.0,1140,1140,1140,
大连外国语大学,1322.0,1257.0,1193.0,1193.0,1193.0,1193.0,1193.0,1193.0,1193.0,1193.0,1193.0,1134.0,1134.0,1134.0,1134.0,1134,1134,1134,
齐齐哈尔大学,1307.0,1275.0,1232.0,1232.0,1232.0,1232.0,1232.0,1232.0,1174.0,1174.0,1174.0,1130.0,1130.0,1130.0,1130.0,1130,1130,1130,
内蒙古师范大学,1321.0,1262.0,1196.0,1196.0,1196.0,1196.0,1196.0,1196.0,1196.0,1196.0,1196.0,1196.0,1129.0,1129.0,1129.0,1129,1129,1129,
沈阳化工大学,1369.0,1360.0,1331.0,1282.0,1282.0,1282.0,1282.0,1211.0,1185.0,1185.0,1185.0,1125.0,1125.0,1125.0,1125.0,1125,1125,1125,
燕京理工学院,1313.0,1232.0,1184.0,1184.0,1184.0,1184.0,1184.0,1184.0,1117.0,1117.0,1117.0,1117.0,1117.0,1117.0,1117.0,1117,1117,1117,
广州华商学院,1341.0,1310.0,1280.0,1280.0,1280.0,1204.0,1204.0,1176.0,1176.0,1176.0,1168.0,1168.0,1168.0,1110.0,1110.0,1110,1110,1110,
黑龙江工程学院,1324.0,1233.0,1176.0,1176.0,1176.0,1176.0,1176.0,1176.0,1100.0,1100.0,1100.0,1100.0,1100.0,1100.0,1100.0,1100,1100,1100,
