series,year,ordinal,date,category,name,rankland_id,xcpcio_id,pta_id,archive_id
Other,2026,18,2026-05-31,Provincial,sichuan,sccpc18th,provincial-contest/2026/sichuan,,
Other,2026,19,2026-05-31,Provincial,neimenggu,nmcpc19th,,,
Other,2026,9,2026-05-31,Provincial,guangxi,gxcpc9th,,,
Other,2026,18,2026-05-31,School,sdutpc18,sdutpc18,,,
Other,2026,18,2026-05-30,Warmup,sichuan,,provincial-contest/2026/sichuan-warmup,,
CCPC,2026,12,2026-05-30,Invitational,fuzhou,ccpc2026invitational-fuzhou,,,
Other,2026,13,2026-05-30,Provincial,fujian,fjcpc13th,,,
CCPC,2026,12,2026-05-24,Invitational,nanchang,ccpc2026invitational-nanchang,ccpc/12th/nanchang-invitational,,
Other,2026,20,2026-05-24,Provincial,northeast,northeastcpc20th,provincial-contest/2026/northeastern,,
Other,2026,16,2026-05-24,Provincial,shandong,sdcpc16th,provincial-contest/2026/shandong,,
Other,2026,17,2026-05-24,Provincial,henan,haicpc17th,provincial-contest/2026/henan-icpc,,
CCPC,2026,12,2026-05-24,Invitational,qinhuangdao,ccpc2026invitational-qinhuangdao,,,
Other,2026,10,2026-05-24,Provincial,hebei,hecpc10th,,,
Other,2026,19,2026-05-24,Provincial,jilin,jlcpc19th,,,
CCPC,2026,12,2026-05-23,Warmup,nanchang,,ccpc/12th/nanchang-invitational-warmup,,
Other,2026,,2026-05-23,Provincial,jilin,,provincial-contest/2026/jilin,,
Other,2026,,2026-05-23,Warmup,henanicpc,,provincial-contest/2026/henan-icpc-warmup,,
Other,2026,,2026-05-23,Warmup,shandong,,provincial-contest/2026/shandong-warmup,,
Other,2026,20,2026-05-23,Warmup,northeast,,provincial-contest/2026/northeastern-warmup,,
Other,2026,,2026-05-22,Warmup,jilin,,provincial-contest/2026/jilin-warmup,,
ICPC,2026,51,2026-05-17,Invitational,jiangxi,,icpc/51st/jiangxi-invitational,,
ICPC,2026,51,2026-05-17,Invitational,wuhan,icpc2026invitational-wuhan,icpc/51st/wuhan-invitational,,
Other,2026,11,2026-05-17,Provincial,jiangsu,jscpc11th,provincial-contest/2026/jiangsu,,
ICPC,2026,51,2026-05-17,Invitational,nanchang,icpc2026invitational-nanchang,,,
Other,2026,,2026-05-17,Provincial,jiangxi,jxcpc2026,,,
Other,2026,7,2026-05-17,Provincial,hbcpc,hbcpc7th,,,
Other,2026,23,2026-05-17,Provincial,guangdong,gdcpc23rd,,,
ICPC,2026,51,2026-05-16,Warmup,jiangxi,,icpc/51st/jiangxi-invitational-warmup,,
ICPC,2026,51,2026-05-16,Warmup,wuhan,,icpc/51st/wuhan-invitational-warmup,,
Other,2026,,2026-05-16,Warmup,jiangsu,,provincial-contest/2026/jiangsu-warmup,,
Other,2026,14,2026-05-16,Provincial,shaanxi,sncpc14th,provincial-contest/2026/shaanxi,,
Other,2026,8,2026-05-10,Provincial,henan,haccpc8th,provincial-contest/2026/henan,,
Other,2026,,2026-05-10,Provincial,beijing,bjcpc2026,,,
Other,2026,21,2026-05-10,Provincial,heilongjiang,hlcpc21st,,,
Other,2026,3,2026-05-10,Final,ucupfinals,ucup3rdfinals,,,
ICPC,2026,51,2026-05-02,Warmup,xian,,icpc/51st/xian-invitational-warmup,,
ICPC,2026,51,2026-05-02,Invitational,xian,icpc2026invitational-xi_an,icpc/51st/xian-invitational,,
CCPC,2025,11,2026-04-26,Final,final,ccpc2025final,,2046522266744168448,11_CCPC_总决赛
Other,2026,,2026-04-25,Warmup,zhejiang,,provincial-contest/2026/zhejiang-warmup,,
Other,2026,23,2026-04-25,Provincial,zhejiang,zjcpc23rd,provincial-contest/2026/zhejiang,,
ICPC,2026,51,2026-04-11,Warmup,shenzhen,,icpc/51st/shenzhen-invitational-warmup,,
ICPC,2026,51,2026-04-11,Invitational,shenzhen,icpc2026invitational-shenzhen,icpc/51st/shenzhen-invitational,,
ICPC,2025,50,2026-02-02,Final,ecfinal,icpc2025ecfinal,icpc/50th/ecfinal,,50_ICPC_ECFinal
ICPC,2025,50,2026-02-01,Warmup,ecfinal,,icpc/50th/ecfinal-warmup,,
ICPC,2025,50,2025-11-30,Regional,hongkong,icpc2025hongkong,icpc/50th/hongkong,,50_ICPC_香港
CCPC,2025,11,2025-11-30,Regional,chongqing,ccpc2025chongqing,ccpc/11th/chongqing,,11_CCPC_重庆
Other,2025,19,2025-11-30,Provincial,shaoxing,,,1992863483790479360,
ICPC,2025,50,2025-11-29,Warmup,hongkong,,icpc/50th/hongkong-warmup,,
CCPC,2025,11,2025-11-29,Warmup,chongqing,,ccpc/11th/chongqing-warmup,,
ICPC,2025,50,2025-11-23,Regional,shanghai,icpc2025shanghai,icpc/50th/shanghai,,50_ICPC_上海
CCPC,2025,11,2025-11-23,Regional,zhengzhou,ccpc2025zhengzhou,ccpc/11th/zhengzhou,,11_CCPC_郑州
ICPC,2025,50,2025-11-22,Warmup,shanghai,,icpc/50th/shanghai-warmup,,
CCPC,2025,11,2025-11-22,Warmup,zhengzhou,,ccpc/11th/zhengzhou-invitational-warmup,,
ICPC,2025,50,2025-11-16,Regional,shenyang,icpc2025shenyang,icpc/50th/shenyang,,50_ICPC_沈阳
CCPC,2025,11,2025-11-16,Regional,jinan,ccpc2025jinan,ccpc/11th/jinan,,11_CCPC_济南
ICPC,2025,50,2025-11-15,Warmup,shenyang,,icpc/50th/shenyang-warmup,,
CCPC,2025,11,2025-11-15,Warmup,jinan,,ccpc/11th/jinan-warmup,,
Other,2025,6,2025-11-15,Provincial,liaoning,,provincial-contest/2025/liaoning,,
Other,2025,6,2025-11-14,Warmup,liaoning,,provincial-contest/2025/liaoning-warmup,,
ICPC,2025,50,2025-11-09,Regional,nanjing,icpc2025nanjing,icpc/50th/nanjing,,50_ICPC_南京
CCPC,2025,11,2025-11-09,Regional,harbin,ccpc2025harbin,ccpc/11th/harbin,,11_CCPC_哈尔滨
ICPC,2025,50,2025-11-08,Warmup,nanjing,,icpc/50th/nanjing-warmup,,
CCPC,2025,11,2025-11-08,Warmup,harbin,,ccpc/11th/harbin-warmup,,
ICPC,2025,50,2025-11-02,Regional,wuhan,icpc2025wuhan,icpc/50th/wuhan,,50_ICPC_武汉
ICPC,2025,50,2025-10-26,Regional,chengdu,icpc2025chengdu,icpc/50th/chengdu,,50_ICPC_成都
CCPC,2025,11,2025-10-26,Girls,girls,ccpc2025ladies,,1978758178821128192,
CCPC,2025,11,2025-10-26,Vocational,vocational,,,1978768358019448832,
ICPC,2025,50,2025-10-25,Warmup,chengdu,,icpc/50th/chengdu-warmup,,
ICPC,2025,50,2025-10-19,Regional,xian,icpc2025xi_an,icpc/50th/xian,,50_ICPC_西安
Other,2025,,2025-09-27,School,cityudg,cityudg2025,,,
CCPC,2025,11,2025-09-20,Online,online,,,1967841176776331264,11_CCPC_online
ICPC,2025,50,2025-09-14,Online,online2,,,1964904761885741056,50_ICPC_online2
CCPC,2025,11,2025-09-13,Invitational,nanchang,ccpc2025invitational-nanchang,ccpc/11th/nanchang-invitational,,
Other,2025,2,2025-09-13,Provincial,jiangxi,jxccpc2nd,,,
CCPC,2025,11,2025-09-12,Warmup,nanchang,,ccpc/11th/nanchang-invitational-warmup,,
ICPC,2025,50,2025-09-07,Online,online1,,,1962439589388427264,50_ICPC_online1
ICPC,2024,49,2025-09-04,Final,worldfinals,icpc49thworldfinals,icpc/49th/world-finals,,
ICPC,2024,49,2025-09-02,Warmup,worldfinals,,icpc/49th/world-finals-dress-rehearsal,,
Other,2025,3,2025-08-24,Final,ucupsemifinals,ucup3rdsemifinals,,,
Other,2025,,2025-07-05,Provincial,shanghai,shcpc2025,provincial-contest/2025/shanghai,,
Other,2025,,2025-07-05,Warmup,shanghai,,provincial-contest/2025/shanghai-warmup,,
Other,2025,18,2025-06-22,Provincial,neimenggu,nmcpc18th,,1935575958119424000,
CCPC,2025,11,2025-06-21,Invitational,fujian,ccpc2025invitational-fujian,,1934898936967766016,
Other,2025,12,2025-06-21,Provincial,fujian,fjcpc12th,,,
Other,2025,17,2025-06-08,Provincial,sichuan,sccpc17th,provincial-contest/2025/sichuan,,
ICPC,2025,50,2025-06-08,Invitational,srni,icpc2025srni,,,
Other,2025,,2025-06-07,Warmup,sichuan,,provincial-contest/2025/sichuan-warmup,,
CCPC,2025,11,2025-06-02,Invitational,zhengzhou,ccpc2025invitational-zhengzhou,ccpc/11th/zhengzhou-invitational,,
Other,2025,10,2025-06-02,Provincial,jiangsu,jscpc10th,provincial-contest/2025/jiangsu,,
CCPC,2025,11,2025-06-02,Preliminary,guangdong,ccpc2025invitational-guangdong-preliminary,,1925946171279802368,
Other,2025,7,2025-06-02,Provincial,henan,haccpc7th,,,
Other,2025,22,2025-06-02,Provincial,guangdong,gdcpc22nd,,,
Other,2025,,2025-06-01,Warmup,jiangsu,,provincial-contest/2025/jiangsu-warmup,,
CCPC,2025,11,2025-05-25,Invitational,northeast,ccpc2025invitational-northeast,ccpc/11th/northeastern,,
Other,2025,15,2025-05-25,Provincial,shandong,sdcpc15th,provincial-contest/2025/shandong,,
Other,2025,8,2025-05-25,Provincial,guangxi,gxcpc8th,,,
Other,2025,19,2025-05-25,Provincial,northeast,northeastcpc19th,,,
CCPC,2025,11,2025-05-24,Warmup,northeast,,ccpc/11th/northeastern-warmup,,
Other,2025,18,2025-05-24,Provincial,jilin,jlcpc18th,provincial-contest/2025/jilin,,
Other,2025,,2025-05-23,Warmup,jilin,,provincial-contest/2025/jilin-warmup,,
ICPC,2025,50,2025-05-18,Invitational,nanchang,icpc2025invitational-nanchang,icpc/50th/nanchang-invitational,,
ICPC,2025,50,2025-05-18,Warmup,nanchang,,icpc/50th/nanchang-invitational-warmup,,
Other,2025,9,2025-05-18,Provincial,hebei,hecpc9th,provincial-contest/2025/hebei,,
Other,2025,,2025-05-18,Provincial,jiangxi,jxcpc2025,,,
Other,2025,17,2025-05-18,School,sdutpc17,sdutpc17,,,
Other,2025,9,2025-05-17,Warmup,hebei,,provincial-contest/2025/hebei-warmup,,
Other,2025,16,2025-05-11,Provincial,henan,haicpc16th,provincial-contest/2025/henan,,
Other,2025,20,2025-05-11,Provincial,heilongjiang,hlcpc20th,,1915280742287147008,
CCPC,2024,10,2025-05-11,Final,final,ccpc2024final,,1919646713470414848,
Other,2025,13,2025-05-10,Warmup,shaanxi,,provincial-contest/2025/shaanxi-warmup,,
Other,2025,13,2025-05-10,Provincial,shaanxi,sncpc13th,provincial-contest/2025/shaanxi,,
Other,2025,,2025-05-10,Warmup,henan,,provincial-contest/2025/henan-warmup,,
Other,2025,13,2025-05-10,Provincial,chongqing,cqcpc13th,,1917126683478355968,
ICPC,2025,50,2025-05-04,Invitational,xian,icpc2025invitational-xi_an,,,
ICPC,2025,50,2025-04-27,Invitational,wuhan,icpc2025invitational-wuhan,icpc/50th/wuhan-invitational,,
ICPC,2025,50,2025-04-26,Warmup,wuhan,,icpc/50th/wuhan-warmup,,
Other,2025,22,2025-04-26,Provincial,zhejiang,zjcpc22nd,provincial-contest/2025/zhejiang,,
Other,2025,,2025-04-26,Warmup,zhejiang,,provincial-contest/2025/zhejiang-warmup,,
Other,2025,,2025-04-20,Provincial,beijing,bjcpc2025,,,
Other,2025,2,2025-02-22,Final,ucupfinals,ucup2ndfinals,,,
ICPC,2024,49,2024-12-28,Final,ecfinal,icpc2024ecfinal,icpc/49th/ecfinal,,49_ICPC_ECFinal
ICPC,2024,49,2024-12-27,Warmup,ecfinal,,icpc/49th/ecfinal-warmup,,
ICPC,2024,49,2024-12-22,Regional,hongkong,icpc2024hongkong,icpc/49th/hongkong,,49_ICPC_香港
ICPC,2024,49,2024-12-21,Warmup,hongkong,,icpc/49th/hongkong-warmup,,
ICPC,2024,49,2024-12-01,Regional,kunming,icpc2024kunming,icpc/49th/kunming,,49_ICPC_昆明
ICPC,2024,49,2024-11-24,Regional,shenyang,icpc2024shenyang,icpc/49th/shenyang,,49_ICPC_沈阳
ICPC,2024,49,2024-11-23,Warmup,shenyang,,icpc/49th/shenyang-warmup,,
ICPC,2024,49,2024-11-17,Regional,shanghai,icpc2024shanghai,icpc/49th/shanghai,,49_ICPC_上海
CCPC,2024,10,2024-11-17,Regional,zhengzhou,ccpc2024zhengzhou,ccpc/10th/zhengzhou,,10_CCPC_郑州
ICPC,2024,49,2024-11-16,Warmup,shanghai,,icpc/49th/shanghai-warmup,,
CCPC,2024,10,2024-11-16,Warmup,zhengzhou,,ccpc/10th/zhengzhou-warmup,,
ICPC,2024,49,2024-11-10,Regional,hangzhou,icpc2024hangzhou,icpc/49th/hangzhou,,49_ICPC_杭州
CCPC,2024,10,2024-11-10,Regional,chongqing,ccpc2024chongqing,ccpc/10th/chongqing,,10_CCPC_重庆
ICPC,2024,49,2024-11-09,Warmup,hangzhou,,icpc/49th/hangzhou-warmup,,
CCPC,2024,10,2024-11-09,Warmup,chongqing,,ccpc/10th/chongqing-warmup,,
ICPC,2024,49,2024-11-03,Regional,nanjing,icpc2024nanjing,icpc/49th/nanjing,,49_ICPC_南京
Other,2024,5,2024-11-03,Provincial,liaoning,,provincial-contest/2024/liaoning,,
CCPC,2024,10,2024-11-03,Vocational,vocational,ccpc2024hv,,1851178571429322752,
CCPC,2024,10,2024-11-03,Girls,girls,ccpc2024ladies,,1851537240507555840,
Other,2024,5,2024-11-03,Provincial,lncpc,lncpc5th,,,
ICPC,2024,49,2024-11-02,Warmup,nanjing,,icpc/49th/nanjing-warmup,,
ICPC,2024,49,2024-10-27,Regional,chengdu,icpc2024chengdu,icpc/49th/chengdu,,49_ICPC_成都
CCPC,2024,10,2024-10-27,Regional,jinan,ccpc2024jinan,ccpc/10th/jinan,,10_CCPC_济南
ICPC,2024,49,2024-10-26,Warmup,chengdu,,icpc/49th/chengdu-warmup,,
CCPC,2024,10,2024-10-26,Warmup,jinan,,ccpc/10th/jinan-warmup,,
CCPC,2024,10,2024-10-20,Regional,harbin,ccpc2024harbin,ccpc/10th/harbin,,10_CCPC_哈尔滨
CCPC,2024,10,2024-10-19,Warmup,harbin,,ccpc/10th/harbin-warmup,,
Other,2024,20,2024-10-13,Provincial,hunan,,provincial-contest/2024/hunan,,
Other,2024,20,2024-10-13,Provincial,hncpc,hncpc20th,,,
Other,2024,20,2024-10-12,Warmup,hunan,,provincial-contest/2024/hunan-warmup,,
ICPC,2024,49,2024-09-21,Online,online2,,icpc/49th/online-qualification-2,1835981416207253504,49_ICPC_online2
ICPC,2023,48,2024-09-19,Final,worldfinals,icpc48thworldfinals,icpc/48th/world-finals,,
ICPC,2024,49,2024-09-15,Online,online1,,icpc/49th/online-qualification-1,1831362571373408256,49_ICPC_online1
CCPC,2024,10,2024-09-08,Online,online,,ccpc/10th/online-qualification,1830898870598004736,10_CCPC_online
Other,2024,2,2024-06-22,Final,ucupsemifinals,ucup2ndsemifinals,,,
Other,2024,,2024-06-16,Provincial,shanghai,,provincial-contest/2024/shanghai,,
Other,2024,16,2024-06-16,Provincial,sichuan,,provincial-contest/2024/sichuan,,
Other,2024,,2024-06-16,Provincial,shcpc,shcpc2024,,,
Other,2024,16,2024-06-16,Provincial,sccpc,sccpc16th,,,
Other,2024,16,2024-06-15,Warmup,sichuan,,provincial-contest/2024/sichuan-warmup,,
ICPC,2024,49,2024-06-09,Invitational,srni,icpc2024srni,,,
Other,2024,,2024-06-03,Provincial,henanicpc,,provincial-contest/2024/henan-icpc,,
Other,2024,15,2024-06-03,Provincial,haicpc,haicpc15th,,,
Other,2024,,2024-06-02,Warmup,shaanxi,,provincial-contest/2024/shaanxi-warmup,,
Other,2024,,2024-06-02,Provincial,shaanxi,,provincial-contest/2024/shaanxi,,
Other,2024,,2024-06-02,Provincial,jiangxi,,provincial-contest/2024/jiangxi,,
Other,2024,,2024-06-02,Warmup,jiangxi,,provincial-contest/2024/jiangxi-warmup,,
Other,2024,,2024-06-02,Warmup,henanicpc,,provincial-contest/2024/henan-icpc-warmup,,
Other,2024,,2024-06-02,Provincial,jxcpc,jxcpc2024,,,
Other,2024,12,2024-06-02,Provincial,sncpc,sncpc12th,,,
ICPC,2024,49,2024-05-26,Invitational,kunming,icpc2024invitational-kunming,icpc/49th/kunming-invitational,,
Other,2024,,2024-05-26,Provincial,shandong,,provincial-contest/2024/shandong,,
Other,2024,11,2024-05-26,Provincial,fujian,,provincial-contest/2024/fujian,,
Other,2024,21,2024-05-26,Provincial,guangdong,,provincial-contest/2024/guangdong,,
Other,2024,,2024-05-26,Provincial,hebei,,provincial-contest/2024/hebei,,
CCPC,2024,10,2024-05-26,Invitational,fuzhou,ccpc2024invitational-fuzhou,,,
CCPC,2024,10,2024-05-26,Invitational,jinan,ccpc2024invitational-jinan,,,
Other,2024,8,2024-05-26,Provincial,hecpc,hecpc8th,,,
Other,2024,11,2024-05-26,Provincial,fjcpc,fjcpc11th,,,
Other,2024,14,2024-05-26,Provincial,sdcpc,sdcpc14th,,,
Other,2024,21,2024-05-26,Provincial,gdcpc,gdcpc21st,,,
ICPC,2024,49,2024-05-25,Warmup,kunming,,icpc/49th/kunming-warmup,,
Other,2024,21,2024-05-25,Warmup,guangdong,,provincial-contest/2024/guangdong-warmup,,
Other,2024,,2024-05-25,Warmup,hebei,,provincial-contest/2024/hebei-warmup,,
ICPC,2024,49,2024-05-19,Warmup,xian,,icpc/49th/xian-invitational-warmup,,
ICPC,2024,49,2024-05-19,Invitational,xian,icpc2024invitational-xi_an,icpc/49th/xian-invitational,,
Other,2024,,2024-05-19,Provincial,beijing,,provincial-contest/2024/beijing,,
Other,2024,7,2024-05-19,Provincial,guangxi,,provincial-contest/2024/guangxi,,
Other,2024,,2024-05-19,Provincial,bjcpc,bjcpc2024,,,
Other,2024,7,2024-05-19,Provincial,gxcpc,gxcpc7th,,,
Other,2024,,2024-05-12,Provincial,henan,,provincial-contest/2024/henan,,
Other,2024,,2024-05-12,Provincial,jiangsu,,provincial-contest/2024/jiangsu,,
Other,2024,17,2024-05-12,Provincial,nmcpc,nmcpc17th,,,
Other,2024,9,2024-05-12,Provincial,jscpc,jscpc9th,,,
Other,2024,6,2024-05-12,Provincial,haccpc,haccpc6th,,,
Other,2024,16,2024-05-12,School,sdutpc16,sdutpc16,,,
Other,2024,,2024-05-11,Warmup,henan,,provincial-contest/2024/henan-warmup,,
ICPC,2024,49,2024-05-02,Invitational,wuhan,icpc2024invitational-wuhan,icpc/49th/wuhan-invitational,,
ICPC,2024,49,2024-05-01,Warmup,wuhan,,icpc/49th/wuhan-invitational-warmup,,
Other,2024,,2024-04-27,Provincial,hubei,,provincial-contest/2024/hubei,,
Other,2024,6,2024-04-27,Provincial,hbcpc,hbcpc6th,,,
Other,2024,,2024-04-26,Warmup,hubei,,provincial-contest/2024/hubei-warmup,,
ICPC,2022,47,2024-04-18,Final,worldfinals,icpc47thworldfinals,icpc/47th/world-finals,,
ICPC,2021,46,2024-04-18,Final,worldfinals,icpc46thworldfinals,icpc/46th/world-finals,,
Other,2024,,2024-04-13,Provincial,zhejiang,,provincial-contest/2024/zhejiang,,
Other,2024,,2024-04-13,Warmup,zhejiang,,provincial-contest/2024/zhejiang-warmup,,
Other,2024,21,2024-04-13,Provincial,zjcpc,zjcpc21st,,,
CCPC,2023,9,2024-03-31,Final,final,ccpc2023final,ccpc/9th/final,,9_CCPC_总决赛
CCPC,2023,9,2024-03-30,Warmup,final,,ccpc/9th/final-warmup,,
ICPC,2023,48,2024-01-13,Final,ecfinal,icpc2023ecfinal,icpc/48th/ecfinal,,48_ICPC_ECFinal
ICPC,2023,48,2024-01-12,Warmup,ecfinal,,icpc/48th/ecfinal-warmup,,
ICPC,2023,48,2023-12-10,Regional,hangzhou,icpc2023hangzhou,icpc/48th/hangzhou,,48_ICPC_杭州
ICPC,2023,48,2023-12-09,Warmup,hangzhou,,icpc/48th/hangzhou-warmup,,
ICPC,2023,48,2023-12-03,Regional,jinan,icpc2023jinan,icpc/48th/jinan,,48_ICPC_济南
ICPC,2023,48,2023-12-02,Warmup,jinan,,icpc/48th/jinan-warmup,,
ICPC,2023,48,2023-11-26,Regional,hefei,icpc2023hefei,icpc/48th/hefei,,48_ICPC_合肥
ICPC,2023,48,2023-11-25,Warmup,hefei,,icpc/48th/hefei-warmup,,
ICPC,2023,48,2023-11-19,Regional,macau,icpc2023macau,icpc/48th/macau,,48_ICPC_澳门
ICPC,2023,48,2023-11-12,Regional,shenyang,icpc2023shenyang,icpc/48th/shenyang,,48_ICPC_沈阳
CCPC,2023,9,2023-11-12,Regional,shenzhen,ccpc2023shenzhen,ccpc/9th/shenzhen,,9_CCPC_深圳
ICPC,2023,48,2023-11-11,Warmup,shenyang,,icpc/48th/shenyang-warmup,,
CCPC,2023,9,2023-11-11,Warmup,shenzhen,,ccpc/9th/shenzhen-warmup,,
ICPC,2023,48,2023-11-05,Regional,nanjing,icpc2023nanjing,icpc/48th/nanjing,,48_ICPC_南京
CCPC,2023,9,2023-11-05,Regional,harbin,ccpc2023harbin,ccpc/9th/harbin,,9_CCPC_哈尔滨
ICPC,2023,48,2023-11-04,Warmup,nanjing,,icpc/48th/nanjing-warmup,,
CCPC,2023,9,2023-11-04,Warmup,harbin,,ccpc/9th/harbin-warmup,,
CCPC,2023,9,2023-10-29,Regional,guilin,ccpc2023guilin,ccpc/9th/guilin,,9_CCPC_桂林
CCPC,2023,9,2023-10-28,Warmup,guilin,,ccpc/9th/guilin-warmup,,
ICPC,2023,48,2023-10-22,Regional,xian,icpc2023xi_an,icpc/48th/xian,,48_ICPC_西安
CCPC,2023,9,2023-10-21,Vocational,vocational,ccpc2023hv,ccpc/9th/vocational,,
CCPC,2023,9,2023-10-21,Girls,girls,ccpc2023ladies,ccpc/9th/girl,,
CCPC,2023,9,2023-10-20,Warmup,,,ccpc/9th/girl-warmup,,
CCPC,2023,9,2023-10-20,Warmup,vocational,,ccpc/9th/vocational-warmup,,
CCPC,2023,9,2023-10-15,Regional,qinhuangdao,ccpc2023qinhuangdao,ccpc/9th/qinhuangdao,,9_CCPC_秦皇岛
CCPC,2023,9,2023-10-14,Warmup,qinhuangdao,,ccpc/9th/qinhuangdao-warmup,,
ICPC,2023,48,2023-09-23,Online,online2,,icpc/48th/online-qualification-2,,
ICPC,2023,48,2023-09-17,Online,online1,,icpc/48th/online-qualification-1,,
Other,2023,19,2023-09-17,Provincial,hunan,,provincial-contest/2023/hunan,,
Other,2023,19,2023-09-17,Provincial,hncpc,hncpc19th,,,
CCPC,2023,9,2023-08-20,Online,online,,ccpc/9th/online-qualification,,
Other,2023,13,2023-06-04,Provincial,shandong,,provincial-contest/2023/shandong,,
Other,2023,6,2023-06-04,Provincial,guangxi,,provincial-contest/2023/guangxi,,
ICPC,2023,48,2023-06-04,Invitational,srni,icpc2023srni,,,
Other,2023,13,2023-06-04,Provincial,sdcpc,sdcpc13th,,,
Other,2023,6,2023-06-04,Provincial,gxcpc,gxcpc6th,,,
Other,2023,15,2023-06-04,Provincial,sccpc,sccpc15th,,,
Other,2023,13,2023-06-03,Warmup,shandong,,provincial-contest/2023/shandong-warmup,,
Other,2023,6,2023-06-03,Warmup,guangxi,,provincial-contest/2023/guangxi-warmup,,
CCPC,2023,9,2023-05-28,Invitational,xiangtan,ccpc2023invitational-xiangtan,ccpc/9th/xiangtan-invitational,,
CCPC,2023,9,2023-05-28,Invitational,jiangsuandxiangtan,,ccpc/9th/jiangsu-and-xiangtan,,
Other,2023,,2023-05-28,Provincial,jiangsu,,provincial-contest/2023/jiangsu,,
Other,2023,8,2023-05-28,Provincial,jscpc,jscpc8th,,,
Other,2023,,2023-05-28,School,thupc,thupc2023,,,
Other,2023,15,2023-05-28,School,sdutpc15,sdutpc15,,,
CCPC,2023,9,2023-05-27,Warmup,xiangtan,,ccpc/9th/xiangtan-invitational-warmup,,
CCPC,2023,9,2023-05-27,Warmup,jiangsuandxiangtan,,ccpc/9th/jiangsu-and-xiangtan-warmup,,
Other,2023,,2023-05-27,Warmup,jiangsu,,provincial-contest/2023/jiangsu-warmup,,
Other,2023,,2023-05-21,Provincial,jiangxi,,provincial-contest/2023/jiangxi,,
Other,2023,,2023-05-21,Provincial,hebei,,provincial-contest/2023/hebei,,
Other,2023,7,2023-05-21,Provincial,hecpc,hecpc7th,,,
Other,2023,,2023-05-21,Provincial,jxcpc,jxcpc2023,,,
Other,2023,,2023-05-20,Provincial,xinjiang,,provincial-contest/2023/xinjiang,,
Other,2023,,2023-05-20,Provincial,xjcpc,xjcpc2023,,,
ICPC,2023,48,2023-05-14,Warmup,xian,,icpc/48th/xian-invitational-warmup,,
ICPC,2023,48,2023-05-14,Invitational,xian,icpc2023invitational-xi_an,icpc/48th/xian-invitational,,
Other,2023,20,2023-05-14,Provincial,guangdong,,provincial-contest/2023/guangdong,,
Other,2023,20,2023-05-14,Provincial,gdcpc,gdcpc20th,,,
CCPC,2022,8,2023-05-14,Final,final,ccpc2022final,ccpc/8th/final,,8_CCPC_总决赛
Other,2023,20,2023-05-13,Warmup,guangdong,,provincial-contest/2023/guangdong-warmup,,
CCPC,2022,8,2023-05-13,Warmup,final,,ccpc/8th/final-warmup,,
Other,2023,5,2023-05-07,Provincial,henan,,provincial-contest/2023/henan,,
Other,2023,5,2023-05-07,Provincial,haccpc,haccpc5th,,,
Other,2023,5,2023-05-05,Warmup,henan,,provincial-contest/2023/henan-warmup,,
Other,2023,5,2023-04-30,Provincial,hubei,,provincial-contest/2023/hubei,,
Other,2023,5,2023-04-30,Provincial,hbcpc,hbcpc5th,,,
Other,2023,5,2023-04-29,Warmup,hubei,,provincial-contest/2023/hubei-warmup,,
Other,2023,20,2023-04-15,Provincial,zhejiang,,provincial-contest/2023/zhejiang,,
Other,2023,20,2023-04-15,Warmup,zhejiang,,provincial-contest/2023/zhejiang-warmup,,
Other,2023,20,2023-04-15,Provincial,zjcpc,zjcpc20th,,,
ICPC,2022,47,2023-03-25,Final,ecfinal,icpc2022ecfinal,icpc/47th/ec-final,,47_ICPC_ECFinal
ICPC,2022,47,2023-01-14,Warmup,hongkong,,icpc/47th/hongkong-warmup,,
ICPC,2022,47,2023-01-14,Regional,hongkong,icpc2022hongkong,icpc/47th/hongkong,,47_ICPC_香港
ICPC,2022,47,2022-12-18,Regional,nanjing,icpc2022nanjing,icpc/47th/nanjing,,47_ICPC_南京
ICPC,2022,47,2022-12-17,Warmup,nanjing,,icpc/47th/nanjing-warmup,,
ICPC,2022,47,2022-12-04,Regional,hangzhou,icpc2022hangzhou,icpc/47th/hangzhou,,47_ICPC_杭州
ICPC,2022,47,2022-12-03,Warmup,hangzhou,,icpc/47th/hangzhou-warmup,,
ICPC,2022,47,2022-11-27,Regional,jinan,icpc2022jinan,icpc/47th/jinan,,47_ICPC_济南
CCPC,2022,8,2022-11-27,Girls,girls,ccpc2022ladies,ccpc/8th/girls,,
ICPC,2022,47,2022-11-26,Warmup,jinan,,icpc/47th/jinan-warmup,,
CCPC,2022,8,2022-11-26,Warmup,,,ccpc/8th/girls-warmup,,
ICPC,2022,47,2022-11-20,Regional,hefei,icpc2022hefei,icpc/47th/hefei,,47_ICPC_合肥
CCPC,2022,8,2022-11-20,Regional,mianyang,ccpc2022mianyang,ccpc/8th/mianyang,,8_CCPC_绵阳
ICPC,2022,47,2022-11-19,Warmup,hefei,,icpc/47th/hefei-warmup,,
CCPC,2022,8,2022-11-19,Warmup,mianyang,,ccpc/8th/mianyang-warmup,,
ICPC,2022,47,2022-11-13,Regional,xian,icpc2022xi_an,icpc/47th/xian,,47_ICPC_西安
CCPC,2022,8,2022-11-13,Regional,guangzhou,ccpc2022guangzhou,ccpc/8th/guangzhou,,8_CCPC_广州
ICPC,2022,47,2022-11-12,Warmup,xian,,icpc/47th/xian-warmup,,
CCPC,2022,8,2022-11-12,Warmup,guangzhou,,ccpc/8th/guangzhou-warmup,,
ICPC,2022,47,2022-11-06,Regional,shenyang,icpc2022shenyang,icpc/47th/shenyang,,47_ICPC_沈阳
CCPC,2022,8,2022-11-06,Regional,weihai,ccpc2022weihai,ccpc/8th/weihai,,8_CCPC_威海
ICPC,2022,47,2022-11-05,Warmup,shenyang,,icpc/47th/shenyang-warmup,,
CCPC,2022,8,2022-11-05,Warmup,weihai,,ccpc/8th/weihai-warmup,,
CCPC,2022,8,2022-10-30,Regional,guilin,ccpc2022guilin,ccpc/8th/guilin,,8_CCPC_桂林
CCPC,2022,8,2022-10-23,Vocational,vocational,ccpc2022hv,ccpc/8th/gaozhi,,
Other,2022,,2022-10-23,Provincial,jiangxi,,provincial-contest/2022/jiangxi,,
Other,2022,3,2022-10-23,Provincial,liaoning,,provincial-contest/2022/liaoning,,
Other,2022,,2022-10-23,Warmup,jiangxi,,provincial-contest/2022/jiangxi-warmup,,
Other,2022,3,2022-10-23,Provincial,lncpc,lncpc3rd,,,
Other,2022,,2022-10-23,Provincial,jxcpc,jxcpc2022,,,
Other,2022,,2022-10-22,Provincial,shanxi,,provincial-contest/2022/shanxi,,
Other,2022,3,2022-10-22,Warmup,liaoning,,provincial-contest/2022/liaoning-warmup,,
Other,2022,,2022-10-22,Warmup,shanxi,,provincial-contest/2022/shanxi-warmup,,
Other,2022,6,2022-10-22,Provincial,hecpc,hecpc6th,,,
Other,2022,10,2022-10-22,Provincial,sncpc,sncpc10th,,,
Other,2022,4,2022-10-02,Provincial,haccpc,haccpc4th,,,
ICPC,2022,47,2022-09-25,Online,online2,,icpc/47th/online-qualification-2,,
ICPC,2022,47,2022-09-17,Online,online1,,icpc/47th/online-qualification-1,,
CCPC,2022,8,2022-09-11,Online,online,,ccpc/8th/online-qualification,,
CCPC,2021,7,2022-07-27,Final,final,ccpc2021final,ccpc/7th/final,,7_CCPC_总决赛
ICPC,2021,46,2022-07-20,Final,ecfinal,icpc2021ecfinal,icpc/46th/ec-final,,46_ICPC_ECFinal
ICPC,2021,46,2022-07-19,Warmup,ecfinal,,icpc/46th/ec-final-warmup,,
Other,2022,5,2022-06-26,Provincial,guangxi,,provincial-contest/2022/guangxi,,
Other,2022,5,2022-06-26,Provincial,gxcpc,gxcpc5th,,,
Other,2022,,2022-06-05,Warmup,guangdong,,provincial-contest/2022/guangdong-warmup,,
Other,2022,,2022-06-05,Provincial,guangdong,,provincial-contest/2022/guangdong,,
Other,2022,19,2022-06-05,Provincial,gdcpc,gdcpc19th,,,
Other,2022,14,2022-05-29,School,sdutpc14,sdutpc14,,,
Other,2022,,2022-05-28,Provincial,jiangsu,,provincial-contest/2022/jiangsu,,
Other,2022,7,2022-05-28,Provincial,jscpc,jscpc7th,,,
Other,2022,,2022-05-27,Warmup,jiangsu,,provincial-contest/2022/jiangsu-warmup,,
Other,2022,4,2022-05-22,Provincial,hbcpc,hbcpc4th,provincial-contest/2022/hbcpc,,
Other,2022,12,2022-05-22,Provincial,sdcpc,sdcpc12th,,,
ICPC,2021,46,2022-04-17,Regional,kunming,icpc2021kunming,icpc/46th/kunming,,46_ICPC_昆明
Other,2022,19,2022-04-16,Provincial,zjcpc,zjcpc19th,provincial-contest/2022/zjcpc,,
ICPC,2021,46,2022-04-16,Warmup,kunming,,icpc/46th/kunming-warmup,,
ICPC,2021,46,2022-04-03,Regional,macau,icpc2021macau,icpc/46th/macau,,46_ICPC_澳门
ICPC,2021,46,2022-04-03,Warmup,macau,,icpc/46th/macau-warmup,,
Other,2021,,2021-12-25,Provincial,jiangsu,,provincial-contest/2021/jiangsu,,
Other,2021,6,2021-12-25,Provincial,jscpc,jscpc6th,,,
Other,2021,,2021-12-24,Warmup,jiangsu,,provincial-contest/2021/jiangsu-warmup,,
ICPC,2021,46,2021-12-04,Regional,nanjing,icpc2021nanjing,icpc/46th/nanjing,,46_ICPC_南京
ICPC,2021,46,2021-12-03,Warmup,nanjing,,icpc/46th/nanjing-warmup,,
Other,2021,15,2021-11-30,Provincial,jilin,,provincial-contest/2021/jilin,,
Other,2021,15,2021-11-30,Provincial,jlcpc,jlcpc15th,,,
ICPC,2021,46,2021-11-28,Regional,shanghai,icpc2021shanghai,icpc/46th/shanghai,,46_ICPC_上海
CCPC,2021,7,2021-11-28,Regional,harbin,ccpc2021harbin,ccpc/7th/harbin,,7_CCPC_哈尔滨
ICPC,2021,46,2021-11-27,Warmup,shanghai,,icpc/46th/shanghai-warmup,,
CCPC,2021,7,2021-11-27,Warmup,harbin,,ccpc/7th/harbin-warmup,,
ICPC,2021,46,2021-11-21,Regional,shenyang,icpc2021shenyang,icpc/46th/shenyang,,46_ICPC_沈阳
CCPC,2021,7,2021-11-21,Regional,weihai,ccpc2021weihai,ccpc/7th/weihai,,7_CCPC_威海
ICPC,2021,46,2021-11-20,Warmup,shenyang,,icpc/46th/shenyang-warmup,,
CCPC,2021,7,2021-11-20,Warmup,weihai,,ccpc/7th/weihai-warmup,,
ICPC,2021,46,2021-11-14,Regional,jinan,icpc2021jinan,icpc/46th/jinan,,46_ICPC_济南
CCPC,2021,7,2021-11-14,Regional,guangzhou,ccpc2021guangzhou,ccpc/7th/guangzhou,,7_CCPC_广州
ICPC,2021,46,2021-11-13,Warmup,jinan,,icpc/46th/jinan-warmup,,
CCPC,2021,7,2021-11-13,Warmup,guangzhou,,ccpc/7th/guangzhou-warmup,,
CCPC,2021,7,2021-11-07,Regional,guilin,ccpc2021guilin,ccpc/7th/guilin,,7_CCPC_桂林
CCPC,2021,7,2021-11-06,Warmup,guilin,,ccpc/7th/guilin-warmup,,
CCPC,2021,7,2021-10-31,Girls,girls,ccpc2021ladies,ccpc/7th/girl,,
CCPC,2021,7,2021-10-30,Warmup,,,ccpc/7th/girl-warmup,,
Other,2021,3,2021-10-30,Provincial,henan,,provincial-contest/2021/henan,,
Other,2021,3,2021-10-30,Warmup,henan,,provincial-contest/2021/henan-warmup,,
Other,2021,3,2021-10-30,Provincial,haccpc,haccpc3rd,,,
ICPC,2019,44,2021-10-05,Final,worldfinals,,icpc/2020/world-finals,,
ICPC,2020,45,2021-09-30,Invitational,worldfinals,,icpc/2020/world-finals-Invitational,,
ICPC,2020,45,2021-07-18,Regional,shenyang,icpc2020shenyang,icpc/2020/shenyang,,45_ICPC_沈阳
Other,2021,,2021-07-11,Provincial,shanghai,,provincial-contest/2021/shanghai,,
Other,2021,,2021-07-11,Warmup,shanghai,,provincial-contest/2021/shanghai-warmup,,
Other,2021,,2021-07-11,Provincial,shcpc,shcpc2021,,,
Other,2021,15,2021-06-13,Provincial,necpc,,provincial-contest/2021/necpc,,
Other,2021,15,2021-06-13,Provincial,northeastcpc,northeastcpc15th,,,
Other,2021,15,2021-06-12,Warmup,necpc,,provincial-contest/2021/necpc-warmup,,
ICPC,2021,46,2021-06-06,Invitational,xian,icpc2021invitational-xi_an,,,
CCPC,2020,6,2021-05-30,Final,final,ccpc2020final,ccpc/2020/final,,6_CCPC_总决赛
CCPC,2020,6,2021-05-29,Warmup,final,,ccpc/2020/final-warmup,,
ICPC,2020,45,2021-05-29,Regional,macau,,,,45_ICPC_澳门
ICPC,2020,45,2021-05-16,Regional,yinchuan,icpc2020yinchuan,icpc/2020/yinchuan,,45_ICPC_银川
Other,2021,11,2021-05-09,Provincial,sdcpc,sdcpc11th,provincial-contest/2021/sdcpc,,
ICPC,2020,45,2021-04-18,Final,ecfinal,icpc2020ecfinal,icpc/2020/ec-final,,45_ICPC_ECFinal
Other,2021,18,2021-04-17,Provincial,zjcpc,zjcpc18th,provincial-contest/2021/zjcpc,,
ICPC,2020,45,2021-04-03,Regional,kunming,icpc2020kunming,icpc/2020/kunming,,45_ICPC_昆明
ICPC,2020,45,2021-04-02,Warmup,kunming,,icpc/2020/kunming-warmup,,
ICPC,2020,45,2020-12-27,Regional,jinan,icpc2020jinan,icpc/2020/jinan,,45_ICPC_济南
ICPC,2020,45,2020-12-26,Warmup,jinan,,icpc/2020/jinan-warmup,,
ICPC,2020,45,2020-12-20,Regional,nanjing,icpc2020nanjing,icpc/2020/nanjing,,45_ICPC_南京
ICPC,2020,45,2020-12-19,Warmup,nanjing,,icpc/2020/nanjing-warmup,,
ICPC,2020,45,2020-12-13,Regional,shanghai,icpc2020shanghai,icpc/2020/shanghai,,45_ICPC_上海
ICPC,2020,45,2020-12-12,Warmup,shanghai,,icpc/2020/shanghai-warmup,,
ICPC,2020,45,2020-11-22,Invitational,xiaomi,icpc2020invitational-xiaomi,icpc/2020/xiaomi,,
ICPC,2020,45,2020-11-21,Warmup,xiaomi,,icpc/2020/xiaomi-warmup,,
Other,2020,,2020-11-21,Provincial,henancpc,,provincial-contest/2020/henancpc,,
Other,2020,2,2020-11-21,Provincial,haccpc,haccpc2nd,,,
Other,2020,,2020-11-15,Provincial,jscpc,,provincial-contest/2020/jscpc,,
Other,2020,,2020-11-15,Provincial,jxcpc,jxcpc2020,,,
Other,2020,,2020-11-14,Warmup,jscpc,,provincial-contest/2020/jscpc-warmup,,
CCPC,2020,6,2020-11-08,Regional,changchun,ccpc2020changchun,ccpc/2020/changchun,,6_CCPC_长春
CCPC,2020,6,2020-11-07,Warmup,changchun,,ccpc/2020/changchun-warmup,,
CCPC,2020,6,2020-11-01,Regional,mianyang,ccpc2020mianyang,ccpc/2020/mianyang,,6_CCPC_绵阳
ICPC,2020,45,2020-10-31,Online,xiaomi2,,icpc/2020/xiaomi-preliminary-contest-2,,
ICPC,2020,45,2020-10-31,Regional,practice,,icpc/2020/practice-contest,,
CCPC,2020,6,2020-10-31,Warmup,mianyang,,ccpc/2020/mianyang-warmup,,
ICPC,2020,45,2020-10-25,Online,xiaomi1,,icpc/2020/xiaomi-preliminary-contest-1,,
CCPC,2020,6,2020-10-25,Regional,weihai,ccpc2020weihai,ccpc/2020/weihai,,6_CCPC_威海
CCPC,2020,6,2020-10-24,Warmup,weihai,,ccpc/2020/weihai-warmup,,
CCPC,2020,6,2020-10-18,Regional,qinhuangdao,ccpc2020qinhuangdao,ccpc/2020/qinhuangdao,,6_CCPC_秦皇岛
CCPC,2020,6,2020-10-18,Girls,wfinal,,ccpc/2020/wfinal,,
Other,2020,17,2020-10-17,Provincial,zjcpc,zjcpc17th,provincial-contest/2020/zjcpc,,
Other,2020,14,2020-10-11,Provincial,necpc,,provincial-contest/2020/necpc,,
Other,2020,14,2020-10-11,Provincial,northeastcpc,northeastcpc14th,,,
ICPC,2019,44,2019-12-15,Final,ecfinal,icpc2019ecfinal,,,44_ICPC_ECFinal
ICPC,2019,44,2019-12-01,Regional,hongkong,,,,44_ICPC_香港
ICPC,2019,44,2019-11-24,Regional,shanghai,icpc2019shanghai,,,44_ICPC_上海
ICPC,2019,44,2019-11-17,Regional,shenyang,icpc2019shenyang,,,44_ICPC_沈阳
CCPC,2019,5,2019-11-17,Final,final,ccpc2019final,,,5_CCPC_总决赛
ICPC,2019,44,2019-11-11,Regional,nanchang,icpc2019nanchang,icpc/2019/nanchang,,44_ICPC_南昌
ICPC,2019,44,2019-11-03,Regional,xuzhou,,,,44_ICPC_徐州
ICPC,2019,44,2019-10-27,Regional,nanjing,icpc2019nanjing,,,44_ICPC_南京
ICPC,2019,44,2019-10-20,Regional,yinchuan,icpc2019yinchuan,icpc/2019/yinchuan,,44_ICPC_银川
CCPC,2019,5,2019-10-20,Regional,xiamen,ccpc2019xiamen,,,5_CCPC_厦门
CCPC,2019,5,2019-10-13,Regional,harbin,ccpc2019harbin,,,5_CCPC_哈尔滨
CCPC,2019,5,2019-09-22,Regional,qinhuangdao,ccpc2019qinhuangdao,,,5_CCPC_秦皇岛
Other,2019,15,2019-08-30,Provincial,hncpc,hncpc15th,,,
Other,2019,,2019-06-02,Provincial,sxcpc,,provincial-contest/2019/sxcpc,,
Other,2019,7,2019-06-02,Provincial,sncpc,sncpc7th,,,
ICPC,2019,44,2019-05-19,Invitational,xian,icpc2019invitational-xi_an,,,
Other,2019,4,2019-05-14,Provincial,jscpc,jscpc4th,provincial-contest/2019/jscpc,,
Other,2019,10,2019-05-02,Provincial,sdcpc,sdcpc10th,provincial-contest/2019/sdcpc,,
ICPC,2018,43,2019-04-04,Final,worldfinals,,icpc/2019/world-finals,,
ICPC,2018,43,2018-12-16,Final,ecfinal,icpc2018ecfinal,,,43_ICPC_ECFinal
ICPC,2018,43,2018-11-25,Regional,jiaozuo,icpc2018jiaozuo,,,43_ICPC_焦作
CCPC,2018,4,2018-11-25,Final,final,ccpc2018final,,,4_CCPC_总决赛
ICPC,2018,43,2018-11-11,Regional,beijing,,,,43_ICPC_北京
ICPC,2018,43,2018-10-28,Regional,xuzhou,icpc2018xuzhou,,,43_ICPC_徐州
CCPC,2018,4,2018-10-28,Regional,guilin,ccpc2018guilin,,,4_CCPC_桂林
ICPC,2018,43,2018-10-21,Regional,qingdao,,icpc/2018/qingdao,,43_ICPC_青岛
ICPC,2018,43,2018-10-21,Regional,shenyang,icpc2018shenyang,,,43_ICPC_沈阳
ICPC,2018,43,2018-10-14,Regional,nanjing,icpc2018nanjing,,,43_ICPC_南京
CCPC,2018,4,2018-09-28,Regional,qinhuangdao,ccpc2018qinhuangdao,,,4_CCPC_秦皇岛
CCPC,2018,4,2018-09-22,Regional,jilin,ccpc2018jilin,,,4_CCPC_吉林
Other,2018,9,2018-06-06,Provincial,sdcpcrejudged,sdcpc9th-rejudged,,,
Other,2018,9,2018-06-06,Provincial,sdcpc,sdcpc9th,,,
CCPC,2018,4,2018-05-13,Invitational,xiangtan,ccpc2018invitational-xiangtan,,,
ICPC,2017,42,2018-04-19,Final,worldfinals,icpc42ndworldfinals,icpc/2018/world-finals,,
ICPC,2017,42,2017-12-17,Final,ecfinal,,,,42_ICPC_ECFinal
ICPC,2017,42,2017-12-03,Regional,urumchi,icpc2017urumchi,,,
ICPC,2017,42,2017-12-03,Regional,urumqi,,,,42_ICPC_乌鲁木齐
ICPC,2017,42,2017-11-26,Regional,nanning,icpc2017nanning,,,42_ICPC_南宁
ICPC,2017,42,2017-11-19,Regional,beijing,icpc2017beijing,,,42_ICPC_北京
ICPC,2017,42,2017-11-19,Regional,hongkong,,,,42_ICPC_香港
CCPC,2017,3,2017-11-05,Regional,hangzhou,ccpc2017hangzhou,,,3_CCPC_杭州
ICPC,2017,42,2017-10-29,Regional,xian,icpc2017xi_an,,,42_ICPC_西安
CCPC,2017,3,2017-10-29,Regional,qinhuangdao,,,,3_CCPC_秦皇岛
ICPC,2017,42,2017-10-22,Regional,neu,,icpc/2017/neu_onsite,,
CCPC,2017,3,2017-10-22,Regional,hrbust,,ccpc/2017/hrbust_onsite,,
ICPC,2017,42,2017-10-22,Regional,shenyang,icpc2017shenyang,,,42_ICPC_沈阳
CCPC,2017,3,2017-10-22,Regional,harbin,ccpc2017harbin,,,3_CCPC_哈尔滨
ICPC,2017,42,2017-09-01,Regional,gxu,,icpc/2017/gxu_onsite,,
ICPC,2017,42,2017-09-01,Regional,pku,,icpc/2017/pku_onsite,,
ICPC,2017,42,2017-09-01,Regional,qingdao,,icpc/2017/qingdao,,42_ICPC_青岛
ICPC,2017,42,2017-09-01,Regional,hrbust,,icpc/2017/hrbust_onsite,,
ICPC,2017,42,2017-09-01,Regional,nwpu,,icpc/2017/nwpu_onsite,,
ICPC,2017,42,2017-09-01,Regional,xju,,icpc/2017/xju_onsite,,
CCPC,2017,3,2017-09-01,Regional,neu,,ccpc/2017/neu_onsite,,
CCPC,2017,3,2017-09-01,Regional,nwpu,,ccpc/2017/nwpu_onsite,,
CCPC,2017,3,2017-09-01,Regional,hdu,,ccpc/2017/hdu_onsite,,
CCPC,2017,3,2017-09-01,Final,final,ccpc2017final,ccpc/2017/final_onsite,,3_CCPC_总决赛
CCPC,2017,3,2017-09-01,Regional,zstu,,ccpc/2017/zstu_onsite,,
Other,2017,8,2017-05-07,Provincial,sdcpc,sdcpc8th,,,
ICPC,2016,41,2016-11-13,Regional,beijing,icpc2016beijing,,,
ICPC,2016,41,2016-11-06,Regional,cuhk,,icpc/2016/cuhk_onsite,,
ICPC,2016,41,2016-11-06,Regional,hongkong,icpc2016hongkong,,,
ICPC,2016,41,2016-10-23,Regional,neu,,icpc/2016/neu_onsite,,
ICPC,2016,41,2016-10-23,Regional,shenyang,icpc2016shenyang,,,
ICPC,2016,41,2016-10-16,Regional,dlmu,,icpc/2016/dlmu_onsite,,
CCPC,2016,2,2016-10-16,Regional,ahu,,ccpc/2016/ahu_onsite,,
CCPC,2016,2,2016-10-16,Regional,hdu,,ccpc/2016/hdu_onsite,,
ICPC,2016,41,2016-10-16,Regional,dalian,icpc2016dalian,,,
CCPC,2016,2,2016-10-16,Regional,hefei,ccpc2016hefei,,,
CCPC,2016,2,2016-10-16,Regional,hangzhou,ccpc2016hangzhou,,,
CCPC,2016,2,2016-09-27,Regional,jlu,,ccpc/2016/jlu_onsite,,
CCPC,2016,2,2016-09-27,Regional,changchun,ccpc2016changchun,,,
ICPC,2016,41,2016-09-18,Online,neuonline,,icpc/2016/neu_online,,
ICPC,2016,41,2016-09-17,Online,upconline,,icpc/2016/upc_online,,
ICPC,2016,41,2016-09-10,Online,dlmuonline,,icpc/2016/dlmu_online,,
ICPC,2016,41,2016-09-01,Regional,pku,,icpc/2016/pku_onsite,,
ICPC,2016,41,2016-09-01,Regional,dlmu2,,icpc/2016/dlmu_onsite2,,
ICPC,2016,41,2016-09-01,Regional,hrbust,,icpc/2016/hrbust_onsite,,
ICPC,2016,41,2016-09-01,Regional,nwpu,,icpc/2016/nwpu_onsite,,
ICPC,2016,41,2016-09-01,Online,cuhkonline,,icpc/2016/cuhk_online,,
ICPC,2016,41,2016-09-01,Regional,shu,,icpc/2016/shu_onsite,,
CCPC,2016,2,2016-09-01,Regional,dlmu,,ccpc/2016/dlmu_onsite,,
CCPC,2016,2,2016-09-01,Regional,cuhk,,ccpc/2016/cuhk_onsite,,
CCPC,2016,2,2016-09-01,Regional,neu,,ccpc/2016/neu_onsite,,
CCPC,2016,2,2016-09-01,Online,cuhkonline,,ccpc/2016/cuhk_online,,
Other,2016,7,2016-06-05,Provincial,sdcpc,sdcpc7th,,,
ICPC,2015,40,2015-12-13,Final,ecfinal,icpc2015ecfinal,icpc/2015/ecfinal,,
ICPC,2015,40,2015-11-22,Regional,ecust,,icpc/2015/ecust_onsite,,
ICPC,2015,40,2015-11-22,Regional,shanghai,icpc2015shanghai,,,
ICPC,2015,40,2015-11-15,Regional,pku,,icpc/2015/pku_onsite,,
ICPC,2015,40,2015-11-15,Regional,beijing,icpc2015beijing,,,
ICPC,2015,40,2015-11-08,Regional,ustc,,icpc/2015/ustc_onsite,,
ICPC,2015,40,2015-11-08,Regional,hefei,icpc2015hefei,,,
ICPC,2015,40,2015-10-25,Regional,neu,,icpc/2015/neu_onsite,,
ICPC,2015,40,2015-10-25,Regional,shenyang,icpc2015shenyang,,,
ICPC,2015,40,2015-10-18,Regional,nenu,,icpc/2015/nenu_onsite,,
CCPC,2015,1,2015-10-18,Regional,nyist,,ccpc/2015/nyist_onsite,,
ICPC,2015,40,2015-10-18,Regional,changchun,icpc2015changchun,,,
CCPC,2015,1,2015-10-18,Regional,nanyang,ccpc2015nanyang,,,
ICPC,2015,40,2015-09-27,Online,ustconline,,icpc/2015/ustc_online,,
ICPC,2015,40,2015-09-26,Online,ecustonline,,icpc/2015/ecust_online,,
ICPC,2015,40,2015-09-20,Online,pkuonline,,icpc/2015/pku_online,,
ICPC,2015,40,2015-09-19,Online,neuonline,,icpc/2015/neu_online,,
ICPC,2015,40,2015-09-13,Online,nenuonline,,icpc/2015/nenu_online,,
Other,2015,6,2015-05-10,Provincial,sdcpc,sdcpc6th,,,
ICPC,2014,39,2014-12-07,Regional,shu,,icpc/2014/shu_onsite,,
ICPC,2014,39,2014-12-07,Regional,shanghai,icpc2014shanghai,,,
ICPC,2014,39,2014-11-23,Regional,scut,,icpc/2014/scut_onsite,,
ICPC,2014,39,2014-11-23,Regional,guangzhou,icpc2014guangzhou,,,
ICPC,2014,39,2014-11-16,Regional,bnu,,icpc/2014/bnu_onsite,,
ICPC,2014,39,2014-11-16,Regional,beijing,icpc2014beijing,,,
ICPC,2014,39,2014-10-26,Regional,nwpu,,icpc/2014/nwpu_onsite,,
ICPC,2014,39,2014-10-26,Regional,xian,icpc2014xi_an,,,
ICPC,2014,39,2014-10-19,Regional,ustl,,icpc/2014/ustl_onsite,,
ICPC,2014,39,2014-10-19,Regional,anshan,icpc2014anshan,,,
ICPC,2014,39,2014-10-12,Regional,mdjnu,,icpc/2014/mdjnu_onsite,,
ICPC,2014,39,2014-10-12,Regional,mudanjiang,icpc2014mudanjiang,,,
ICPC,2014,39,2014-09-27,Online,shuonline,,icpc/2014/shu_online,,
ICPC,2014,39,2014-09-21,Online,bnuonline,,icpc/2014/bnu_online,,
ICPC,2014,39,2014-09-20,Online,scutonline,,icpc/2014/scut_online,,
ICPC,2014,39,2014-09-14,Online,nwpuonline,,icpc/2014/nwpu_online,,
ICPC,2014,39,2014-09-13,Online,ustlonline,,icpc/2014/ustl_online,,
ICPC,2014,39,2014-09-07,Online,mdjnuonline,,icpc/2014/mdjnu_online,,
ICPC,2014,39,2014-09-01,Regional,wpu,,icpc/2014/wpu_onsite,,
Other,2014,5,2014-05-11,Provincial,sdcpc,sdcpc5th,,,
ICPC,2013,38,2013-12-08,Regional,jlu,,icpc/2013/jlu_onsite,,
ICPC,2013,38,2013-12-08,Regional,changchun,icpc2013changchun,,,
ICPC,2013,38,2013-11-17,Regional,hnu,,icpc/2013/hnu_onsite,,
ICPC,2013,38,2013-11-17,Regional,changsha,icpc2013changsha,,,
ICPC,2013,38,2013-11-02,Regional,njust,,icpc/2013/njust_onsite,,
ICPC,2013,38,2013-11-02,Regional,nanjing,icpc2013nanjing,,,
ICPC,2013,38,2013-10-27,Regional,zjut,,icpc/2013/zjut_onsite,,
ICPC,2013,38,2013-10-27,Regional,hangzhou,icpc2013hangzhou,,,
ICPC,2013,38,2013-10-20,Regional,uestc,,icpc/2013/uestc_onsite,,
ICPC,2013,38,2013-10-20,Regional,chengdu,icpc2013chengdu,,,
ICPC,2013,38,2013-09-28,Online,jluonline,,icpc/2013/jlu_online,,
ICPC,2013,38,2013-09-22,Online,hnuonline,,icpc/2013/hnu_online,,
ICPC,2013,38,2013-09-21,Online,njustonline,,icpc/2013/njust_online,,
ICPC,2013,38,2013-09-15,Online,zjutonline,,icpc/2013/zjut_online,,
ICPC,2013,38,2013-09-14,Online,uestconline,,icpc/2013/uestc_online,,
Other,2013,4,2013-06-09,Provincial,sdcpc,sdcpc4th,,,
ICPC,2012,37,2012-11-11,Regional,nsu,,icpc/2012/nsu_onsite,,
ICPC,2012,37,2012-11-11,Regional,chengdu,icpc2012chengdu,,,
ICPC,2012,37,2012-11-04,Regional,zstu,,icpc/2012/zstu_onsite,,
ICPC,2012,37,2012-11-04,Regional,hangzhou,icpc2012hangzhou,,,
ICPC,2012,37,2012-10-28,Regional,zjnu,,icpc/2012/zjnu_onsite,,
ICPC,2012,37,2012-10-28,Regional,jinhua,icpc2012jinhua,,,
ICPC,2012,37,2012-10-21,Regional,tjut,,icpc/2012/tjut_onsite,,
ICPC,2012,37,2012-10-21,Regional,tianjin,icpc2012tianjin,,,
ICPC,2012,37,2012-10-14,Regional,nenu,,icpc/2012/nenu_onsite,,
ICPC,2012,37,2012-10-14,Regional,changchun,icpc2012changchun,,,
ICPC,2012,37,2012-09-23,Online,zstuonline,,icpc/2012/zstu_online,,
ICPC,2012,37,2012-09-22,Online,zjnuonline,,icpc/2012/zjnu_online,,
ICPC,2012,37,2012-09-16,Online,nsuonline,,icpc/2012/nsu_online,,
ICPC,2012,37,2012-09-09,Online,tjutonline,,icpc/2012/tjut_online,,
ICPC,2012,37,2012-09-08,Online,nenuonline,,icpc/2012/nenu_online,,
ICPC,2012,37,2012-09-01,Online,ccniitonline,,icpc/2012/ccniit_online,,
Other,2012,3,2012-05-13,Provincial,sdcpc,sdcpc3rd,,,
ICPC,2011,36,2011-11-20,Regional,fjnu,,icpc/2011/fjnu_onsite,,
ICPC,2011,36,2011-11-20,Regional,fuzhou,icpc2011fuzhou,,,
ICPC,2011,36,2011-11-06,Regional,ccniit,,icpc/2011/ccniit_onsite,,
ICPC,2011,36,2011-11-06,Regional,chengdu,icpc2011chengdu,,,
ICPC,2011,36,2011-10-23,Regional,bupt,,icpc/2011/bupt_onsite,,
ICPC,2011,36,2011-10-23,Regional,beijing,icpc2011beijing,,,
ICPC,2011,36,2011-10-16,Regional,fdu,,icpc/2011/fdu_onsite,,
ICPC,2011,36,2011-10-16,Regional,shanghai,icpc2011shanghai,,,
ICPC,2011,36,2011-10-07,Online,fjnuonline,,icpc/2011/fjnu_online,,
ICPC,2011,36,2011-09-25,Regional,dlut,,icpc/2011/dlut_onsite,,
ICPC,2011,36,2011-09-25,Regional,dalian,icpc2011dalian,,,
ICPC,2011,36,2011-09-18,Online,buptonline,,icpc/2011/bupt_online,,
ICPC,2011,36,2011-09-11,Online,ccniitonline,,icpc/2011/ccniit_online,,
ICPC,2011,36,2011-09-10,Online,fduonline,,icpc/2011/fdu_online,,
ICPC,2011,36,2011-09-03,Online,dlutonline,,icpc/2011/dlut_online,,
ICPC,2011,36,2011-09-01,Regional,fdu0,,icpc/2011/fdu_onsite0,,
ICPC,2011,36,2011-09-01,Regional,dlut2,,icpc/2011/dlut_onsite2,,
ICPC,2011,36,2011-09-01,Regional,ccniit000,,icpc/2011/ccniit_onsite000,,
ICPC,2010,35,2010-11-21,Regional,fzu,,icpc/2010/fzu_onsite,,
ICPC,2010,35,2010-11-21,Regional,fuzhou,icpc2010fuzhou,,,
ICPC,2010,35,2010-11-07,Regional,scu,,icpc/2010/scu_onsite,,
ICPC,2010,35,2010-11-07,Regional,chengdu,icpc2010chengdu,,,
ICPC,2010,35,2010-10-24,Regional,zstu,,icpc/2010/zstu_onsite,,
ICPC,2010,35,2010-10-24,Regional,hangzhou,icpc2010hangzhou,,,
ICPC,2010,35,2010-10-17,Regional,tju,,icpc/2010/tju_onsite,,
ICPC,2010,35,2010-10-17,Regional,tianjin,icpc2010tianjin,,,
ICPC,2010,35,2010-10-10,Online,fzuonline,,icpc/2010/fzu_online,,
ICPC,2010,35,2010-09-26,Regional,hrbeu,,icpc/2010/hrbeu_onsite,,
ICPC,2010,35,2010-09-26,Regional,harbin,icpc2010harbin,,,
ICPC,2010,35,2010-09-19,Online,zstuonline,,icpc/2010/zstu_online,,
ICPC,2010,35,2010-09-18,Online,scuonline,,icpc/2010/scu_online,,
ICPC,2010,35,2010-09-12,Online,tjuonline,,icpc/2010/tju_online,,
ICPC,2010,35,2010-09-11,Online,hrbeuonline,,icpc/2010/hrbeu_online,,
ICPC,2009,34,2009-09-11,Regional,whu,,icpc/2009/whu_onsite,,
ICPC,2009,34,2009-09-11,Online,whuonline,,icpc/2009/whu_online,,
ICPC,2009,34,2009-09-11,Online,ustconline,,icpc/2009/ustc_online,,
ICPC,2009,34,2009-09-11,Online,dhuonline,,icpc/2009/dhu_online,,
ICPC,2009,34,2009-09-11,Online,hitonline,,icpc/2009/hit_online,,
ICPC,2009,34,2009-09-11,Online,nitonline,,icpc/2009/nit_online,,
ICPC,2009,34,2009-09-11,Regional,wuhan,icpc2009wuhan,,,
CCPC,2017,3,,Regional,shenyang,ccpc2017shenyang,,,
CCPC,2017,3,,Regional,xian,ccpc2017xi_an,,,
CCPC,2017,3,,Regional,qingdao,ccpc2017qingdao,,,
ICPC,2016,41,,Regional,harbin,icpc2016harbin,,,
ICPC,2016,41,,Regional,xian,icpc2016xi_an,,,
ICPC,2016,41,,Regional,shanghai,icpc2016shanghai,,,
CCPC,2016,2,,Regional,hongkong,ccpc2016hongkong,,,
CCPC,2016,2,,Regional,shenyang,ccpc2016shenyang,,,
